"","hhid","cr_surveyed","af_surveyed","sample_purposely","loc_Camp","loc_Host","loc_ITS","gov_Amman","gov_Irbid","gov_Jerash","gov_Mafraq","gov_Zarqa","Azraq","Zaatari","gov_Gaza","cr_female_CLEAN","cr_baseline_age_CLEAN","age_corrected","cr_nationality","af_nationality","af_baseline_role"
"1",113521004,1,1,0,1,0,0,0,0,0,0,0,1,0,0,0,12,0,2,2,1
"2",113521007,1,1,0,1,0,0,0,0,0,0,0,1,0,0,0,11,0,2,2,1
"3",113521014,1,1,0,1,0,0,0,0,0,0,0,1,0,0,0,11,0,2,2,1
"4",113521017,1,1,0,1,0,0,0,0,0,0,0,1,0,0,0,11,0,2,2,1
"5",113521022,1,1,0,1,0,0,0,0,0,0,0,1,0,0,0,10,0,2,2,1
"6",113521030,1,1,0,1,0,0,0,0,0,0,0,1,0,0,0,12,0,2,2,1
"7",113521033,1,1,0,1,0,0,0,0,0,0,0,1,0,0,0,11,0,2,2,1
"8",113521036,1,1,0,1,0,0,0,0,0,0,0,1,0,0,0,12,0,2,2,2
"9",113521037,1,1,0,1,0,0,0,0,0,0,0,1,0,0,0,12,0,2,2,2
"10",113521042,1,1,0,1,0,0,0,0,0,0,0,1,0,0,0,10,0,2,2,1
"11",113521046,1,1,0,1,0,0,0,0,0,0,0,1,0,0,0,11,0,2,2,1
"12",113521059,1,1,0,1,0,0,0,0,0,0,0,1,0,0,0,10,0,2,2,1
"13",113521073,1,1,0,1,0,0,0,0,0,0,0,1,0,0,0,12,0,2,2,1
"14",113521075,1,1,0,1,0,0,0,0,0,0,0,1,0,0,0,10,0,2,2,1
"15",113521076,1,1,0,1,0,0,0,0,0,0,0,1,0,0,0,11,0,2,2,1
"16",113521081,1,1,0,1,0,0,0,0,0,0,0,1,0,0,0,10,0,2,2,1
"17",113521091,1,1,0,1,0,0,0,0,0,0,0,1,0,0,0,12,0,2,2,1
"18",113521101,1,1,0,1,0,0,0,0,0,0,0,1,0,0,0,13,0,2,2,1
"19",113521107,1,1,0,1,0,0,0,0,0,0,0,1,0,0,0,10,0,2,2,1
"20",113521118,1,1,0,1,0,0,0,0,0,0,0,1,0,0,0,12,0,2,2,1
"21",113521130,1,1,0,1,0,0,0,0,0,0,0,1,0,0,0,10,0,2,2,1
"22",113521139,1,1,0,1,0,0,0,0,0,0,0,1,0,0,0,12,0,2,2,1
"23",113521160,1,1,0,1,0,0,0,0,0,0,0,1,0,0,0,10,0,2,2,1
"24",113521190,1,1,0,1,0,0,0,0,0,0,0,1,0,0,0,10,0,2,2,1
"25",113522009,1,1,0,1,0,0,0,0,0,0,0,1,0,0,1,10,0,2,2,1
"26",113522015,1,1,0,1,0,0,0,0,0,0,0,1,0,0,1,10,0,2,2,1
"27",113522031,1,1,0,1,0,0,0,0,0,0,0,1,0,0,1,10,0,2,2,1
"28",113522035,1,1,0,1,0,0,0,0,0,0,0,1,0,0,1,10,0,2,2,1
"29",113522037,1,0,0,1,0,0,0,0,0,0,0,1,0,0,1,12,0,2,NA,NA
"30",113522052,1,1,0,1,0,0,0,0,0,0,0,1,0,0,1,11,0,2,2,1
"31",113522070,1,1,0,1,0,0,0,0,0,0,0,1,0,0,1,11,0,2,2,1
"32",113522085,1,1,0,1,0,0,0,0,0,0,0,1,0,0,1,11,0,2,2,1
"33",113522120,1,1,0,1,0,0,0,0,0,0,0,1,0,0,1,10,0,2,2,1
"34",113522127,1,1,0,1,0,0,0,0,0,0,0,1,0,0,1,12,0,2,2,1
"35",113522134,1,1,0,1,0,0,0,0,0,0,0,1,0,0,1,10,0,2,2,1
"36",113522162,1,1,0,1,0,0,0,0,0,0,0,1,0,0,1,13,0,2,2,1
"37",113522166,1,1,0,1,0,0,0,0,0,0,0,1,0,0,1,10,0,2,2,1
"38",113522173,1,1,0,1,0,0,0,0,0,0,0,1,0,0,1,12,0,2,2,1
"39",113522178,1,1,0,1,0,0,0,0,0,0,0,1,0,0,1,11,0,2,2,1
"40",113522201,1,1,0,1,0,0,0,0,0,0,0,1,0,0,1,13,0,2,2,1
"41",113522263,1,1,0,1,0,0,0,0,0,0,0,1,0,0,1,12,0,2,2,1
"42",113523012,1,1,0,1,0,0,0,0,0,0,0,1,0,0,0,17,0,2,2,1
"43",113523021,1,1,0,1,0,0,0,0,0,0,0,1,0,0,0,17,0,2,2,1
"44",113523024,1,1,0,1,0,0,0,0,0,0,0,1,0,0,0,16,0,2,2,1
"45",113523026,1,1,0,1,0,0,0,0,0,0,0,1,0,0,0,15,0,2,2,1
"46",113523040,1,1,0,1,0,0,0,0,0,0,0,1,0,0,0,16,0,2,2,1
"47",113523043,1,1,0,1,0,0,0,0,0,0,0,1,0,0,0,16,0,2,2,1
"48",113523048,1,1,0,1,0,0,0,0,0,0,0,1,0,0,0,15,0,2,2,1
"49",113523051,1,1,0,1,0,0,0,0,0,0,0,1,0,0,0,16,0,2,2,1
"50",113523078,1,1,0,1,0,0,0,0,0,0,0,1,0,0,0,15,0,2,2,1
"51",113524006,1,1,0,1,0,0,0,0,0,0,0,1,0,0,0,17,1,2,2,1
"52",113524010,1,1,0,1,0,0,0,0,0,0,0,1,0,0,1,15,0,2,2,1
"53",113524033,1,1,0,1,0,0,0,0,0,0,0,1,0,0,1,15,0,2,2,1
"54",113524034,1,1,0,1,0,0,0,0,0,0,0,1,0,0,1,17,0,2,2,1
"55",113531008,1,0,0,1,0,0,0,0,0,0,0,1,0,0,0,13,0,2,NA,NA
"56",113531019,1,1,0,1,0,0,0,0,0,0,0,1,0,0,0,11,0,2,2,1
"57",113531023,1,1,0,1,0,0,0,0,0,0,0,1,0,0,0,13,0,2,2,1
"58",113531026,1,1,0,1,0,0,0,0,0,0,0,1,0,0,0,12,0,2,2,1
"59",113531031,1,1,0,1,0,0,0,0,0,0,0,1,0,0,0,12,0,2,2,2
"60",113531032,1,1,0,1,0,0,0,0,0,0,0,1,0,0,0,11,0,2,2,1
"61",113531051,1,0,0,1,0,0,0,0,0,0,0,1,0,0,0,10,0,2,NA,NA
"62",113531052,1,1,0,1,0,0,0,0,0,0,0,1,0,0,0,12,0,2,2,1
"63",113531053,1,1,0,1,0,0,0,0,0,0,0,1,0,0,0,11,0,2,2,1
"64",113531056,1,1,0,1,0,0,0,0,0,0,0,1,0,0,0,10,0,2,2,1
"65",113531060,1,1,0,1,0,0,0,0,0,0,0,1,0,0,0,10,0,2,2,1
"66",113531066,1,1,0,1,0,0,0,0,0,0,0,1,0,0,0,10,0,2,2,1
"67",113531071,1,1,0,1,0,0,0,0,0,0,0,1,0,0,0,10,0,2,2,1
"68",113531072,1,1,0,1,0,0,0,0,0,0,0,1,0,0,0,10,0,2,2,1
"69",113531080,1,1,0,1,0,0,0,0,0,0,0,1,0,0,0,11,0,2,2,3
"70",113531084,1,1,0,1,0,0,0,0,0,0,0,1,0,0,0,13,0,2,2,2
"71",113531090,1,1,0,1,0,0,0,0,0,0,0,1,0,0,0,11,0,2,2,1
"72",113531103,1,1,0,1,0,0,0,0,0,0,0,1,0,0,0,12,0,2,2,3
"73",113531109,1,1,0,1,0,0,0,0,0,0,0,1,0,0,0,11,0,2,2,1
"74",113531113,1,1,0,1,0,0,0,0,0,0,0,1,0,0,0,11,0,2,2,1
"75",113531115,1,0,0,1,0,0,0,0,0,0,0,1,0,0,0,10,0,2,NA,NA
"76",113531124,1,1,0,1,0,0,0,0,0,0,0,1,0,0,0,11,0,2,2,1
"77",113531131,1,1,0,1,0,0,0,0,0,0,0,1,0,0,0,11,0,2,2,1
"78",113531135,1,0,0,1,0,0,0,0,0,0,0,1,0,0,0,9,1,2,NA,NA
"79",113531158,1,1,0,1,0,0,0,0,0,0,0,1,0,0,0,12,0,2,2,1
"80",113531161,1,1,0,1,0,0,0,0,0,0,0,1,0,0,0,11,0,2,2,1
"81",113531165,1,1,0,1,0,0,0,0,0,0,0,1,0,0,0,12,0,2,2,3
"82",113531166,1,1,0,1,0,0,0,0,0,0,0,1,0,0,0,11,0,2,2,1
"83",113531175,1,1,0,1,0,0,0,0,0,0,0,1,0,0,0,11,0,2,2,1
"84",113531176,1,0,0,1,0,0,0,0,0,0,0,1,0,0,0,10,0,2,NA,NA
"85",113532008,1,1,0,1,0,0,0,0,0,0,0,1,0,0,1,12,0,2,2,1
"86",113532011,1,0,0,1,0,0,0,0,0,0,0,1,0,0,1,12,0,2,NA,NA
"87",113532020,1,1,0,1,0,0,0,0,0,0,0,1,0,0,1,12,0,2,2,1
"88",113532021,1,1,0,1,0,0,0,0,0,0,0,1,0,0,1,12,0,2,2,1
"89",113532026,1,1,0,1,0,0,0,0,0,0,0,1,0,0,1,11,0,2,2,1
"90",113532029,1,1,0,1,0,0,0,0,0,0,0,1,0,0,1,10,0,2,2,3
"91",113532030,1,1,0,1,0,0,0,0,0,0,0,1,0,0,1,11,0,2,2,1
"92",113532044,1,1,0,1,0,0,0,0,0,0,0,1,0,0,1,10,0,2,2,1
"93",113532054,1,1,0,1,0,0,0,0,0,0,0,1,0,0,1,11,0,2,2,1
"94",113532058,1,1,0,1,0,0,0,0,0,0,0,1,0,0,1,12,0,2,2,1
"95",113532068,1,1,0,1,0,0,0,0,0,0,0,1,0,0,1,11,0,2,2,1
"96",113532071,1,1,0,1,0,0,0,0,0,0,0,1,0,0,1,12,0,2,2,1
"97",113532076,1,1,0,1,0,0,0,0,0,0,0,1,0,0,1,11,0,2,2,1
"98",113532082,1,1,0,1,0,0,0,0,0,0,0,1,0,0,1,11,0,2,2,1
"99",113532087,1,1,0,1,0,0,0,0,0,0,0,1,0,0,1,11,0,2,2,1
"100",113532088,1,1,0,1,0,0,0,0,0,0,0,1,0,0,1,11,0,2,2,1
"101",113532090,1,0,0,1,0,0,0,0,0,0,0,1,0,0,1,10,0,2,NA,NA
"102",113532095,1,1,0,1,0,0,0,0,0,0,0,1,0,0,1,10,0,2,2,1
"103",113532109,1,1,0,1,0,0,0,0,0,0,0,1,0,0,1,12,0,2,2,1
"104",113532117,1,1,0,1,0,0,0,0,0,0,0,1,0,0,1,10,0,2,2,1
"105",113532125,1,1,0,1,0,0,0,0,0,0,0,1,0,0,1,10,0,2,2,1
"106",113532131,1,1,0,1,0,0,0,0,0,0,0,1,0,0,1,12,0,2,2,1
"107",113532164,1,1,0,1,0,0,0,0,0,0,0,1,0,0,1,12,0,2,2,1
"108",113532170,1,0,0,1,0,0,0,0,0,0,0,1,0,0,1,11,0,2,NA,NA
"109",113532176,1,1,0,1,0,0,0,0,0,0,0,1,0,0,1,11,0,2,2,1
"110",113532183,1,1,0,1,0,0,0,0,0,0,0,1,0,0,1,13,0,2,2,1
"111",113532185,1,1,0,1,0,0,0,0,0,0,0,1,0,0,1,11,1,2,2,1
"112",113532194,1,1,0,1,0,0,0,0,0,0,0,1,0,0,1,13,0,2,2,1
"113",113532206,1,1,0,1,0,0,0,0,0,0,0,1,0,0,1,12,0,2,2,1
"114",113532207,1,1,0,1,0,0,0,0,0,0,0,1,0,0,1,12,0,2,2,1
"115",113532211,1,0,0,1,0,0,0,0,0,0,0,1,0,0,1,11,0,2,NA,NA
"116",113532215,1,1,0,1,0,0,0,0,0,0,0,1,0,0,1,11,0,2,2,1
"117",113532216,1,1,0,1,0,0,0,0,0,0,0,1,0,0,1,12,0,2,2,1
"118",113532222,1,1,0,1,0,0,0,0,0,0,0,1,0,0,1,11,0,2,2,1
"119",113532224,1,1,0,1,0,0,0,0,0,0,0,1,0,0,1,11,0,2,2,1
"120",113532225,1,1,0,1,0,0,0,0,0,0,0,1,0,0,1,11,0,2,2,1
"121",113532238,1,1,0,1,0,0,0,0,0,0,0,1,0,0,1,11,0,2,2,1
"122",113532245,1,1,0,1,0,0,0,0,0,0,0,1,0,0,1,13,0,2,2,1
"123",113533001,1,1,0,1,0,0,0,0,0,0,0,1,0,0,0,16,0,2,2,1
"124",113533005,1,1,0,1,0,0,0,0,0,0,0,1,0,0,0,15,0,2,2,1
"125",113533014,1,1,0,1,0,0,0,0,0,0,0,1,0,0,0,16,0,2,2,1
"126",113533041,1,1,0,1,0,0,0,0,0,0,0,1,0,0,0,15,0,2,2,1
"127",113533055,1,1,0,1,0,0,0,0,0,0,0,1,0,0,0,15,0,2,2,1
"128",113533060,1,1,0,1,0,0,0,0,0,0,0,1,0,0,0,16,0,2,2,1
"129",113533072,1,1,0,1,0,0,0,0,0,0,0,1,0,0,0,16,0,2,2,1
"130",113533077,1,1,0,1,0,0,0,0,0,0,0,1,0,0,0,15,0,2,2,1
"131",113533079,1,1,0,1,0,0,0,0,0,0,0,1,0,0,0,15,0,2,2,1
"132",113533080,1,1,0,1,0,0,0,0,0,0,0,1,0,0,0,16,0,2,2,1
"133",113534002,1,1,0,1,0,0,0,0,0,0,0,1,0,0,1,17,0,2,2,1
"134",113534009,1,1,0,1,0,0,0,0,0,0,0,1,0,0,1,15,0,2,2,1
"135",113534012,1,1,0,1,0,0,0,0,0,0,0,1,0,0,1,17,0,2,2,1
"136",113534029,1,1,0,1,0,0,0,0,0,0,0,1,0,0,1,17,0,2,2,1
"137",113535037,1,1,0,1,0,0,0,0,0,0,0,1,0,0,0,12,0,2,2,1
"138",113541024,1,1,0,1,0,0,0,0,0,0,0,1,0,0,0,12,0,2,2,1
"139",113541028,1,1,0,1,0,0,0,0,0,0,0,1,0,0,0,11,0,2,2,1
"140",113541041,1,1,0,1,0,0,0,0,0,0,0,1,0,0,0,11,0,2,2,1
"141",113541043,1,1,0,1,0,0,0,0,0,0,0,1,0,0,0,11,0,2,2,1
"142",113541044,1,1,0,1,0,0,0,0,0,0,0,1,0,0,0,11,0,2,2,1
"143",113541050,1,1,0,1,0,0,0,0,0,0,0,1,0,0,0,12,0,2,2,1
"144",113541065,1,1,0,1,0,0,0,0,0,0,0,1,0,0,0,11,0,2,2,1
"145",113541068,1,1,0,1,0,0,0,0,0,0,0,1,0,0,0,10,0,2,2,1
"146",113541074,1,1,0,1,0,0,0,0,0,0,0,1,0,0,0,10,0,2,2,1
"147",113541079,1,1,0,1,0,0,0,0,0,0,0,1,0,0,0,11,0,2,2,1
"148",113541082,1,1,0,1,0,0,0,0,0,0,0,1,0,0,0,13,0,2,2,1
"149",113541089,1,1,0,1,0,0,0,0,0,0,0,1,0,0,0,12,0,2,2,1
"150",113541092,1,1,0,1,0,0,0,0,0,0,0,1,0,0,0,10,0,2,2,1
"151",113541105,1,1,0,1,0,0,0,0,0,0,0,1,0,0,0,10,0,2,2,1
"152",113541112,1,1,0,1,0,0,0,0,0,0,0,1,0,0,0,11,0,2,2,1
"153",113541116,1,1,0,1,0,0,0,0,0,0,0,1,0,0,0,10,0,2,2,1
"154",113541117,1,0,0,1,0,0,0,0,0,0,0,1,0,0,0,11,0,2,NA,NA
"155",113541121,1,1,0,1,0,0,0,0,0,0,0,1,0,0,0,12,0,2,2,1
"156",113541127,1,1,0,1,0,0,0,0,0,0,0,1,0,0,0,11,0,2,2,1
"157",113541140,1,1,0,1,0,0,0,0,0,0,0,1,0,0,0,12,0,2,2,1
"158",113541142,1,1,0,1,0,0,0,0,0,0,0,1,0,0,0,13,0,2,2,1
"159",113541150,1,1,0,1,0,0,0,0,0,0,0,1,0,0,0,10,0,2,2,1
"160",113541179,1,1,0,1,0,0,0,0,0,0,0,1,0,0,0,10,0,2,2,1
"161",113541186,1,1,0,1,0,0,0,0,0,0,0,1,0,0,0,12,1,2,2,1
"162",113542010,1,1,0,1,0,0,0,0,0,0,0,1,0,0,1,12,1,2,2,1
"163",113542017,1,1,0,1,0,0,0,0,0,0,0,1,0,0,1,12,0,2,2,1
"164",113542018,1,1,0,1,0,0,0,0,0,0,0,1,0,0,1,11,0,2,2,1
"165",113542028,1,1,0,1,0,0,0,0,0,0,0,1,0,0,1,12,0,2,2,1
"166",113542032,1,1,0,1,0,0,0,0,0,0,0,1,0,0,1,11,0,2,2,1
"167",113542036,1,1,0,1,0,0,0,0,0,0,0,1,0,0,1,12,0,2,2,1
"168",113542039,1,1,0,1,0,0,0,0,0,0,0,1,0,0,1,10,0,2,2,1
"169",113542040,1,1,0,1,0,0,0,0,0,0,0,1,0,0,1,12,0,2,2,1
"170",113542042,1,1,0,1,0,0,0,0,0,0,0,1,0,0,1,10,0,2,2,1
"171",113542048,1,1,0,1,0,0,0,0,0,0,0,1,0,0,1,11,0,2,2,1
"172",113542050,1,1,0,1,0,0,0,0,0,0,0,1,0,0,1,11,0,2,2,1
"173",113542056,1,1,0,1,0,0,0,0,0,0,0,1,0,0,1,12,0,2,2,1
"174",113542060,1,1,0,1,0,0,0,0,0,0,0,1,0,0,1,11,0,2,2,1
"175",113542063,1,1,0,1,0,0,0,0,0,0,0,1,0,0,1,10,0,2,2,1
"176",113542074,1,1,0,1,0,0,0,0,0,0,0,1,0,0,1,11,0,2,2,1
"177",113542075,1,0,0,1,0,0,0,0,0,0,0,1,0,0,1,11,0,2,NA,NA
"178",113542078,1,1,0,1,0,0,0,0,0,0,0,1,0,0,1,12,0,2,2,1
"179",113542079,1,1,0,1,0,0,0,0,0,0,0,1,0,0,1,12,0,2,2,1
"180",113542081,1,1,0,1,0,0,0,0,0,0,0,1,0,0,1,11,0,2,2,3
"181",113542084,1,1,0,1,0,0,0,0,0,0,0,1,0,0,1,11,0,2,2,1
"182",113542086,1,1,0,1,0,0,0,0,0,0,0,1,0,0,1,12,0,2,2,1
"183",113542091,1,1,0,1,0,0,0,0,0,0,0,1,0,0,1,11,0,2,2,1
"184",113542092,1,1,0,1,0,0,0,0,0,0,0,1,0,0,1,10,0,2,2,1
"185",113542093,1,1,0,1,0,0,0,0,0,0,0,1,0,0,1,12,0,2,2,1
"186",113542099,1,1,0,1,0,0,0,0,0,0,0,1,0,0,1,11,0,2,2,1
"187",113542100,1,1,0,1,0,0,0,0,0,0,0,1,0,0,1,11,0,2,2,1
"188",113542102,1,1,0,1,0,0,0,0,0,0,0,1,0,0,1,12,0,2,2,1
"189",113542103,1,1,0,1,0,0,0,0,0,0,0,1,0,0,1,12,0,2,2,1
"190",113542104,1,1,0,1,0,0,0,0,0,0,0,1,0,0,1,11,0,2,2,1
"191",113542108,1,1,0,1,0,0,0,0,0,0,0,1,0,0,1,10,0,2,2,1
"192",113542111,1,1,0,1,0,0,0,0,0,0,0,1,0,0,1,11,0,2,2,1
"193",113542116,1,1,0,1,0,0,0,0,0,0,0,1,0,0,1,11,0,2,2,1
"194",113542122,1,1,0,1,0,0,0,0,0,0,0,1,0,0,1,10,0,2,2,1
"195",113542128,1,1,0,1,0,0,0,0,0,0,0,1,0,0,1,9,1,2,2,1
"196",113542129,1,1,0,1,0,0,0,0,0,0,0,1,0,0,1,10,0,2,2,1
"197",113542132,1,1,0,1,0,0,0,0,0,0,0,1,0,0,1,10,0,2,2,3
"198",113542135,1,1,0,1,0,0,0,0,0,0,0,1,0,0,1,11,0,2,2,1
"199",113542139,1,1,0,1,0,0,0,0,0,0,0,1,0,0,1,12,0,2,2,1
"200",113542172,1,1,0,1,0,0,0,0,0,0,0,1,0,0,1,11,0,2,2,1
"201",113542177,1,1,0,1,0,0,0,0,0,0,0,1,0,0,1,12,0,2,2,1
"202",113542187,1,1,0,1,0,0,0,0,0,0,0,1,0,0,1,13,0,2,2,2
"203",113542188,1,1,0,1,0,0,0,0,0,0,0,1,0,0,1,11,0,2,2,1
"204",113542190,1,1,0,1,0,0,0,0,0,0,0,1,0,0,1,12,0,2,2,1
"205",113542197,1,1,0,1,0,0,0,0,0,0,0,1,0,0,1,12,0,2,2,1
"206",113542200,1,1,0,1,0,0,0,0,0,0,0,1,0,0,1,10,0,2,2,1
"207",113542205,1,1,0,1,0,0,0,0,0,0,0,1,0,0,1,12,0,2,2,1
"208",113542208,1,1,0,1,0,0,0,0,0,0,0,1,0,0,1,12,0,2,2,1
"209",113542209,1,1,0,1,0,0,0,0,0,0,0,1,0,0,1,12,0,2,2,1
"210",113542214,1,1,0,1,0,0,0,0,0,0,0,1,0,0,1,10,0,2,2,1
"211",113542221,1,1,0,1,0,0,0,0,0,0,0,1,0,0,1,12,0,2,2,1
"212",113542237,1,1,0,1,0,0,0,0,0,0,0,1,0,0,1,11,0,2,2,1
"213",113542244,1,1,0,1,0,0,0,0,0,0,0,1,0,0,1,12,0,2,2,1
"214",113542255,1,1,0,1,0,0,0,0,0,0,0,1,0,0,1,11,0,2,2,1
"215",113543002,1,1,0,1,0,0,0,0,0,0,0,1,0,0,0,17,0,2,2,1
"216",113543009,1,1,0,1,0,0,0,0,0,0,0,1,0,0,0,16,0,2,2,3
"217",113543023,1,1,0,1,0,0,0,0,0,0,0,1,0,0,0,16,0,2,2,1
"218",113543027,1,0,0,1,0,0,0,0,0,0,0,1,0,0,0,16,0,2,NA,NA
"219",113543030,1,1,0,1,0,0,0,0,0,0,0,1,0,0,0,15,0,2,2,1
"220",113543031,1,1,0,1,0,0,0,0,0,0,0,1,0,0,0,11,0,2,2,1
"221",113543032,1,1,0,1,0,0,0,0,0,0,0,1,0,0,0,16,0,2,2,1
"222",113543035,1,1,0,1,0,0,0,0,0,0,0,1,0,0,0,15,0,2,2,1
"223",113543045,1,1,0,1,0,0,0,0,0,0,0,1,0,0,0,16,0,2,2,1
"224",113543050,1,1,0,1,0,0,0,0,0,0,0,1,0,0,0,15,0,2,2,1
"225",113543058,1,1,0,1,0,0,0,0,0,0,0,1,0,0,0,15,0,2,2,1
"226",113543061,0,1,0,1,0,0,0,0,0,0,0,1,0,0,0,17,0,NA,2,1
"227",113544001,1,1,0,1,0,0,0,0,0,0,0,1,0,0,1,12,1,2,2,1
"228",113544003,1,1,0,1,0,0,0,0,0,0,0,1,0,0,1,15,0,2,2,1
"229",113544007,1,1,0,1,0,0,0,0,0,0,0,1,0,0,1,16,0,2,2,1
"230",113544022,1,1,0,1,0,0,0,0,0,0,0,1,0,0,1,15,0,2,2,1
"231",113544027,1,1,0,1,0,0,0,0,0,0,0,1,0,0,1,16,0,2,2,1
"232",113544030,1,1,0,1,0,0,0,0,0,0,0,1,0,0,1,16,0,2,2,1
"233",113545039,1,1,0,1,0,0,0,0,0,0,0,1,0,0,0,11,0,2,2,3
"234",113546004,1,1,0,1,0,0,0,0,0,0,0,1,0,0,0,17,0,2,2,1
"235",113671205,1,1,0,1,0,0,0,0,0,0,0,1,0,0,0,13,0,2,2,1
"236",113672209,1,1,0,1,0,0,0,0,0,0,0,1,0,0,1,12,0,2,2,3
"237",113672245,1,1,0,1,0,0,0,0,0,0,0,1,0,0,1,12,0,2,2,1
"238",113672258,1,1,0,1,0,0,0,0,0,0,0,1,0,0,1,10,1,2,2,1
"239",114551052,1,1,0,1,0,0,0,0,0,0,0,0,1,0,0,12,0,2,2,1
"240",114551062,1,1,0,1,0,0,0,0,0,0,0,0,1,0,0,12,0,2,2,1
"241",114551079,1,1,0,1,0,0,0,0,0,0,0,0,1,0,0,13,0,2,2,1
"242",114551120,1,1,0,1,0,0,0,0,0,0,0,0,1,0,0,12,0,2,2,1
"243",114551125,1,1,0,1,0,0,0,0,0,0,0,0,1,0,0,13,0,2,2,1
"244",114551131,1,1,0,1,0,0,0,0,0,0,0,0,1,0,0,12,0,2,2,1
"245",114551150,1,1,0,1,0,0,0,0,0,0,0,0,1,0,0,11,0,2,2,1
"246",114552011,1,1,0,1,0,0,0,0,0,0,0,0,1,0,1,11,0,2,2,1
"247",114552062,1,1,0,1,0,0,0,0,0,0,0,0,1,0,1,12,0,2,2,1
"248",114552074,1,1,0,1,0,0,0,0,0,0,0,0,1,0,1,11,0,2,2,1
"249",114553007,1,1,0,1,0,0,0,0,0,0,0,0,1,0,0,15,1,2,2,1
"250",114553043,1,1,0,1,0,0,0,0,0,0,0,0,1,0,0,15,0,2,2,1
"251",114553050,1,1,0,1,0,0,0,0,0,0,0,0,1,0,0,16,0,2,2,1
"252",114553081,1,1,0,1,0,0,0,0,0,0,0,0,1,0,0,15,0,2,2,1
"253",114553090,1,1,0,1,0,0,0,0,0,0,0,0,1,0,0,13,0,2,2,1
"254",114553137,1,1,0,1,0,0,0,0,0,0,0,0,1,0,0,17,0,2,2,1
"255",114553165,1,1,0,1,0,0,0,0,0,0,0,0,1,0,0,17,0,2,2,1
"256",114553177,1,1,0,1,0,0,0,0,0,0,0,0,1,0,0,16,0,2,2,1
"257",114561018,0,1,0,1,0,0,0,0,0,0,0,0,1,0,0,12,0,NA,2,1
"258",114561029,1,1,0,1,0,0,0,0,0,0,0,0,1,0,0,12,0,2,2,3
"259",114561038,1,1,0,1,0,0,0,0,0,0,0,0,1,0,0,13,0,2,2,2
"260",114561095,1,1,0,1,0,0,0,0,0,0,0,0,1,0,0,11,0,2,2,1
"261",114562051,1,1,0,1,0,0,0,0,0,0,0,0,1,0,1,12,0,2,2,1
"262",114563052,1,1,0,1,0,0,0,0,0,0,0,0,1,0,0,16,0,2,2,2
"263",114563104,1,1,0,1,0,0,0,0,0,0,0,0,1,0,0,16,0,2,2,1
"264",114563135,1,1,0,1,0,0,0,0,0,0,0,0,1,0,0,16,0,2,2,1
"265",114563142,1,1,0,1,0,0,0,0,0,0,0,0,1,0,0,16,0,2,2,1
"266",114563182,1,1,0,1,0,0,0,0,0,0,0,0,1,0,0,15,0,2,2,1
"267",114564008,1,1,0,1,0,0,0,0,0,0,0,0,1,0,1,16,0,2,2,1
"268",114564016,1,1,0,1,0,0,0,0,0,0,0,0,1,0,1,17,0,2,2,1
"269",114564089,1,1,0,1,0,0,0,0,0,0,0,0,1,0,1,16,0,2,2,1
"270",114565024,1,1,0,1,0,0,0,0,0,0,0,0,1,0,0,11,0,2,2,1
"271",114566010,1,1,0,1,0,0,0,0,0,0,0,0,1,0,1,16,0,2,2,1
"272",114571003,1,1,0,1,0,0,0,0,0,0,0,0,1,0,0,12,0,2,2,1
"273",114571012,1,1,0,1,0,0,0,0,0,0,0,0,1,0,0,10,0,2,2,1
"274",114571017,1,1,0,1,0,0,0,0,0,0,0,0,1,0,0,10,0,2,2,1
"275",114571036,1,1,0,1,0,0,0,0,0,0,0,0,1,0,0,10,0,2,2,1
"276",114571088,1,1,0,1,0,0,0,0,0,0,0,0,1,0,0,12,0,2,2,1
"277",114571118,1,1,0,1,0,0,0,0,0,0,0,0,1,0,1,13,1,2,2,1
"278",114571139,1,1,0,1,0,0,0,0,0,0,0,0,1,0,0,12,0,2,2,1
"279",114572010,1,1,0,1,0,0,0,0,0,0,0,0,1,0,1,11,0,2,2,1
"280",114572029,1,1,0,1,0,0,0,0,0,0,0,0,1,0,1,11,0,2,2,1
"281",114572031,1,1,0,1,0,0,0,0,0,0,0,0,1,0,1,10,0,2,2,1
"282",114572065,1,1,0,1,0,0,0,0,0,0,0,0,1,0,1,12,0,2,2,1
"283",114572073,1,1,0,1,0,0,0,0,0,0,0,0,1,0,1,12,0,2,2,1
"284",114573015,1,1,0,1,0,0,0,0,0,0,0,0,1,0,0,15,0,2,2,1
"285",114573016,1,1,0,1,0,0,0,0,0,0,0,0,1,0,0,15,0,2,2,1
"286",114573023,1,1,0,1,0,0,0,0,0,0,0,0,1,0,0,15,0,2,2,1
"287",114573048,1,1,0,1,0,0,0,0,0,0,0,0,1,0,0,15,0,2,2,1
"288",114573068,1,1,0,1,0,0,0,0,0,0,0,0,1,0,0,15,0,2,2,1
"289",114573075,1,1,0,1,0,0,0,0,0,0,0,0,1,0,0,16,0,2,2,1
"290",114573076,1,1,0,1,0,0,0,0,0,0,0,0,1,0,0,15,0,2,2,1
"291",114573089,1,1,0,1,0,0,0,0,0,0,0,0,1,0,0,15,0,2,2,1
"292",114573092,1,1,0,1,0,0,0,0,0,0,0,0,1,0,0,17,0,2,2,1
"293",114573095,1,1,0,1,0,0,0,0,0,0,0,0,1,0,0,17,0,2,2,1
"294",114573098,1,1,0,1,0,0,0,0,0,0,0,0,1,0,0,15,0,2,2,1
"295",114573110,1,1,0,1,0,0,0,0,0,0,0,0,1,0,0,16,0,2,2,1
"296",114573115,1,1,0,1,0,0,0,0,0,0,0,0,1,0,0,15,0,2,2,1
"297",114573118,1,1,0,1,0,0,0,0,0,0,0,0,1,0,0,17,0,2,2,1
"298",114573128,1,1,0,1,0,0,0,0,0,0,0,0,1,0,0,15,0,2,2,1
"299",114573167,1,1,0,1,0,0,0,0,0,0,0,0,1,0,0,16,0,2,2,3
"300",114574017,1,1,0,1,0,0,0,0,0,0,0,0,1,0,1,15,0,2,2,1
"301",114574018,1,1,0,1,0,0,0,0,0,0,0,0,1,0,1,15,0,2,2,1
"302",114574023,1,1,0,1,0,0,0,0,0,0,0,0,1,0,1,15,0,2,2,1
"303",114574025,1,1,0,1,0,0,0,0,0,0,0,0,1,0,1,15,1,2,2,1
"304",114574043,1,1,0,1,0,0,0,0,0,0,0,0,1,0,1,15,0,2,2,1
"305",114574048,1,1,0,1,0,0,0,0,0,0,0,0,1,0,1,16,0,2,2,1
"306",114574064,1,1,0,1,0,0,0,0,0,0,0,0,1,0,1,15,0,2,2,1
"307",114574079,1,1,0,1,0,0,0,0,0,0,0,0,1,0,1,16,0,2,2,1
"308",114574113,1,1,0,1,0,0,0,0,0,0,0,0,1,0,1,15,0,2,2,3
"309",114574114,1,1,0,1,0,0,0,0,0,0,0,0,1,0,1,16,0,2,2,1
"310",114574118,1,1,0,1,0,0,0,0,0,0,0,0,1,0,1,14,1,2,2,1
"311",114574122,1,1,0,1,0,0,0,0,0,0,0,0,1,0,1,16,0,2,2,1
"312",114574129,1,0,0,1,0,0,0,0,0,0,0,0,1,0,1,15,0,2,NA,NA
"313",114574140,1,1,0,1,0,0,0,0,0,0,0,0,1,0,1,17,0,2,2,1
"314",114574162,1,1,0,1,0,0,0,0,0,0,0,0,1,0,1,16,0,2,2,1
"315",114575004,1,1,0,1,0,0,0,0,0,0,0,0,1,0,0,10,0,2,2,1
"316",114575018,1,1,0,1,0,0,0,0,0,0,0,0,1,0,1,11,0,2,2,1
"317",114575021,1,1,0,1,0,0,0,0,0,0,0,0,1,0,0,11,0,2,2,1
"318",114575025,1,1,0,1,0,0,0,0,0,0,0,0,1,0,1,10,0,2,2,1
"319",114575038,1,1,0,1,0,0,0,0,0,0,0,0,1,0,1,10,0,2,2,1
"320",114581004,0,1,0,1,0,0,0,0,0,0,0,0,1,0,0,12,0,NA,2,1
"321",114581094,1,1,0,1,0,0,0,0,0,0,0,0,1,0,0,11,0,2,2,1
"322",114581109,1,1,0,1,0,0,0,0,0,0,0,0,1,0,0,11,0,2,1,1
"323",114581114,1,1,0,1,0,0,0,0,0,0,0,0,1,0,0,13,0,2,2,1
"324",114581133,1,1,0,1,0,0,0,0,0,0,0,0,1,0,0,11,0,2,2,1
"325",114582002,1,1,0,1,0,0,0,0,0,0,0,0,1,0,1,11,0,2,2,1
"326",114582018,1,1,0,1,0,0,0,0,0,0,0,0,1,0,1,10,0,2,2,1
"327",114582019,1,1,0,1,0,0,0,0,0,0,0,0,1,0,1,12,0,2,2,1
"328",114582042,1,1,0,1,0,0,0,0,0,0,0,0,1,0,1,12,0,2,2,1
"329",114582043,1,1,0,1,0,0,0,0,0,0,0,0,1,0,1,11,0,2,2,1
"330",114582082,1,1,0,1,0,0,0,0,0,0,0,0,1,0,1,11,0,2,2,1
"331",114583001,1,1,0,1,0,0,0,0,0,0,0,0,1,0,0,17,0,2,2,1
"332",114583025,1,1,0,1,0,0,0,0,0,0,0,0,1,0,0,17,0,2,2,1
"333",114583026,1,1,0,1,0,0,0,0,0,0,0,0,1,0,0,16,0,2,2,1
"334",114583044,1,1,0,1,0,0,0,0,0,0,0,0,1,0,0,16,0,2,2,1
"335",114583117,1,1,0,1,0,0,0,0,0,0,0,0,1,0,0,18,0,2,2,1
"336",114583157,1,1,0,1,0,0,0,0,0,0,0,0,1,0,0,15,0,2,2,1
"337",114583174,1,1,0,1,0,0,0,0,0,0,0,0,1,0,0,16,0,2,2,1
"338",114583191,1,1,0,1,0,0,0,0,0,0,0,0,1,0,0,18,0,2,2,1
"339",114584107,1,1,0,1,0,0,0,0,0,0,0,0,1,0,1,15,0,2,2,1
"340",114584119,1,1,0,1,0,0,0,0,0,0,0,0,1,0,1,15,0,2,2,1
"341",114585005,1,1,0,1,0,0,0,0,0,0,0,0,1,0,1,10,0,2,2,1
"342",114591006,1,1,0,1,0,0,0,0,0,0,0,0,1,0,0,12,0,2,2,2
"343",114591060,1,1,0,1,0,0,0,0,0,0,0,0,1,0,0,11,0,2,2,1
"344",114591071,1,1,0,1,0,0,0,0,0,0,0,0,1,0,0,13,0,2,2,1
"345",114591081,1,1,0,1,0,0,0,0,0,0,0,0,1,0,0,11,0,2,2,2
"346",114591099,1,1,0,1,0,0,0,0,0,0,0,0,1,0,0,10,0,2,2,1
"347",114591100,1,1,0,1,0,0,0,0,0,0,0,0,1,0,0,12,0,2,2,1
"348",114591127,1,1,0,1,0,0,0,0,0,0,0,0,1,0,0,12,1,2,2,1
"349",114591134,1,1,0,1,0,0,0,0,0,0,0,0,1,0,0,13,0,2,2,1
"350",114591146,1,1,0,1,0,0,0,0,0,0,0,0,1,0,0,10,0,2,2,1
"351",114591149,1,1,0,1,0,0,0,0,0,0,0,0,1,0,0,11,0,2,2,2
"352",114591168,1,1,0,1,0,0,0,0,0,0,0,0,1,0,0,10,0,2,2,1
"353",114592007,1,1,0,1,0,0,0,0,0,0,0,0,1,0,1,13,0,2,2,1
"354",114592021,1,1,0,1,0,0,0,0,0,0,0,0,1,0,1,10,0,2,2,1
"355",114592040,1,1,0,1,0,0,0,0,0,0,0,0,1,0,1,12,0,2,2,1
"356",114592078,1,1,0,1,0,0,0,0,0,0,0,0,1,0,1,10,0,2,2,1
"357",114592079,1,0,0,1,0,0,0,0,0,0,0,0,1,0,1,12,0,2,NA,NA
"358",114593006,1,1,0,1,0,0,0,0,0,0,0,0,1,0,0,16,0,2,2,1
"359",114593019,1,1,0,1,0,0,0,0,0,0,0,0,1,0,0,16,0,2,2,1
"360",114593028,1,1,0,1,0,0,0,0,0,0,0,0,1,0,0,16,0,2,2,1
"361",114593145,1,1,0,1,0,0,0,0,0,0,0,0,1,0,0,15,0,2,2,1
"362",114593160,1,1,0,1,0,0,0,0,0,0,0,0,1,0,0,16,0,2,2,1
"363",114594005,1,1,0,1,0,0,0,0,0,0,0,0,1,0,1,16,0,2,2,1
"364",114594007,1,1,0,1,0,0,0,0,0,0,0,0,1,0,1,15,0,2,2,1
"365",114594011,1,1,0,1,0,0,0,0,0,0,0,0,1,0,1,15,0,2,2,1
"366",114594012,1,1,0,1,0,0,0,0,0,0,0,0,1,0,1,16,0,2,2,1
"367",114594026,1,1,0,1,0,0,0,0,0,0,0,0,1,0,1,15,0,2,2,1
"368",114594038,1,1,0,1,0,0,0,0,0,0,0,0,1,0,1,15,0,2,2,1
"369",114594045,1,1,0,1,0,0,0,0,0,0,0,0,1,0,1,17,0,2,2,1
"370",114594057,1,1,0,1,0,0,0,0,0,0,0,0,1,0,1,15,0,2,2,1
"371",114594067,0,1,0,1,0,0,0,0,0,0,0,0,1,0,1,16,0,NA,2,1
"372",114594069,1,0,0,1,0,0,0,0,0,0,0,0,1,0,1,15,0,2,NA,NA
"373",114594076,1,1,0,1,0,0,0,0,0,0,0,0,1,0,1,16,0,2,2,1
"374",114594080,1,1,0,1,0,0,0,0,0,0,0,0,1,0,1,15,0,2,2,3
"375",114594088,1,1,0,1,0,0,0,0,0,0,0,0,1,0,1,16,0,2,2,1
"376",114594093,1,1,0,1,0,0,0,0,0,0,0,0,1,0,1,16,0,2,2,1
"377",114594095,1,1,0,1,0,0,0,0,0,0,0,0,1,0,1,16,0,2,2,1
"378",114594099,1,1,0,1,0,0,0,0,0,0,0,0,1,0,1,16,0,2,2,1
"379",114594137,1,1,0,1,0,0,0,0,0,0,0,0,1,0,1,15,0,2,2,1
"380",114594138,1,1,0,1,0,0,0,0,0,0,0,0,1,0,1,17,0,2,2,1
"381",114594147,1,1,0,1,0,0,0,0,0,0,0,0,1,0,1,14,1,2,2,1
"382",114594149,1,1,0,1,0,0,0,0,0,0,0,0,1,0,1,16,0,2,2,1
"383",114595001,1,1,0,1,0,0,0,0,0,0,0,0,1,0,1,11,0,2,2,1
"384",114595030,1,1,0,1,0,0,0,0,0,0,0,0,1,0,0,11,0,2,2,1
"385",114601019,1,1,0,1,0,0,0,0,0,0,0,0,1,0,0,11,0,2,2,1
"386",114601035,1,1,0,1,0,0,0,0,0,0,0,0,1,0,0,13,1,2,2,1
"387",114601045,1,1,0,1,0,0,0,0,0,0,0,0,1,0,0,10,0,2,2,2
"388",114601089,1,0,0,1,0,0,0,0,0,0,0,0,1,0,0,12,0,2,NA,NA
"389",114601107,1,1,0,1,0,0,0,0,0,0,0,0,1,0,0,12,0,2,2,1
"390",114601113,1,0,0,1,0,0,0,0,0,0,0,0,1,0,0,12,0,2,NA,NA
"391",114601119,1,1,0,1,0,0,0,0,0,0,0,0,1,0,0,12,0,2,2,1
"392",114601124,1,1,0,1,0,0,0,0,0,0,0,0,1,0,0,12,0,2,2,1
"393",114601137,1,1,0,1,0,0,0,0,0,0,0,0,1,0,0,12,0,2,2,1
"394",114602005,1,1,0,1,0,0,0,0,0,0,0,0,1,0,1,11,0,2,2,1
"395",114602052,1,1,0,1,0,0,0,0,0,0,0,0,1,0,1,13,0,2,2,1
"396",114602055,1,1,0,1,0,0,0,0,0,0,0,0,1,0,1,12,0,2,2,1
"397",114602061,1,1,0,1,0,0,0,0,0,0,0,0,1,0,1,10,0,2,2,1
"398",114602076,1,1,0,1,0,0,0,0,0,0,0,0,1,0,1,12,0,2,2,1
"399",114602077,1,0,0,1,0,0,0,0,0,0,0,0,1,0,1,11,0,2,NA,NA
"400",114603005,1,1,0,1,0,0,0,0,0,0,0,0,1,0,0,15,1,2,2,1
"401",114603012,1,1,0,1,0,0,0,0,0,0,0,0,1,0,0,17,0,2,2,1
"402",114603039,1,1,0,1,0,0,0,0,0,0,0,0,1,0,0,15,0,2,2,1
"403",114603083,1,1,0,1,0,0,0,0,0,0,0,0,1,0,0,15,0,2,2,1
"404",114603144,1,1,0,1,0,0,0,0,0,0,0,0,1,0,0,16,0,2,2,1
"405",114603197,1,1,0,1,0,0,0,0,0,0,0,0,1,0,0,13,1,2,2,1
"406",114604070,1,1,0,1,0,0,0,0,0,0,0,0,1,0,1,15,0,2,2,1
"407",114604090,1,1,0,1,0,0,0,0,0,0,0,0,1,0,1,12,0,2,2,1
"408",114604092,1,1,0,1,0,0,0,0,0,0,0,0,1,0,1,16,0,2,2,1
"409",114605003,1,1,0,1,0,0,0,0,0,0,0,0,1,0,0,10,0,2,2,1
"410",114611027,1,1,0,1,0,0,0,0,0,0,0,0,1,0,0,11,0,2,2,1
"411",114611056,1,1,0,1,0,0,0,0,0,0,0,0,1,0,0,10,0,2,2,2
"412",114611102,1,1,0,1,0,0,0,0,0,0,0,0,1,0,0,12,0,2,2,1
"413",114611123,1,1,0,1,0,0,0,0,0,0,0,0,1,0,0,12,0,2,2,1
"414",114611132,1,1,0,1,0,0,0,0,0,0,0,0,1,0,0,12,0,2,2,1
"415",114611160,1,1,0,1,0,0,0,0,0,0,0,0,1,0,0,12,0,2,2,1
"416",114612060,1,1,0,1,0,0,0,0,0,0,0,0,1,0,1,12,0,2,2,1
"417",114612071,1,1,0,1,0,0,0,0,0,0,0,0,1,0,1,10,0,2,2,1
"418",114612081,1,1,0,1,0,0,0,0,0,0,0,0,1,0,1,12,0,2,2,1
"419",114612087,1,1,0,1,0,0,0,0,0,0,0,0,1,0,1,12,0,2,2,1
"420",114614031,1,1,0,1,0,0,0,0,0,0,0,0,1,0,1,16,0,2,2,1
"421",114614052,1,1,0,1,0,0,0,0,0,0,0,0,1,0,1,16,0,2,2,1
"422",114615019,1,0,0,1,0,0,0,0,0,0,0,0,1,0,0,12,0,2,NA,NA
"423",114616011,1,1,0,1,0,0,0,0,0,0,0,0,1,0,0,16,0,2,2,1
"424",114621007,1,1,0,1,0,0,0,0,0,0,0,0,1,0,0,10,0,2,2,1
"425",114621009,1,1,0,1,0,0,0,0,0,0,0,0,1,0,0,12,0,2,2,1
"426",114621011,1,1,0,1,0,0,0,0,0,0,0,0,1,0,1,11,0,2,2,1
"427",114621015,1,1,0,1,0,0,0,0,0,0,0,0,1,0,0,11,0,2,2,1
"428",114621022,1,1,0,1,0,0,0,0,0,0,0,0,1,0,0,12,0,2,2,1
"429",114621024,1,1,0,1,0,0,0,0,0,0,0,0,1,0,0,13,0,2,2,1
"430",114621026,1,1,0,1,0,0,0,0,0,0,0,0,1,0,0,12,0,2,2,1
"431",114621033,1,1,0,1,0,0,0,0,0,0,0,0,1,0,0,12,0,2,2,1
"432",114621057,1,1,0,1,0,0,0,0,0,0,0,0,1,0,0,10,0,2,2,1
"433",114621077,1,1,0,1,0,0,0,0,0,0,0,0,1,0,0,12,0,2,2,1
"434",114621078,1,1,0,1,0,0,0,0,0,0,0,0,1,0,0,13,0,2,2,1
"435",114621110,1,1,0,1,0,0,0,0,0,0,0,0,1,0,0,12,0,2,2,1
"436",114621112,1,1,0,1,0,0,0,0,0,0,0,0,1,0,0,12,0,2,2,1
"437",114621143,1,1,0,1,0,0,0,0,0,0,0,0,1,0,0,11,1,2,2,1
"438",114621166,1,1,0,1,0,0,0,0,0,0,0,0,1,0,0,12,0,2,2,1
"439",114621172,0,1,0,1,0,0,0,0,0,0,0,0,1,0,0,12,0,NA,2,1
"440",114622003,1,1,0,1,0,0,0,0,0,0,0,0,1,0,1,12,0,2,2,1
"441",114622009,1,1,0,1,0,0,0,0,0,0,0,0,1,0,1,10,0,2,2,1
"442",114622012,1,1,0,1,0,0,0,0,0,0,0,0,1,0,1,11,0,2,2,1
"443",114622032,1,1,0,1,0,0,0,0,0,0,0,0,1,0,1,13,0,2,2,1
"444",114622035,1,1,0,1,0,0,0,0,0,0,0,0,1,0,1,11,0,2,2,1
"445",114622039,1,1,0,1,0,0,0,0,0,0,0,0,1,0,1,11,0,2,2,1
"446",114622046,1,1,0,1,0,0,0,0,0,0,0,0,1,0,1,12,0,2,2,1
"447",114622058,1,1,0,1,0,0,0,0,0,0,0,0,1,0,1,11,0,2,2,1
"448",114622069,1,1,0,1,0,0,0,0,0,0,0,0,1,0,1,12,0,2,2,1
"449",114623002,1,1,0,1,0,0,0,0,0,0,0,0,1,0,0,17,0,2,2,1
"450",114623009,1,1,0,1,0,0,0,0,0,0,0,0,1,0,0,15,0,2,2,1
"451",114623045,1,1,0,1,0,0,0,0,0,0,0,0,1,0,0,15,0,2,2,1
"452",114623065,1,1,0,1,0,0,0,0,0,0,0,0,1,0,0,17,0,2,2,1
"453",114623077,1,1,0,1,0,0,0,0,0,0,0,0,1,0,0,17,0,2,2,1
"454",114623134,1,1,0,1,0,0,0,0,0,0,0,0,1,0,0,16,0,2,2,1
"455",114623162,1,1,0,1,0,0,0,0,0,0,0,0,1,0,0,16,0,2,2,1
"456",114624009,1,1,0,1,0,0,0,0,0,0,0,0,1,0,1,15,0,2,2,1
"457",114624010,1,1,0,1,0,0,0,0,0,0,0,0,1,0,1,15,0,2,2,1
"458",114624020,1,0,0,1,0,0,0,0,0,0,0,0,1,0,1,17,0,2,NA,NA
"459",114624050,1,1,0,1,0,0,0,0,0,0,0,0,1,0,1,16,0,2,2,1
"460",114624051,1,1,0,1,0,0,0,0,0,0,0,0,1,0,1,17,0,2,2,1
"461",114624083,1,1,0,1,0,0,0,0,0,0,0,0,1,0,1,16,0,2,2,1
"462",114624127,1,1,0,1,0,0,0,0,0,0,0,0,1,0,1,15,0,2,2,1
"463",114624145,1,1,0,1,0,0,0,0,0,0,0,0,1,0,1,15,0,2,2,1
"464",114625007,1,1,0,1,0,0,0,0,0,0,0,0,1,0,1,12,0,2,2,1
"465",114625009,1,1,0,1,0,0,0,0,0,0,0,0,1,0,1,12,0,2,2,1
"466",114625040,1,1,0,1,0,0,0,0,0,0,0,0,1,0,0,10,0,2,2,1
"467",114631023,1,1,0,1,0,0,0,0,0,0,0,0,1,0,0,12,0,2,2,1
"468",114631076,1,1,0,1,0,0,0,0,0,0,0,0,1,0,0,11,0,2,2,1
"469",114631084,1,1,0,1,0,0,0,0,0,0,0,0,1,0,0,11,0,2,2,1
"470",114631153,1,1,0,1,0,0,0,0,0,0,0,0,1,0,0,10,0,2,2,1
"471",114632014,1,1,0,1,0,0,0,0,0,0,0,0,1,0,1,12,0,2,2,1
"472",114632028,1,1,0,1,0,0,0,0,0,0,0,0,1,0,1,12,0,2,2,1
"473",114634003,1,1,0,1,0,0,0,0,0,0,0,0,1,0,1,16,0,2,3,1
"474",114634066,1,1,0,1,0,0,0,0,0,0,0,0,1,0,1,15,0,2,2,1
"475",114635008,1,1,0,1,0,0,0,0,0,0,0,0,1,0,1,12,0,2,3,1
"476",114635032,1,1,0,1,0,0,0,0,0,0,0,0,1,0,1,12,0,2,2,1
"477",114635042,1,1,0,1,0,0,0,0,0,0,0,0,1,0,1,12,0,2,2,1
"478",114635043,1,1,0,1,0,0,0,0,0,0,0,0,1,0,1,13,0,2,2,1
"479",114641075,1,1,0,1,0,0,0,0,0,0,0,0,1,0,0,11,0,2,2,1
"480",114641083,1,1,0,1,0,0,0,0,0,0,0,0,1,0,0,12,0,2,2,1
"481",114641162,1,1,0,1,0,0,0,0,0,0,0,0,1,0,0,12,0,2,2,1
"482",114642088,1,1,0,1,0,0,0,0,0,0,0,0,1,0,1,10,0,2,2,1
"483",114643003,1,1,0,1,0,0,0,0,0,0,0,0,1,0,0,17,0,2,2,1
"484",114643020,1,1,0,1,0,0,0,0,0,0,0,0,1,0,0,16,0,2,2,1
"485",114643042,1,1,0,1,0,0,0,0,0,0,0,0,1,0,0,17,0,2,2,1
"486",114643049,1,1,0,1,0,0,0,0,0,0,0,0,1,0,0,15,0,2,2,1
"487",114643086,1,1,0,1,0,0,0,0,0,0,0,0,1,0,0,17,0,2,2,1
"488",114643113,1,1,0,1,0,0,0,0,0,0,0,0,1,0,0,18,0,2,2,1
"489",114643148,1,1,0,1,0,0,0,0,0,0,0,0,1,0,0,18,0,2,2,1
"490",114643180,1,1,0,1,0,0,0,0,0,0,0,0,1,0,0,15,1,2,2,1
"491",114644006,1,1,0,1,0,0,0,0,0,0,0,0,1,0,1,16,0,2,2,1
"492",114644096,1,0,0,1,0,0,0,0,0,0,0,0,1,0,1,17,0,2,NA,NA
"493",114651001,1,1,0,1,0,0,0,0,0,0,0,0,1,0,0,12,1,2,2,1
"494",114651014,1,1,0,1,0,0,0,0,0,0,0,0,1,0,0,12,0,2,2,1
"495",114651041,1,1,0,1,0,0,0,0,0,0,0,0,1,0,0,12,0,2,2,1
"496",114651050,1,1,0,1,0,0,0,0,0,0,0,0,1,0,0,12,0,2,2,1
"497",114651064,1,1,0,1,0,0,0,0,0,0,0,0,1,0,0,10,0,2,2,1
"498",114651097,1,1,0,1,0,0,0,0,0,0,0,0,1,0,0,12,0,2,2,1
"499",114651135,1,1,0,1,0,0,0,0,0,0,0,0,1,0,0,13,0,2,2,1
"500",114651145,1,1,0,1,0,0,0,0,0,0,0,0,1,0,0,11,0,2,2,1
"501",114652020,1,1,0,1,0,0,0,0,0,0,0,0,1,0,1,11,0,2,2,1
"502",114652075,1,1,0,1,0,0,0,0,0,0,0,0,1,0,1,10,0,2,2,1
"503",114652080,1,1,0,1,0,0,0,0,0,0,0,0,1,0,1,11,0,2,2,1
"504",114653021,1,1,0,1,0,0,0,0,0,0,0,0,1,0,0,17,0,2,2,1
"505",114653035,1,1,0,1,0,0,0,0,0,0,0,0,1,0,0,13,1,2,2,2
"506",114653091,1,1,0,1,0,0,0,0,0,0,0,0,1,0,0,16,0,2,2,1
"507",114653123,1,1,0,1,0,0,0,0,0,0,0,0,1,0,0,16,0,2,2,1
"508",114653190,1,1,0,1,0,0,0,0,0,0,0,0,1,0,0,16,0,2,2,1
"509",114654049,1,1,0,1,0,0,0,0,0,0,0,0,1,0,1,17,0,2,2,1
"510",114654059,1,1,0,1,0,0,0,0,0,0,0,0,1,0,1,17,0,2,2,1
"511",114654153,1,1,0,1,0,0,0,0,0,0,0,0,1,0,1,16,0,2,2,1
"512",114654158,1,1,0,1,0,0,0,0,0,0,0,0,1,0,1,15,0,2,2,1
"513",114655017,1,1,0,1,0,0,0,0,0,0,0,0,1,0,1,12,0,2,2,1
"514",114655020,1,1,0,1,0,0,0,0,0,0,0,0,1,0,1,11,0,2,2,1
"515",114655035,1,1,0,1,0,0,0,0,0,0,0,0,1,0,1,11,0,2,2,1
"516",114655046,1,1,0,1,0,0,0,0,0,0,0,0,1,0,1,10,0,2,2,1
"517",114656003,1,1,0,1,0,0,0,0,0,0,0,0,1,0,0,15,0,2,2,1
"518",114661028,1,1,0,1,0,0,0,0,0,0,0,0,1,0,0,11,0,2,2,1
"519",114661039,1,1,0,1,0,0,0,0,0,0,0,0,1,0,0,10,0,2,2,1
"520",114661042,1,1,0,1,0,0,0,0,0,0,0,0,1,0,0,12,0,2,2,1
"521",114661069,1,1,0,1,0,0,0,0,0,0,0,0,1,0,0,10,0,2,2,1
"522",114661090,1,1,0,1,0,0,0,0,0,0,0,0,1,0,0,10,0,2,2,1
"523",114661103,1,1,0,1,0,0,0,0,0,0,0,0,1,0,0,10,0,2,2,1
"524",114661126,1,1,0,1,0,0,0,0,0,0,0,0,1,0,0,13,1,2,2,1
"525",114661128,1,1,0,1,0,0,0,0,0,0,0,0,1,0,0,12,0,2,2,1
"526",114661169,1,1,0,1,0,0,0,0,0,0,0,0,1,0,0,11,0,2,2,1
"527",114662025,1,1,0,1,0,0,0,0,0,0,0,0,1,0,1,10,0,2,2,1
"528",114662027,1,1,0,1,0,0,0,0,0,0,0,0,1,0,1,11,0,2,2,1
"529",114662030,1,1,0,1,0,0,0,0,0,0,0,0,1,0,1,11,0,2,2,1
"530",114662036,1,1,0,1,0,0,0,0,0,0,0,0,1,0,1,12,0,2,2,1
"531",114662085,1,1,0,1,0,0,0,0,0,0,0,0,1,0,1,10,0,2,2,1
"532",114662089,1,1,0,1,0,0,0,0,0,0,0,0,1,0,1,10,0,2,2,1
"533",114663004,1,1,0,1,0,0,0,0,0,0,0,0,1,0,0,15,0,2,2,1
"534",114663024,1,1,0,1,0,0,0,0,0,0,0,0,1,0,0,15,0,2,2,1
"535",114663047,1,1,0,1,0,0,0,0,0,0,0,0,1,0,0,15,0,2,2,1
"536",114664014,1,1,0,1,0,0,0,0,0,0,0,0,1,0,1,16,0,2,2,1
"537",114664081,1,1,0,1,0,0,0,0,0,0,0,0,1,0,1,15,0,2,2,1
"538",114671231,1,1,0,1,0,0,0,0,0,0,0,0,1,0,0,11,0,2,2,1
"539",114671247,1,1,0,1,0,0,0,0,0,0,0,0,1,0,0,12,0,2,2,1
"540",114672190,1,1,0,1,0,0,0,0,0,0,0,0,1,0,1,12,1,2,2,1
"541",114673152,1,1,0,1,0,0,0,0,0,0,0,0,1,0,0,18,0,2,2,1
"542",114673197,1,1,0,1,0,0,0,0,0,0,0,0,1,0,0,16,0,2,2,1
"543",202101017,1,1,0,0,1,0,1,0,0,0,0,0,0,0,0,11,0,2,2,1
"544",202101026,1,1,0,0,0,1,1,0,0,0,0,0,0,0,0,10,0,2,2,1
"545",202101037,1,1,0,0,0,1,1,0,0,0,0,0,0,0,0,12,0,2,2,1
"546",202101049,1,1,0,0,0,1,1,0,0,0,0,0,0,0,0,11,0,2,2,1
"547",202101053,1,1,0,0,0,1,1,0,0,0,0,0,0,0,0,11,0,6,6,1
"548",202101067,1,1,0,0,1,0,1,0,0,0,0,0,0,0,0,10,0,2,2,2
"549",202101071,1,1,0,0,0,1,1,0,0,0,0,0,0,0,0,11,0,2,2,1
"550",202101082,1,1,0,0,0,1,1,0,0,0,0,0,0,0,0,11,0,2,2,1
"551",202101083,1,1,0,0,1,0,1,0,0,0,0,0,0,0,0,9,1,6,6,1
"552",202101100,1,1,0,0,0,1,1,0,0,0,0,0,0,0,0,11,0,6,6,1
"553",202101101,1,1,0,0,0,1,1,0,0,0,0,0,0,0,0,10,0,6,6,1
"554",202101104,1,1,0,0,0,1,1,0,0,0,0,0,0,0,0,12,0,2,2,1
"555",202101123,1,1,0,0,0,1,1,0,0,0,0,0,0,0,0,10,0,2,2,1
"556",202101153,1,1,0,0,0,1,1,0,0,0,0,0,0,0,0,11,0,2,2,1
"557",202102008,1,1,0,0,0,1,1,0,0,0,0,0,0,0,1,10,0,2,2,1
"558",202102011,1,1,0,0,0,1,1,0,0,0,0,0,0,0,1,11,0,2,2,1
"559",202102014,1,1,0,0,0,1,1,0,0,0,0,0,0,0,1,11,0,6,6,1
"560",202102021,1,1,0,0,0,1,1,0,0,0,0,0,0,0,1,11,0,6,6,2
"561",202102026,1,1,0,0,0,1,1,0,0,0,0,0,0,0,1,10,0,2,2,1
"562",202102033,1,1,0,0,1,0,1,0,0,0,0,0,0,0,1,10,0,2,2,1
"563",202102047,1,1,0,0,0,1,1,0,0,0,0,0,0,0,1,12,0,2,2,1
"564",202102052,1,1,0,0,0,1,1,0,0,0,0,0,0,0,1,12,0,2,2,1
"565",202102060,1,1,0,0,0,1,0,0,0,1,0,0,0,0,1,12,0,2,2,1
"566",202102065,1,1,0,0,0,1,1,0,0,0,0,0,0,0,1,10,0,2,2,1
"567",202102072,1,1,0,0,0,1,1,0,0,0,0,0,0,0,1,11,0,2,2,1
"568",202102101,1,1,0,0,0,1,1,0,0,0,0,0,0,0,1,10,0,2,2,1
"569",202102133,1,1,0,0,0,1,1,0,0,0,0,0,0,0,1,10,0,2,2,1
"570",202102139,1,1,0,0,0,1,1,0,0,0,0,0,0,0,1,10,0,2,2,1
"571",202102153,1,1,1,0,1,0,1,0,0,0,0,0,0,0,1,12,0,2,2,1
"572",202103002,1,1,0,0,0,1,1,0,0,0,0,0,0,0,0,15,0,2,2,1
"573",202103017,1,1,0,0,1,0,1,0,0,0,0,0,0,0,0,16,0,2,2,1
"574",202103039,1,1,0,0,0,1,1,0,0,0,0,0,0,0,0,15,0,2,2,1
"575",202103046,1,0,0,0,0,1,0,1,0,0,0,0,0,0,0,16,0,2,NA,NA
"576",202103058,1,1,0,0,0,1,1,0,0,0,0,0,0,0,0,16,0,2,2,1
"577",202103061,1,1,0,0,0,1,1,0,0,0,0,0,0,0,0,16,0,2,2,4
"578",202103062,1,1,0,0,0,1,1,0,0,0,0,0,0,0,0,15,0,2,2,1
"579",202103067,1,1,0,0,0,1,1,0,0,0,0,0,0,0,0,17,0,2,2,1
"580",202103068,1,1,0,0,0,1,1,0,0,0,0,0,0,0,0,15,0,2,2,1
"581",202103075,1,1,0,0,0,1,1,0,0,0,0,0,0,0,0,15,0,2,2,1
"582",202103076,1,1,0,0,0,1,1,0,0,0,0,0,0,0,0,15,0,2,2,1
"583",202103087,1,1,0,0,0,1,1,0,0,0,0,0,0,0,0,16,0,2,2,1
"584",202103092,1,1,0,0,0,1,1,0,0,0,0,0,0,0,0,16,0,2,2,1
"585",202103097,1,1,0,0,0,1,1,0,0,0,0,0,0,0,0,16,0,2,2,1
"586",202104004,1,1,0,0,0,1,1,0,0,0,0,0,0,0,1,15,0,2,2,1
"587",202104029,1,1,0,0,0,1,1,0,0,0,0,0,0,0,1,16,0,2,2,3
"588",202104036,1,1,0,0,0,1,1,0,0,0,0,0,0,0,1,17,0,2,2,3
"589",202104041,1,1,0,0,0,1,1,0,0,0,0,0,0,0,1,16,0,2,2,3
"590",202104055,1,1,0,0,0,1,1,0,0,0,0,0,0,0,1,16,0,2,2,3
"591",202104058,1,1,0,0,0,1,1,0,0,0,0,0,0,0,1,16,0,2,2,1
"592",202104063,1,1,0,0,0,1,1,0,0,0,0,0,0,0,1,16,0,2,2,1
"593",202104066,1,1,0,0,0,1,1,0,0,0,0,0,0,0,1,18,1,2,2,1
"594",202104068,1,1,0,0,0,1,1,0,0,0,0,0,0,0,1,15,0,2,2,2
"595",202104072,1,1,0,0,0,1,1,0,0,0,0,0,0,0,1,16,0,2,2,1
"596",205041018,1,0,0,0,0,1,0,0,0,1,0,0,0,0,0,10,0,2,NA,NA
"597",205041020,1,1,0,0,0,1,0,0,0,1,0,0,0,0,0,10,0,2,2,1
"598",205041119,1,1,0,0,1,0,0,1,0,0,0,0,0,0,0,12,0,2,2,1
"599",205041145,1,1,0,0,1,0,1,0,0,0,0,0,0,0,0,12,0,2,2,1
"600",205041156,1,1,0,0,0,1,0,1,0,0,0,0,0,0,0,11,0,2,2,1
"601",205042007,1,1,0,0,0,1,0,1,0,0,0,0,0,0,1,12,0,2,2,1
"602",205042036,0,1,0,0,1,0,0,0,0,1,0,0,0,0,1,11,0,NA,2,1
"603",205042046,1,1,0,0,1,0,0,1,0,0,0,0,0,0,1,12,0,2,2,1
"604",205042064,1,1,0,0,0,1,0,1,0,0,0,0,0,0,1,12,0,2,1,1
"605",205042076,1,1,0,0,0,1,0,1,0,0,0,0,0,0,1,10,0,2,2,1
"606",205042117,1,1,0,0,0,1,0,1,0,0,0,0,0,0,1,10,0,2,2,1
"607",205042131,1,1,0,0,1,0,0,1,0,0,0,0,0,0,1,10,0,2,2,1
"608",205042160,1,1,0,0,0,1,0,0,0,1,0,0,0,0,1,11,0,2,2,1
"609",205044006,1,1,0,0,0,1,0,1,0,0,0,0,0,0,1,17,0,2,2,2
"610",205045006,1,1,1,0,0,1,0,1,0,0,0,0,0,0,0,12,0,2,2,1
"611",205201022,1,1,0,0,0,1,0,1,0,0,0,0,0,0,0,12,0,2,2,1
"612",205201092,1,1,0,0,1,0,0,1,0,0,0,0,0,0,0,11,0,2,2,1
"613",205202001,1,1,1,0,1,0,0,1,0,0,0,0,0,0,1,12,0,2,2,1
"614",205202045,1,1,0,0,0,1,0,1,0,0,0,0,0,0,1,11,0,2,2,1
"615",205202120,1,1,0,0,0,1,0,1,0,0,0,0,0,0,1,11,0,2,2,1
"616",205202140,1,1,0,0,0,1,0,1,0,0,0,0,0,0,1,11,0,2,2,1
"617",205203015,1,1,0,0,0,1,0,1,0,0,0,0,0,0,0,16,0,2,2,1
"618",205203032,1,1,0,0,0,1,0,1,0,0,0,0,0,0,0,16,0,2,2,1
"619",205203038,1,1,0,0,0,1,0,1,0,0,0,0,0,0,0,15,0,2,2,1
"620",205204014,1,1,0,0,0,1,0,1,0,0,0,0,0,0,1,16,0,2,2,1
"621",205204030,1,1,0,0,0,1,0,1,0,0,0,0,0,0,1,16,0,2,2,1
"622",205206003,1,1,1,0,0,1,0,1,0,0,0,0,0,0,1,16,0,2,2,1
"623",205291015,1,1,0,0,0,1,0,0,0,1,0,0,0,0,0,11,0,2,2,1
"624",205292062,1,1,0,0,0,1,0,1,0,0,0,0,0,0,1,12,0,2,2,1
"625",205292079,1,1,0,0,0,1,0,1,0,0,0,0,0,0,1,10,0,2,2,1
"626",205292141,1,1,0,0,0,1,1,0,0,0,0,0,0,0,1,10,1,2,2,1
"627",205293018,1,1,0,0,0,1,0,0,0,1,0,0,0,0,0,16,0,2,2,3
"628",205293070,1,1,0,0,0,1,1,0,0,0,0,0,0,0,0,17,0,2,2,2
"629",205294023,1,1,0,0,0,1,1,0,0,0,0,0,0,0,1,16,0,2,2,1
"630",205294035,1,1,0,0,0,1,0,1,0,0,0,0,0,0,1,16,0,2,2,2
"631",210041046,1,1,0,0,0,1,0,0,0,1,0,0,0,0,0,11,0,2,2,2
"632",210041063,1,1,0,0,0,1,0,0,0,1,0,0,0,0,0,10,0,2,2,1
"633",210043073,1,1,0,0,0,1,0,0,0,1,0,0,0,0,0,16,0,2,2,1
"634",210361003,1,1,0,0,1,0,0,0,0,1,0,0,0,0,0,10,0,1,1,1
"635",210361016,1,1,0,0,0,1,0,0,0,1,0,0,0,0,0,10,0,2,2,1
"636",210361035,1,1,0,0,0,1,0,0,0,1,0,0,0,0,0,10,0,2,2,1
"637",210361040,1,1,0,0,0,1,0,0,0,1,0,0,0,0,0,11,0,2,2,1
"638",210361044,1,1,0,0,0,1,0,0,0,1,0,0,0,0,0,10,0,2,2,1
"639",210361050,1,1,0,0,0,1,0,0,0,1,0,0,0,0,0,11,0,2,2,1
"640",210361058,1,1,0,0,0,1,0,0,0,1,0,0,0,0,0,11,0,2,2,1
"641",210361066,1,1,0,0,0,1,0,0,0,1,0,0,0,0,0,10,0,2,2,1
"642",210361069,1,1,0,0,0,1,0,0,0,1,0,0,0,0,0,12,0,2,2,1
"643",210361085,1,1,0,0,0,1,0,0,0,1,0,0,0,0,0,11,0,2,2,1
"644",210361097,1,1,0,0,0,1,0,1,0,0,0,0,0,0,0,10,0,2,2,1
"645",210361106,1,1,0,0,0,1,0,0,0,1,0,0,0,0,0,11,0,2,2,1
"646",210361112,1,1,0,0,0,1,0,0,0,1,0,0,0,0,0,11,0,2,2,1
"647",210361128,1,1,0,0,0,1,0,0,0,1,0,0,0,0,0,10,0,2,2,1
"648",210361129,1,1,0,0,0,1,0,0,0,1,0,0,0,0,0,12,0,2,2,1
"649",210361132,1,1,0,0,0,1,0,0,0,1,0,0,0,0,0,10,0,2,2,1
"650",210361144,1,1,0,0,0,1,0,0,0,1,0,0,0,0,0,12,0,2,2,1
"651",210361160,1,1,0,0,0,1,0,0,0,1,0,0,0,0,0,11,0,2,2,1
"652",210362009,1,1,0,0,0,1,0,0,0,1,0,0,0,0,1,11,0,2,2,3
"653",210362012,1,1,0,0,1,0,0,0,0,1,0,0,0,0,1,10,0,2,2,1
"654",210362022,1,1,0,0,0,1,0,0,0,1,0,0,0,0,1,11,0,2,2,1
"655",210362023,1,1,0,0,0,1,0,0,0,1,0,0,0,0,1,11,0,2,2,1
"656",210362025,1,1,0,0,1,0,1,0,0,0,0,0,0,0,1,11,0,2,2,1
"657",210362028,1,1,0,0,1,0,0,1,0,0,0,0,0,0,1,10,0,2,2,1
"658",210362029,1,1,0,0,0,1,0,0,0,1,0,0,0,0,1,11,0,2,2,1
"659",210362038,1,1,0,0,0,1,0,0,0,1,0,0,0,0,1,10,0,2,2,1
"660",210362048,1,1,0,0,0,1,0,0,0,1,0,0,0,0,1,11,0,2,2,1
"661",210362075,1,1,0,0,0,1,0,0,0,1,0,0,0,0,1,12,0,2,2,1
"662",210362092,1,1,0,0,0,1,0,0,0,1,0,0,0,0,1,10,0,2,2,1
"663",210362142,1,1,0,0,0,1,0,1,0,0,0,0,0,0,1,10,0,2,2,1
"664",210362165,1,1,0,0,0,1,0,0,0,1,0,0,0,0,1,12,1,2,2,1
"665",210363008,1,1,0,0,0,1,0,1,0,0,0,0,0,0,0,16,0,2,2,2
"666",210363019,1,1,0,0,0,1,0,0,0,1,0,0,0,0,0,15,0,2,2,1
"667",210363021,1,1,0,0,0,1,0,0,0,1,0,0,0,0,0,15,0,2,2,1
"668",210363022,0,1,0,0,1,0,0,0,0,1,0,0,0,0,0,16,0,NA,2,1
"669",210363040,1,1,0,0,0,1,0,0,0,1,0,0,0,0,0,17,1,2,2,1
"670",210363043,1,1,0,0,0,1,0,0,0,1,0,0,0,0,0,16,0,2,2,1
"671",210363045,1,1,0,0,0,1,0,0,0,1,0,0,0,0,0,17,0,2,2,1
"672",210363053,1,1,0,0,0,1,0,0,0,1,0,0,0,0,0,16,0,2,2,1
"673",210363071,1,1,0,0,0,1,0,0,0,1,0,0,0,0,0,15,0,2,2,1
"674",210363072,1,1,0,0,0,1,0,0,0,1,0,0,0,0,0,15,0,2,2,3
"675",210363078,1,1,0,0,0,1,0,0,0,1,0,0,0,0,0,16,0,2,2,1
"676",210363096,1,1,0,0,0,1,0,0,0,1,0,0,0,0,0,16,0,2,2,1
"677",210364005,1,1,0,0,0,1,0,0,0,1,0,0,0,0,1,15,0,2,2,1
"678",210364038,1,1,0,0,0,1,0,0,0,1,0,0,0,0,1,16,0,2,2,1
"679",210364048,1,1,0,0,0,1,0,0,0,1,0,0,0,0,1,16,0,2,2,1
"680",210364060,1,1,0,0,0,1,0,0,0,1,0,0,0,0,1,16,0,2,2,1
"681",210364076,1,1,0,0,0,1,0,0,0,1,0,0,0,0,1,15,0,2,2,2
"682",302091001,1,1,0,0,1,0,1,0,0,0,0,0,0,0,0,12,0,2,2,1
"683",302091018,1,1,0,0,1,0,1,0,0,0,0,0,0,0,0,12,0,2,2,1
"684",302091025,1,1,0,0,1,0,1,0,0,0,0,0,0,0,0,12,0,2,2,1
"685",302091028,1,1,0,0,1,0,1,0,0,0,0,0,0,0,0,12,0,2,2,1
"686",302091050,1,1,0,0,1,0,1,0,0,0,0,0,0,0,0,13,0,2,2,1
"687",302091067,1,1,0,0,1,0,1,0,0,0,0,0,0,0,0,11,0,2,2,1
"688",302091117,1,1,0,0,1,0,1,0,0,0,0,0,0,0,0,11,0,2,2,1
"689",302091155,1,1,0,0,1,0,1,0,0,0,0,0,0,0,0,11,0,1,1,1
"690",302091186,1,1,0,0,1,0,1,0,0,0,0,0,0,0,0,11,0,2,2,1
"691",302091220,1,1,0,0,1,0,1,0,0,0,0,0,0,0,0,10,0,2,2,1
"692",302091226,1,1,0,0,1,0,1,0,0,0,0,0,0,0,0,12,0,1,3,1
"693",302091230,1,1,0,0,1,0,1,0,0,0,0,0,0,0,0,12,0,1,1,1
"694",302091251,1,1,0,0,1,0,1,0,0,0,0,0,0,0,0,12,0,2,2,1
"695",302091264,1,1,0,0,1,0,1,0,0,0,0,0,0,0,0,11,0,2,2,1
"696",302092002,1,1,0,0,1,0,1,0,0,0,0,0,0,0,1,11,0,1,1,1
"697",302092011,1,1,0,0,1,0,1,0,0,0,0,0,0,0,1,10,0,1,1,1
"698",302092012,1,1,0,0,1,0,1,0,0,0,0,0,0,0,1,10,0,1,1,1
"699",302092049,1,1,0,0,1,0,1,0,0,0,0,0,0,0,1,11,0,1,1,1
"700",302092060,1,1,0,0,1,0,1,0,0,0,0,0,0,0,1,12,0,1,1,1
"701",302092072,1,1,0,0,1,0,1,0,0,0,0,0,0,0,1,10,0,1,1,1
"702",302092080,1,1,0,0,1,0,1,0,0,0,0,0,0,0,1,10,0,2,2,1
"703",302092169,1,1,0,0,1,0,1,0,0,0,0,0,0,0,1,12,0,1,1,1
"704",302092170,1,1,0,0,1,0,1,0,0,0,0,0,0,0,1,11,0,1,1,1
"705",302092187,1,1,0,0,1,0,1,0,0,0,0,0,0,0,1,10,0,1,3,1
"706",302092222,1,1,0,0,1,0,1,0,0,0,0,0,0,0,1,12,0,2,2,1
"707",302092237,1,1,0,0,1,0,1,0,0,0,0,0,0,0,1,11,0,2,2,1
"708",302093010,1,1,0,0,1,0,1,0,0,0,0,0,0,0,0,15,0,1,1,1
"709",302093025,1,1,0,0,1,0,1,0,0,0,0,0,0,0,0,15,0,1,1,1
"710",302093069,1,1,0,0,1,0,1,0,0,0,0,0,0,0,0,15,0,2,2,2
"711",302093111,1,1,0,0,1,0,1,0,0,0,0,0,0,0,0,15,0,2,2,1
"712",302093139,1,1,0,0,1,0,1,0,0,0,0,0,0,0,0,16,0,1,1,1
"713",302093212,1,1,0,0,1,0,1,0,0,0,0,0,0,0,0,16,0,-96,1,1
"714",302093255,1,1,0,0,1,0,1,0,0,0,0,0,0,0,0,16,0,2,2,1
"715",302093288,1,1,0,0,1,0,1,0,0,0,0,0,0,0,0,17,0,2,2,1
"716",302094065,1,1,0,0,1,0,1,0,0,0,0,0,0,0,1,15,0,2,2,1
"717",302094119,1,1,0,0,1,0,1,0,0,0,0,0,0,0,1,16,0,1,1,1
"718",302094170,1,1,0,0,1,0,1,0,0,0,0,0,0,0,1,16,0,1,1,1
"719",302094174,1,1,0,0,1,0,1,0,0,0,0,0,0,0,1,18,0,-96,-96,1
"720",302094197,1,1,0,0,1,0,1,0,0,0,0,0,0,0,1,17,0,2,2,1
"721",302094219,1,1,0,0,1,0,1,0,0,0,0,0,0,0,1,15,0,2,2,1
"722",302094226,1,1,0,0,1,0,1,0,0,0,0,0,0,0,1,17,0,2,2,1
"723",302094259,1,1,0,0,1,0,1,0,0,0,0,0,0,0,1,15,0,2,2,1
"724",302101026,1,1,0,0,1,0,1,0,0,0,0,0,0,0,0,12,0,1,1,1
"725",302101039,1,1,0,0,1,0,1,0,0,0,0,0,0,0,0,10,0,1,1,1
"726",302101049,1,1,0,0,1,0,1,0,0,0,0,0,0,0,0,10,0,1,1,1
"727",302101052,1,1,0,0,1,0,1,0,0,0,0,0,0,0,0,11,0,1,1,1
"728",302101083,1,1,0,0,1,0,1,0,0,0,0,0,0,0,0,12,0,1,1,1
"729",302101099,1,1,0,0,1,0,1,0,0,0,0,0,0,0,0,12,0,1,1,1
"730",302101103,1,1,0,0,1,0,1,0,0,0,0,0,0,0,0,12,0,2,2,1
"731",302101113,1,1,0,0,1,0,1,0,0,0,0,0,0,0,0,11,0,1,1,1
"732",302101124,1,1,0,0,1,0,1,0,0,0,0,0,0,0,0,11,0,2,2,1
"733",302102021,1,1,0,0,1,0,1,0,0,0,0,0,0,0,1,10,0,1,1,1
"734",302102031,1,1,0,0,1,0,1,0,0,0,0,0,0,0,1,11,0,2,2,1
"735",302102032,1,1,0,0,1,0,1,0,0,0,0,0,0,0,1,11,0,1,1,1
"736",302102038,1,1,0,0,1,0,1,0,0,0,0,0,0,0,1,10,0,3,1,1
"737",302102063,1,1,0,0,1,0,1,0,0,0,0,0,0,0,1,11,0,1,1,1
"738",302102071,1,1,0,0,1,0,1,0,0,0,0,0,0,0,1,12,0,1,1,1
"739",302102087,1,1,0,0,1,0,1,0,0,0,0,0,0,0,1,11,0,1,1,1
"740",302103015,1,1,0,0,1,0,1,0,0,0,0,0,0,0,0,16,0,1,1,1
"741",302103021,1,1,0,0,1,0,1,0,0,0,0,0,0,0,0,15,0,1,1,1
"742",302103031,1,1,0,0,1,0,1,0,0,0,0,0,0,0,0,16,0,1,1,1
"743",302103041,1,1,0,0,1,0,1,0,0,0,0,0,0,0,0,15,0,1,1,1
"744",302103086,1,1,0,0,1,0,1,0,0,0,0,0,0,0,0,15,0,1,1,1
"745",302103121,1,1,0,0,1,0,1,0,0,0,0,0,0,0,0,15,0,1,1,1
"746",302103125,1,1,0,0,1,0,1,0,0,0,0,0,0,0,0,17,0,1,1,1
"747",302104041,1,1,0,0,1,0,1,0,0,0,0,0,0,0,1,16,0,3,1,1
"748",302104064,1,1,0,0,1,0,1,0,0,0,0,0,0,0,1,15,0,1,1,1
"749",302104096,1,1,0,0,1,0,1,0,0,0,0,0,0,0,1,16,0,1,1,3
"750",302104111,1,1,0,0,1,0,1,0,0,0,0,0,0,0,1,15,0,1,1,1
"751",302104122,1,1,0,0,1,0,1,0,0,0,0,0,0,0,1,16,0,2,2,1
"752",302104144,1,1,0,0,1,0,1,0,0,0,0,0,0,0,1,16,0,1,1,1
"753",302104148,1,1,0,0,1,0,1,0,0,0,0,0,0,0,1,16,0,3,3,1
"754",302181288,1,1,0,0,1,0,1,0,0,0,0,0,0,0,0,10,0,2,2,1
"755",302182171,1,1,0,0,1,0,1,0,0,0,0,0,0,0,1,12,0,2,2,1
"756",302182208,1,1,0,0,1,0,1,0,0,0,0,0,0,0,1,11,0,2,1,1
"757",302182256,1,1,0,0,1,0,1,0,0,0,0,0,0,0,1,12,0,2,2,1
"758",302183156,1,1,0,0,1,0,1,0,0,0,0,0,0,0,0,16,0,1,1,1
"759",302183164,1,1,0,0,1,0,1,0,0,0,0,0,0,0,0,17,0,2,2,1
"760",302183218,1,1,0,0,1,0,1,0,0,0,0,0,0,0,0,15,0,2,2,1
"761",302183243,1,1,0,0,1,0,1,0,0,0,0,0,0,0,0,17,0,2,2,1
"762",302184180,1,1,0,0,1,0,1,0,0,0,0,0,0,0,1,17,0,2,2,1
"763",302184181,1,1,0,0,1,0,1,0,0,0,0,0,0,0,1,16,0,1,1,1
"764",302184182,1,1,0,0,1,0,1,0,0,0,0,0,0,0,1,15,0,2,2,1
"765",302184195,1,1,0,0,1,0,1,0,0,0,0,0,0,0,1,17,0,1,1,1
"766",302184206,1,1,0,0,1,0,1,0,0,0,0,0,0,0,1,15,0,2,2,1
"767",302184208,1,1,0,0,1,0,1,0,0,0,0,0,0,0,1,17,0,1,3,1
"768",302184213,1,1,0,0,1,0,1,0,0,0,0,0,0,0,1,16,0,2,2,1
"769",302184275,1,1,0,0,1,0,1,0,0,0,0,0,0,0,1,17,0,1,1,1
"770",302184277,1,1,0,0,1,0,1,0,0,0,0,0,0,0,1,17,0,2,2,1
"771",302341012,1,1,0,0,1,0,1,0,0,0,0,0,0,0,0,10,0,2,2,1
"772",302341022,1,1,0,0,1,0,1,0,0,0,0,0,0,0,0,12,0,2,2,1
"773",302341024,1,1,0,0,1,0,1,0,0,0,0,0,0,0,0,12,0,1,1,1
"774",302341027,1,1,0,0,1,0,1,0,0,0,0,0,0,0,0,10,0,2,2,1
"775",302341029,1,1,0,0,1,0,1,0,0,0,0,0,0,0,0,12,0,2,2,1
"776",302341058,1,1,0,0,1,0,1,0,0,0,0,0,0,0,0,12,0,1,1,1
"777",302341060,1,1,0,0,1,0,1,0,0,0,0,0,0,0,0,11,0,1,2,1
"778",302341061,1,1,0,0,1,0,1,0,0,0,0,0,0,0,0,11,0,1,1,1
"779",302341074,0,1,0,0,1,0,1,0,0,0,0,0,0,0,0,10,0,NA,2,1
"780",302341088,1,1,0,0,1,0,1,0,0,0,0,0,0,0,0,11,0,2,2,1
"781",302341091,1,1,0,0,1,0,1,0,0,0,0,0,0,0,0,10,0,2,2,1
"782",302341097,1,1,0,0,1,0,1,0,0,0,0,0,0,0,0,11,0,2,2,1
"783",302341102,1,1,0,0,1,0,1,0,0,0,0,0,0,0,0,11,0,1,1,1
"784",302341108,1,1,0,0,1,0,1,0,0,0,0,0,0,0,0,11,0,1,1,1
"785",302341136,1,1,0,0,1,0,1,0,0,0,0,0,0,0,0,12,0,2,2,1
"786",302341138,1,1,0,0,1,0,1,0,0,0,0,0,0,0,0,13,0,2,2,1
"787",302341156,1,1,0,0,1,0,1,0,0,0,0,0,0,0,0,12,0,1,1,1
"788",302341180,1,1,0,0,1,0,1,0,0,0,0,0,0,0,0,11,0,2,2,1
"789",302341205,1,1,0,0,1,0,1,0,0,0,0,0,0,0,0,11,0,2,2,1
"790",302341210,1,1,0,0,1,0,1,0,0,0,0,0,0,0,0,11,0,1,1,1
"791",302341224,1,1,0,0,1,0,1,0,0,0,0,0,0,0,0,11,0,1,1,1
"792",302341240,1,1,0,0,1,0,1,0,0,0,0,0,0,0,0,10,0,3,1,1
"793",302341244,1,1,0,0,1,0,1,0,0,0,0,0,0,0,0,11,0,1,1,1
"794",302341256,1,1,0,0,1,0,1,0,0,0,0,0,0,0,0,12,0,2,2,1
"795",302341258,1,1,0,0,1,0,1,0,0,0,0,0,0,0,0,11,0,1,1,1
"796",302341260,1,1,0,0,1,0,1,0,0,0,0,0,0,0,0,11,0,4,4,1
"797",302341280,1,1,0,0,1,0,1,0,0,0,0,0,0,0,0,11,0,1,1,1
"798",302342009,1,1,0,0,1,0,1,0,0,0,0,0,0,0,1,10,0,2,2,1
"799",302342010,1,1,0,0,1,0,1,0,0,0,0,0,0,0,1,12,0,1,1,1
"800",302342014,1,1,0,0,1,0,1,0,0,0,0,0,0,0,1,12,0,2,2,1
"801",302342015,1,1,0,0,1,0,1,0,0,0,0,0,0,0,1,12,0,1,1,1
"802",302342033,1,1,0,0,1,0,1,0,0,0,0,0,0,0,1,11,0,2,2,1
"803",302342036,1,1,0,0,1,0,1,0,0,0,0,0,0,0,1,10,0,1,1,1
"804",302342040,1,1,0,0,1,0,1,0,0,0,0,0,0,0,1,11,0,2,1,1
"805",302342053,1,1,0,0,1,0,1,0,0,0,0,0,0,0,1,12,0,1,1,1
"806",302342058,1,1,0,0,1,0,1,0,0,0,0,0,0,0,1,10,0,1,1,1
"807",302342068,1,1,1,0,1,0,1,0,0,0,0,0,0,0,1,12,0,1,1,1
"808",302342073,1,1,0,0,1,0,1,0,0,0,0,0,0,0,1,12,0,2,2,1
"809",302342086,1,1,0,0,1,0,1,0,0,0,0,0,0,0,1,12,0,1,1,1
"810",302342091,1,1,0,0,1,0,1,0,0,0,0,0,0,0,1,10,0,2,2,1
"811",302342099,1,1,0,0,1,0,1,0,0,0,0,0,0,0,1,12,0,1,1,1
"812",302342113,1,1,0,0,1,0,1,0,0,0,0,0,0,0,1,12,0,2,2,1
"813",302342124,1,1,0,0,1,0,1,0,0,0,0,0,0,0,1,10,0,2,2,1
"814",302342151,1,0,0,0,1,0,1,0,0,0,0,0,0,0,1,11,0,2,NA,NA
"815",302342201,1,1,0,0,1,0,1,0,0,0,0,0,0,0,1,10,0,1,1,2
"816",302342216,1,1,0,0,1,0,1,0,0,0,0,0,0,0,1,11,0,1,1,1
"817",302342226,1,1,0,0,1,0,1,0,0,0,0,0,0,0,1,10,0,1,1,2
"818",302342244,1,1,0,0,1,0,1,0,0,0,0,0,0,0,1,11,0,1,1,1
"819",302342254,1,1,0,0,1,0,1,0,0,0,0,0,0,0,1,11,0,1,1,1
"820",302342269,1,1,0,0,1,0,1,0,0,0,0,0,0,0,1,12,0,2,2,1
"821",302343007,1,1,0,0,1,0,1,0,0,0,0,0,0,0,0,15,0,2,2,1
"822",302343028,1,1,0,0,1,0,1,0,0,0,0,0,0,0,0,17,0,-96,-96,1
"823",302343044,1,1,0,0,1,0,1,0,0,0,0,0,0,0,0,15,0,2,2,1
"824",302343048,1,1,0,0,1,0,1,0,0,0,0,0,0,0,0,15,0,2,2,1
"825",302343050,1,1,0,0,1,0,1,0,0,0,0,0,0,0,0,16,0,1,1,1
"826",302343060,1,1,0,0,1,0,1,0,0,0,0,0,0,0,0,17,0,2,2,1
"827",302343062,1,1,0,0,1,0,0,1,0,0,0,0,0,0,0,15,0,2,2,1
"828",302343064,1,1,0,0,1,0,1,0,0,0,0,0,0,0,0,17,0,2,2,1
"829",302343067,1,1,0,0,1,0,1,0,0,0,0,0,0,0,0,15,0,1,1,1
"830",302343070,1,1,0,0,1,0,1,0,0,0,0,0,0,0,0,17,0,2,2,1
"831",302343075,1,1,0,0,1,0,1,0,0,0,0,0,0,0,0,18,0,2,2,1
"832",302343080,1,1,0,0,1,0,1,0,0,0,0,0,0,0,0,15,0,1,3,1
"833",302343081,1,1,0,0,1,0,1,0,0,0,0,0,0,0,0,16,0,2,2,1
"834",302343082,1,1,0,0,1,0,1,0,0,0,0,0,0,0,0,15,0,4,4,1
"835",302343083,1,1,0,0,1,0,1,0,0,0,0,0,0,0,0,17,0,2,2,3
"836",302343089,1,1,0,0,1,0,1,0,0,0,0,0,0,0,0,16,0,2,2,1
"837",302343097,1,1,0,0,1,0,1,0,0,0,0,0,0,0,0,16,0,1,1,1
"838",302343099,1,1,0,0,1,0,1,0,0,0,0,0,0,0,0,16,0,2,2,1
"839",302343110,1,1,0,0,1,0,1,0,0,0,0,0,0,0,0,17,0,2,2,1
"840",302343112,1,1,0,0,1,0,1,0,0,0,0,0,0,0,0,16,0,2,2,1
"841",302343115,1,1,0,0,1,0,1,0,0,0,0,0,0,0,0,15,0,2,2,1
"842",302343120,1,1,0,0,1,0,1,0,0,0,0,0,0,0,0,16,0,2,2,1
"843",302343129,1,1,0,0,1,0,1,0,0,0,0,0,0,0,0,16,0,2,2,1
"844",302343135,1,1,0,0,1,0,1,0,0,0,0,0,0,0,0,15,0,2,2,1
"845",302343136,1,1,0,0,1,0,1,0,0,0,0,0,0,0,0,16,0,2,2,1
"846",302343143,1,1,0,0,1,0,1,0,0,0,0,0,0,0,0,16,0,2,2,1
"847",302343165,1,1,0,0,1,0,1,0,0,0,0,0,0,0,0,15,0,1,1,1
"848",302343168,1,1,0,0,1,0,1,0,0,0,0,0,0,0,0,15,0,4,4,1
"849",302343178,1,1,0,0,1,0,1,0,0,0,0,0,0,0,0,16,0,2,2,2
"850",302343200,1,1,0,0,1,0,1,0,0,0,0,0,0,0,0,16,0,4,4,1
"851",302343264,1,1,0,0,1,0,1,0,0,0,0,0,0,0,0,16,0,1,1,1
"852",302343268,1,1,0,0,1,0,1,0,0,0,0,0,0,0,0,15,0,2,2,1
"853",302343300,1,1,0,0,1,0,1,0,0,0,0,0,0,0,0,17,0,5,5,3
"854",302344002,1,1,0,0,1,0,1,0,0,0,0,0,0,0,1,15,0,1,1,1
"855",302344021,1,1,0,0,1,0,1,0,0,0,0,0,0,0,1,16,0,2,2,2
"856",302344067,1,1,0,0,1,0,1,0,0,0,0,0,0,0,1,16,0,1,1,1
"857",302344069,1,1,0,0,1,0,1,0,0,0,0,0,0,0,1,17,0,1,1,1
"858",302344077,1,1,0,0,1,0,1,0,0,0,0,0,0,0,1,16,0,2,2,1
"859",302344093,1,1,0,0,1,0,1,0,0,0,0,0,0,0,1,17,0,5,5,1
"860",302344118,1,1,0,0,1,0,1,0,0,0,0,0,0,0,1,16,0,1,1,1
"861",302344137,1,1,0,0,1,0,1,0,0,0,0,0,0,0,1,16,0,1,1,1
"862",302344141,1,1,0,0,1,0,1,0,0,0,0,0,0,0,1,15,0,2,2,1
"863",302344177,1,1,0,0,1,0,1,0,0,0,0,0,0,0,1,15,0,2,2,1
"864",302344229,1,1,0,0,1,0,1,0,0,0,0,0,0,0,1,16,0,1,1,1
"865",302344243,1,1,0,0,1,0,1,0,0,0,0,0,0,0,1,15,0,4,4,1
"866",302381005,1,1,0,0,1,0,1,0,0,0,0,0,0,0,0,10,0,1,1,1
"867",302381009,1,1,0,0,1,0,1,0,0,0,0,0,0,0,0,11,0,1,1,1
"868",302381017,1,1,0,0,1,0,1,0,0,0,0,0,0,0,0,12,0,1,1,1
"869",302381037,1,1,0,0,1,0,1,0,0,0,0,0,0,0,1,12,0,2,2,1
"870",302381038,1,1,0,0,1,0,1,0,0,0,0,0,0,0,0,12,0,2,2,1
"871",302381047,1,1,0,0,1,0,1,0,0,0,0,0,0,0,0,10,0,1,1,1
"872",302381051,1,1,0,0,1,0,1,0,0,0,0,0,0,0,0,12,0,1,1,1
"873",302381054,1,1,0,0,1,0,1,0,0,0,0,0,0,0,0,10,0,1,1,1
"874",302381055,1,1,0,0,1,0,1,0,0,0,0,0,0,0,0,11,0,1,1,1
"875",302381057,1,1,0,0,1,0,1,0,0,0,0,0,0,0,0,10,0,1,1,1
"876",302381066,1,1,0,0,1,0,1,0,0,0,0,0,0,0,0,10,0,1,1,1
"877",302381087,1,1,0,0,1,0,1,0,0,0,0,0,0,0,0,11,0,1,1,1
"878",302381090,1,1,0,0,1,0,1,0,0,0,0,0,0,0,0,12,0,1,1,1
"879",302381096,1,1,0,0,1,0,1,0,0,0,0,0,0,0,0,11,0,1,1,1
"880",302381128,1,1,0,0,1,0,1,0,0,0,0,0,0,0,0,11,0,2,2,1
"881",302381161,1,1,0,0,1,0,1,0,0,0,0,0,0,0,0,10,0,1,1,1
"882",302381163,1,1,0,0,1,0,1,0,0,0,0,0,0,0,0,11,0,1,1,1
"883",302381166,1,1,0,0,1,0,1,0,0,0,0,0,0,0,0,11,0,3,3,1
"884",302381184,1,1,0,0,1,0,1,0,0,0,0,0,0,0,0,10,0,1,1,1
"885",302381187,1,1,0,0,1,0,1,0,0,0,0,0,0,0,0,11,0,1,1,1
"886",302381200,1,1,0,0,1,0,1,0,0,0,0,0,0,0,0,12,0,1,1,1
"887",302381207,1,1,0,0,1,0,1,0,0,0,0,0,0,0,0,10,0,1,1,1
"888",302381214,1,1,0,0,1,0,1,0,0,0,0,0,0,0,0,12,0,1,1,1
"889",302381221,1,1,0,0,1,0,1,0,0,0,0,0,0,0,0,11,0,2,2,1
"890",302381236,1,1,0,0,1,0,1,0,0,0,0,0,0,0,0,12,0,1,1,1
"891",302381239,1,1,0,0,1,0,1,0,0,0,0,0,0,0,0,11,0,1,1,1
"892",302381242,1,1,0,0,1,0,1,0,0,0,0,0,0,0,0,11,0,2,2,1
"893",302381245,1,1,0,0,1,0,1,0,0,0,0,0,0,0,0,12,0,1,1,1
"894",302381247,1,1,0,0,1,0,1,0,0,0,0,0,0,0,0,12,0,1,1,1
"895",302381255,1,1,0,0,1,0,1,0,0,0,0,0,0,0,0,11,0,1,1,1
"896",302381259,1,1,0,0,1,0,1,0,0,0,0,0,0,0,0,12,0,1,1,1
"897",302382006,1,1,0,0,1,0,1,0,0,0,0,0,0,0,1,10,0,1,1,1
"898",302382026,1,1,0,0,1,0,1,0,0,0,0,0,0,0,1,11,0,1,1,1
"899",302382039,1,1,0,0,1,0,1,0,0,0,0,0,0,0,1,11,0,1,1,1
"900",302382043,1,1,0,0,1,0,1,0,0,0,0,0,0,0,1,11,0,1,1,1
"901",302382045,1,1,0,0,1,0,1,0,0,0,0,0,0,0,1,12,0,1,1,1
"902",302382046,1,1,0,0,1,0,1,0,0,0,0,0,0,0,1,11,0,1,1,1
"903",302382048,1,1,0,0,1,0,1,0,0,0,0,0,0,0,1,12,0,1,1,1
"904",302382050,1,1,0,0,1,0,1,0,0,0,0,0,0,0,1,12,0,3,1,1
"905",302382051,1,1,0,0,1,0,1,0,0,0,0,0,0,0,1,11,0,1,1,1
"906",302382059,1,1,0,0,1,0,1,0,0,0,0,0,0,0,1,10,0,1,1,1
"907",302382064,1,1,0,0,1,0,1,0,0,0,0,0,0,0,1,10,0,1,1,1
"908",302382065,1,1,0,0,1,0,1,0,0,0,0,0,0,0,1,10,0,1,1,1
"909",302382067,1,1,0,0,1,0,1,0,0,0,0,0,0,0,1,12,0,4,4,1
"910",302382069,1,1,0,0,1,0,1,0,0,0,0,0,0,0,1,11,0,1,1,1
"911",302382074,1,1,0,0,1,0,1,0,0,0,0,0,0,0,1,10,0,2,2,1
"912",302382077,1,1,0,0,1,0,1,0,0,0,0,0,0,0,1,12,0,2,2,1
"913",302382084,1,1,0,0,1,0,1,0,0,0,0,0,0,0,1,12,0,1,1,1
"914",302382085,1,1,0,0,1,0,1,0,0,0,0,0,0,0,1,11,0,1,1,1
"915",302382089,1,1,0,0,1,0,1,0,0,0,0,0,0,0,1,11,0,1,1,1
"916",302382092,1,1,0,0,1,0,1,0,0,0,0,0,0,0,1,11,0,1,1,1
"917",302382097,1,1,0,0,1,0,1,0,0,0,0,0,0,0,1,11,0,1,2,1
"918",302382100,1,1,0,0,1,0,1,0,0,0,0,0,0,0,1,10,0,1,1,1
"919",302382112,1,1,0,0,1,0,1,0,0,0,0,0,0,0,1,10,0,2,2,1
"920",302382152,1,1,0,0,1,0,1,0,0,0,0,0,0,0,1,12,0,1,1,1
"921",302382156,1,1,0,0,1,0,1,0,0,0,0,0,0,0,1,10,0,1,1,1
"922",302382159,1,1,0,0,1,0,1,0,0,0,0,0,0,0,1,10,0,1,1,1
"923",302382172,1,1,0,0,1,0,1,0,0,0,0,0,0,0,1,12,0,1,1,1
"924",302382179,1,1,0,0,1,0,1,0,0,0,0,0,0,0,1,12,0,1,1,1
"925",302382184,1,1,0,0,1,0,1,0,0,0,0,0,0,0,1,11,0,2,2,1
"926",302382188,1,1,0,0,1,0,1,0,0,0,0,0,0,0,1,11,0,1,1,1
"927",302382192,1,1,0,0,1,0,1,0,0,0,0,0,0,0,1,12,0,1,1,1
"928",302382207,1,1,0,0,1,0,1,0,0,0,0,0,0,0,1,12,0,1,1,1
"929",302382213,1,1,0,0,1,0,1,0,0,0,0,0,0,0,1,11,0,1,1,1
"930",302382214,1,1,0,0,1,0,1,0,0,0,0,0,0,0,1,11,0,3,1,1
"931",302382220,1,1,0,0,1,0,1,0,0,0,0,0,0,0,1,12,0,1,1,1
"932",302382227,1,1,0,0,1,0,1,0,0,0,0,0,0,0,1,12,0,1,1,1
"933",302382236,0,1,0,0,1,0,1,0,0,0,0,0,0,0,1,12,0,NA,1,1
"934",302382248,1,1,0,0,1,0,1,0,0,0,0,0,0,0,1,12,0,1,1,1
"935",302382249,1,1,0,0,1,0,1,0,0,0,0,0,0,0,1,12,0,1,1,1
"936",302382259,1,1,0,0,1,0,1,0,0,0,0,0,0,0,1,10,0,1,1,1
"937",302383027,1,1,0,0,1,0,1,0,0,0,0,0,0,0,0,16,0,1,1,1
"938",302383032,1,1,0,0,1,0,1,0,0,0,0,0,0,0,0,15,0,1,1,1
"939",302383059,1,1,0,0,1,0,1,0,0,0,0,0,0,0,0,15,0,2,2,1
"940",302383063,1,1,0,0,1,0,1,0,0,0,0,0,0,0,0,15,0,1,1,1
"941",302383078,1,1,0,0,1,0,1,0,0,0,0,0,0,0,0,16,0,1,1,1
"942",302383133,1,1,0,0,1,0,1,0,0,0,0,0,0,0,0,16,0,2,2,1
"943",302383146,1,1,0,0,1,0,1,0,0,0,0,0,0,0,0,17,0,1,1,1
"944",302383171,1,1,0,0,1,0,1,0,0,0,0,0,0,0,0,17,0,4,4,1
"945",302383195,1,1,0,0,1,0,1,0,0,0,0,0,0,0,0,15,0,1,1,1
"946",302383199,1,1,0,0,1,0,1,0,0,0,0,0,0,0,0,15,0,1,1,1
"947",302383209,1,1,0,0,1,0,1,0,0,0,0,0,0,0,0,15,0,1,1,1
"948",302383229,1,1,0,0,1,0,1,0,0,0,0,0,0,0,0,16,0,3,3,1
"949",302383240,1,1,0,0,1,0,1,0,0,0,0,0,0,0,0,15,0,2,2,1
"950",302383259,1,1,0,0,1,0,1,0,0,0,0,0,0,0,0,16,0,2,2,1
"951",302383267,1,1,0,0,1,0,1,0,0,0,0,0,0,0,0,15,0,1,1,1
"952",302383289,1,1,0,0,1,0,1,0,0,0,0,0,0,0,0,17,0,2,2,1
"953",302384001,1,1,0,0,1,0,1,0,0,0,0,0,0,0,1,15,0,1,1,1
"954",302384003,1,1,0,0,1,0,1,0,0,0,0,0,0,0,1,16,0,1,1,1
"955",302384017,1,1,0,0,1,0,1,0,0,0,0,0,0,0,1,17,0,1,1,1
"956",302384025,1,1,0,0,1,0,1,0,0,0,0,0,0,0,1,16,0,1,1,1
"957",302384045,1,1,0,0,1,0,1,0,0,0,0,0,0,0,1,15,0,1,1,1
"958",302384046,1,1,0,0,1,0,1,0,0,0,0,0,0,0,1,15,0,1,1,1
"959",302384060,1,1,0,0,1,0,1,0,0,0,0,0,0,0,1,17,0,2,2,1
"960",302384083,1,1,0,0,1,0,1,0,0,0,0,0,0,0,1,17,0,2,2,1
"961",302384088,1,1,0,0,1,0,1,0,0,0,0,0,0,0,1,17,0,2,2,1
"962",302384094,1,1,0,0,1,0,1,0,0,0,0,0,0,0,1,17,0,1,1,1
"963",302384100,1,1,0,0,1,0,1,0,0,0,0,0,0,0,1,17,0,2,2,1
"964",302384117,1,1,0,0,1,0,1,0,0,0,0,0,0,0,1,15,0,1,1,1
"965",302384120,1,1,0,0,1,0,1,0,0,0,0,0,0,0,1,17,0,2,2,1
"966",302384125,1,1,0,0,1,0,1,0,0,0,0,0,0,0,1,16,0,3,3,1
"967",302384129,1,1,0,0,1,0,1,0,0,0,0,0,0,0,1,15,0,2,2,1
"968",302384135,1,1,0,0,1,0,1,0,0,0,0,0,0,0,1,16,0,2,1,1
"969",302384140,1,1,0,0,1,0,1,0,0,0,0,0,0,0,1,16,0,2,2,1
"970",302384163,1,1,0,0,1,0,1,0,0,0,0,0,0,0,1,15,0,2,2,1
"971",302384166,1,1,0,0,1,0,1,0,0,0,0,0,0,0,1,15,0,1,1,1
"972",302384175,1,1,0,0,1,0,1,0,0,0,0,0,0,0,1,16,0,1,1,1
"973",302384183,1,1,0,0,1,0,1,0,0,0,0,0,0,0,1,15,0,2,2,1
"974",302384193,1,1,0,0,1,0,1,0,0,0,0,0,0,0,1,16,0,1,1,1
"975",302384244,1,1,0,0,1,0,1,0,0,0,0,0,0,0,1,16,0,1,1,1
"976",302384246,1,1,0,0,1,0,1,0,0,0,0,0,0,0,1,16,0,1,1,1
"977",302491153,1,1,0,0,1,0,1,0,0,0,0,0,0,0,0,10,0,2,2,1
"978",302492182,1,1,0,0,1,0,1,0,0,0,0,0,0,0,1,10,0,2,2,1
"979",302492185,1,1,0,0,1,0,1,0,0,0,0,0,0,0,1,11,0,1,1,1
"980",302492186,1,1,0,0,1,0,1,0,0,0,0,0,0,0,1,11,0,1,1,1
"981",302492193,1,1,0,0,1,0,1,0,0,0,0,0,0,0,1,11,0,2,2,1
"982",302492205,1,1,0,0,1,0,1,0,0,0,0,0,0,0,1,12,0,1,1,1
"983",302492209,1,1,0,0,1,0,1,0,0,0,0,0,0,0,1,12,0,1,1,1
"984",302492228,1,1,0,0,1,0,1,0,0,0,0,0,0,0,1,10,1,2,2,1
"985",302492231,1,1,0,0,1,0,1,0,0,0,0,0,0,0,1,11,0,2,2,1
"986",302492262,1,1,0,0,1,0,1,0,0,0,0,0,0,0,1,12,0,2,2,1
"987",302492283,1,1,0,0,1,0,0,0,0,1,0,0,0,0,1,13,0,2,2,1
"988",302492300,1,1,0,0,1,0,1,0,0,0,0,0,0,0,1,11,0,2,2,1
"989",302493151,1,1,0,0,1,0,1,0,0,0,0,0,0,0,0,17,0,2,2,1
"990",302493159,1,1,0,0,1,0,1,0,0,0,0,0,0,0,0,17,0,2,2,1
"991",302493167,1,1,0,0,1,0,1,0,0,0,0,0,0,0,0,16,0,2,2,1
"992",302493180,1,1,0,0,1,0,1,0,0,0,0,0,0,0,0,15,0,2,2,1
"993",302493221,1,1,0,0,1,0,1,0,0,0,0,0,0,0,0,16,0,1,1,1
"994",302493224,1,1,0,0,1,0,1,0,0,0,0,0,0,0,0,15,0,1,1,1
"995",302493231,1,1,0,0,1,0,1,0,0,0,0,0,0,0,0,16,0,2,2,1
"996",302493256,1,1,0,0,1,0,1,0,0,0,0,0,0,0,0,17,0,2,2,1
"997",302493299,1,1,0,0,1,0,1,0,0,0,0,0,0,0,0,17,0,2,2,1
"998",302494157,1,1,0,0,1,0,1,0,0,0,0,0,0,0,1,16,0,1,1,1
"999",302494186,1,1,0,0,1,0,1,0,0,0,0,0,0,0,1,17,0,2,2,1
"1000",302494190,1,1,0,0,1,0,1,0,0,0,0,0,0,0,1,16,0,2,2,1
"1001",302494202,1,1,0,0,1,0,1,0,0,0,0,0,0,0,1,15,1,1,1,1
"1002",302494203,1,1,0,0,1,0,1,0,0,0,0,0,0,0,1,16,0,1,1,1
"1003",302494217,1,1,0,0,1,0,1,0,0,0,0,0,0,0,1,17,0,1,1,1
"1004",302494220,1,1,0,0,1,0,1,0,0,0,0,0,0,0,1,16,0,3,1,1
"1005",302494248,1,1,0,0,1,0,1,0,0,0,0,0,0,0,1,15,0,2,2,1
"1006",302494251,1,1,0,0,1,0,1,0,0,0,0,0,0,0,1,15,0,1,1,1
"1007",302494264,1,1,0,0,1,0,1,0,0,0,0,0,0,0,1,16,0,1,1,1
"1008",302494269,1,1,0,0,1,0,1,0,0,0,0,0,0,0,1,15,0,1,1,1
"1009",302494289,1,1,0,0,1,0,1,0,0,0,0,0,0,0,1,17,0,2,2,1
"1010",302501031,1,1,0,0,1,0,1,0,0,0,0,0,0,0,0,11,0,2,2,1
"1011",302501033,1,1,0,0,1,0,1,0,0,0,0,0,0,0,0,11,0,2,2,1
"1012",302501084,1,1,0,0,1,0,1,0,0,0,0,0,0,0,0,12,0,2,2,1
"1013",302501119,1,1,0,0,1,0,1,0,0,0,0,0,0,0,0,12,0,2,2,1
"1014",302501123,1,1,0,0,1,0,1,0,0,0,0,0,0,0,0,11,0,2,2,1
"1015",302501162,1,1,0,0,1,0,1,0,0,0,0,0,0,0,0,10,0,1,1,1
"1016",302501168,1,1,0,0,1,0,1,0,0,0,0,0,0,0,0,11,0,1,1,1
"1017",302501171,1,1,0,0,1,0,1,0,0,0,0,0,0,0,0,12,0,2,2,1
"1018",302501175,1,1,0,0,1,0,1,0,0,0,0,0,0,0,0,11,0,1,1,2
"1019",302501179,1,1,0,0,1,0,1,0,0,0,0,0,0,0,0,12,0,2,2,1
"1020",302501181,1,1,0,0,1,0,1,0,0,0,0,0,0,0,0,12,0,2,2,1
"1021",302501183,1,1,0,0,1,0,1,0,0,0,0,0,0,0,0,11,0,1,1,1
"1022",302501191,1,1,0,0,1,0,1,0,0,0,0,0,0,0,0,12,0,1,1,1
"1023",302501196,1,1,0,0,1,0,1,0,0,0,0,0,0,0,0,12,0,2,2,1
"1024",302501201,1,1,0,0,1,0,1,0,0,0,0,0,0,0,0,12,0,1,1,1
"1025",302501202,1,1,0,0,1,0,1,0,0,0,0,0,0,0,0,11,0,1,1,1
"1026",302501208,1,1,0,0,1,0,1,0,0,0,0,0,0,0,0,12,0,2,2,1
"1027",302501211,1,1,0,0,1,0,1,0,0,0,0,0,0,0,0,11,0,2,2,1
"1028",302501218,1,1,0,0,1,0,1,0,0,0,0,0,0,0,0,11,0,2,2,1
"1029",302501243,1,1,0,0,1,0,1,0,0,0,0,0,0,0,0,11,0,1,1,1
"1030",302501246,1,1,0,0,1,0,1,0,0,0,0,0,0,0,0,12,0,1,1,1
"1031",302502003,1,1,0,0,1,0,1,0,0,0,0,0,0,0,1,12,0,1,3,1
"1032",302502007,1,1,0,0,1,0,1,0,0,0,0,0,0,0,1,10,0,2,2,1
"1033",302502013,1,1,0,0,1,0,1,0,0,0,0,0,0,0,1,11,0,2,2,1
"1034",302502056,1,1,0,0,1,0,1,0,0,0,0,0,0,0,1,11,0,2,2,1
"1035",302502078,1,1,0,0,1,0,1,0,0,0,0,0,0,0,1,12,0,2,2,1
"1036",302502155,1,1,0,0,1,0,1,0,0,0,0,0,0,0,1,12,0,1,1,1
"1037",302502158,1,1,0,0,1,0,1,0,0,0,0,0,0,0,1,11,0,1,1,1
"1038",302502160,1,1,0,0,1,0,1,0,0,0,0,0,0,0,1,11,0,1,1,1
"1039",302502178,1,1,0,0,1,0,1,0,0,0,0,0,0,0,1,12,0,1,1,1
"1040",302502180,1,1,0,0,1,0,1,0,0,0,0,0,0,0,1,11,0,2,2,1
"1041",302502190,1,1,0,0,1,0,1,0,0,0,0,0,0,0,1,11,0,1,1,1
"1042",302502198,1,1,0,0,1,0,1,0,0,0,0,0,0,0,1,11,0,2,2,1
"1043",302502210,1,1,0,0,1,0,1,0,0,0,0,0,0,0,1,12,0,1,1,1
"1044",302502219,1,1,0,0,1,0,1,0,0,0,0,0,0,0,1,11,0,2,2,1
"1045",302502243,1,1,0,0,1,0,1,0,0,0,0,0,0,0,1,11,0,1,1,1
"1046",302502251,1,1,0,0,1,0,1,0,0,0,0,0,0,0,1,11,1,2,2,1
"1047",302502264,1,1,0,0,1,0,1,0,0,0,0,0,0,0,1,10,0,2,2,1
"1048",302503052,1,1,0,0,1,0,1,0,0,0,0,0,0,0,0,16,0,2,2,1
"1049",302503065,1,1,0,0,1,0,1,0,0,0,0,0,0,0,0,16,0,2,2,2
"1050",302503072,1,1,0,0,1,0,1,0,0,0,0,0,0,0,0,16,0,2,2,1
"1051",302503092,1,1,0,0,1,0,1,0,0,0,0,0,0,0,0,16,0,2,2,1
"1052",302503098,1,1,0,0,1,0,1,0,0,0,0,0,0,0,0,17,0,2,2,1
"1053",302503130,1,1,0,0,1,0,1,0,0,0,0,0,0,0,0,16,0,2,2,1
"1054",302503191,1,1,0,0,1,0,1,0,0,0,0,0,0,0,0,17,0,2,2,1
"1055",302503204,1,1,0,0,1,0,1,0,0,0,0,0,0,0,0,16,0,1,1,1
"1056",302503205,1,1,0,0,1,0,1,0,0,0,0,0,0,0,0,16,0,1,1,1
"1057",302503206,0,1,0,0,1,0,1,0,0,0,0,0,0,0,0,16,0,NA,2,1
"1058",302503216,1,1,0,0,1,0,1,0,0,0,0,0,0,0,0,16,0,2,2,1
"1059",302503236,1,1,0,0,1,0,1,0,0,0,0,0,0,0,0,17,0,2,2,1
"1060",302503277,1,1,0,0,1,0,1,0,0,0,0,0,0,0,0,16,0,2,2,1
"1061",302503280,1,1,0,0,1,0,1,0,0,0,0,0,0,0,0,16,0,2,2,1
"1062",302503284,1,1,0,0,1,0,1,0,0,0,0,0,0,0,0,16,0,2,2,1
"1063",302504022,1,1,0,0,1,0,1,0,0,0,0,0,0,0,1,15,0,2,2,1
"1064",302504112,1,1,0,0,1,0,1,0,0,0,0,0,0,0,1,17,0,2,2,1
"1065",302504161,1,1,0,0,1,0,1,0,0,0,0,0,0,0,1,15,0,2,2,1
"1066",302504168,1,1,0,0,1,0,1,0,0,0,0,0,0,0,1,18,0,1,1,1
"1067",302504179,1,1,0,0,1,0,1,0,0,0,0,0,0,0,1,15,0,1,1,1
"1068",302504194,1,1,0,0,1,0,1,0,0,0,0,0,0,0,1,15,0,2,2,1
"1069",302504204,1,1,0,0,1,0,1,0,0,0,0,0,0,0,1,17,0,2,2,1
"1070",302504211,1,1,0,0,1,0,1,0,0,0,0,0,0,0,1,16,0,2,2,1
"1071",302504221,1,1,0,0,1,0,1,0,0,0,0,0,0,0,1,15,0,2,2,1
"1072",302504227,1,1,0,0,1,0,1,0,0,0,0,0,0,0,1,16,0,1,1,1
"1073",302504238,1,1,0,0,1,0,1,0,0,0,0,0,0,0,1,16,0,1,1,1
"1074",302504253,1,1,0,0,1,0,1,0,0,0,0,0,0,0,1,15,0,2,2,1
"1075",305111319,1,1,0,0,1,0,0,1,0,0,0,0,0,0,0,11,0,2,2,1
"1076",305111331,1,1,0,0,1,0,0,1,0,0,0,0,0,0,0,10,0,1,1,1
"1077",305111339,1,1,0,0,1,0,0,1,0,0,0,0,0,0,0,11,0,2,2,1
"1078",305111341,1,1,0,0,1,0,0,1,0,0,0,0,0,0,0,12,0,2,2,1
"1079",305111366,1,1,0,0,1,0,0,1,0,0,0,0,0,0,0,12,1,2,2,1
"1080",305111387,1,1,0,0,1,0,0,1,0,0,0,0,0,0,0,11,0,2,2,1
"1081",305111400,1,1,0,0,1,0,0,1,0,0,0,0,0,0,0,12,0,1,1,1
"1082",305111441,1,1,0,0,1,0,0,1,0,0,0,0,0,0,0,12,0,2,2,1
"1083",305112330,1,1,0,0,1,0,0,1,0,0,0,0,0,0,1,12,0,2,2,1
"1084",305112363,1,1,0,0,1,0,0,1,0,0,0,0,0,0,1,10,0,2,2,1
"1085",305112374,1,1,0,0,1,0,0,1,0,0,0,0,0,0,1,11,0,2,2,3
"1086",305112410,1,1,0,0,1,0,0,1,0,0,0,0,0,0,1,10,0,2,2,1
"1087",305112412,1,1,0,0,1,0,0,1,0,0,0,0,0,0,1,11,0,1,1,1
"1088",305112434,1,1,0,0,1,0,0,1,0,0,0,0,0,0,1,12,0,2,2,1
"1089",305112449,1,1,0,0,1,0,0,1,0,0,0,0,0,0,1,11,0,2,2,1
"1090",305113310,1,1,0,0,1,0,0,1,0,0,0,0,0,0,0,15,0,1,1,1
"1091",305113324,1,1,0,0,1,0,0,1,0,0,0,0,0,0,0,16,0,2,2,1
"1092",305113328,1,1,0,0,1,0,0,1,0,0,0,0,0,0,0,17,0,2,2,1
"1093",305113337,1,1,0,0,1,0,0,1,0,0,0,0,0,0,0,16,0,2,2,1
"1094",305113338,1,1,0,0,1,0,0,1,0,0,0,0,0,0,0,16,0,1,1,1
"1095",305113343,1,1,0,0,1,0,0,1,0,0,0,0,0,0,0,15,0,2,2,1
"1096",305113348,1,1,0,0,1,0,0,1,0,0,0,0,0,0,0,16,0,2,2,1
"1097",305113357,1,1,0,0,1,0,0,1,0,0,0,0,0,0,0,15,0,2,2,1
"1098",305113364,1,1,0,0,1,0,0,1,0,0,0,0,0,0,0,17,0,2,2,1
"1099",305113374,1,1,0,0,1,0,0,1,0,0,0,0,0,0,0,15,0,2,2,1
"1100",305113385,1,1,0,0,1,0,0,1,0,0,0,0,0,0,0,16,0,2,2,1
"1101",305113394,1,1,0,0,1,0,0,1,0,0,0,0,0,0,0,17,0,2,2,1
"1102",305113403,1,1,0,0,1,0,0,1,0,0,0,0,0,0,0,15,0,2,2,1
"1103",305113428,1,1,0,0,1,0,0,1,0,0,0,0,0,0,0,11,0,2,2,1
"1104",305114347,1,1,0,0,1,0,0,1,0,0,0,0,0,0,1,15,0,1,1,2
"1105",305114374,1,1,0,0,1,0,0,1,0,0,0,0,0,0,1,16,0,1,1,1
"1106",305114375,1,1,0,0,1,0,0,1,0,0,0,0,0,0,1,17,0,2,2,1
"1107",305114377,1,1,0,0,1,0,0,1,0,0,0,0,0,0,1,16,0,1,1,1
"1108",305114380,1,1,0,0,1,0,0,1,0,0,0,0,0,0,1,15,0,1,1,3
"1109",305114392,1,1,0,0,1,0,0,1,0,0,0,0,0,0,1,15,0,1,1,1
"1110",305114435,1,1,0,0,1,0,0,1,0,0,0,0,0,0,1,16,0,1,1,1
"1111",305114436,1,1,0,0,1,0,0,1,0,0,0,0,0,0,1,17,0,2,2,1
"1112",305131320,1,1,0,0,1,0,0,1,0,0,0,0,0,0,0,11,0,1,1,1
"1113",305131322,1,1,0,0,1,0,0,1,0,0,0,0,0,0,0,12,0,1,1,1
"1114",305131329,1,1,0,0,1,0,0,1,0,0,0,0,0,0,0,12,0,1,1,1
"1115",305131333,1,1,0,0,1,0,0,1,0,0,0,0,0,0,0,13,0,1,1,1
"1116",305131393,1,1,0,0,1,0,0,1,0,0,0,0,0,0,0,11,0,1,1,1
"1117",305131403,1,1,0,0,1,0,0,1,0,0,0,0,0,0,0,11,0,1,1,1
"1118",305131431,1,1,0,0,1,0,0,1,0,0,0,0,0,0,0,11,0,1,1,1
"1119",305131442,1,1,0,0,1,0,0,1,0,0,0,0,0,0,0,12,0,1,1,1
"1120",305132304,1,1,0,0,1,0,0,1,0,0,0,0,0,0,1,12,0,1,1,1
"1121",305132345,1,1,0,0,1,0,0,1,0,0,0,0,0,0,1,12,0,1,1,1
"1122",305132357,1,1,0,0,1,0,0,1,0,0,0,0,0,0,1,10,0,1,1,1
"1123",305132380,1,1,0,0,1,0,0,1,0,0,0,0,0,0,1,12,0,1,1,2
"1124",305132392,1,1,0,0,1,0,0,1,0,0,0,0,0,0,1,12,0,1,1,1
"1125",305132403,1,1,0,0,1,0,0,1,0,0,0,0,0,0,1,10,0,1,1,1
"1126",305132405,1,1,0,0,1,0,0,1,0,0,0,0,0,0,1,11,0,1,1,1
"1127",305132440,1,1,0,0,1,0,0,1,0,0,0,0,0,0,1,10,0,1,1,1
"1128",305133377,1,1,0,0,1,0,0,1,0,0,0,0,0,0,0,16,0,1,1,1
"1129",305134342,1,1,0,0,1,0,0,1,0,0,0,0,0,0,1,17,0,2,2,1
"1130",305134384,1,1,0,0,1,0,0,1,0,0,0,0,0,0,1,16,0,1,1,2
"1131",305134391,1,1,0,0,1,0,0,1,0,0,0,0,0,0,1,15,0,1,1,1
"1132",305134394,1,1,0,0,1,0,0,1,0,0,0,0,0,0,1,16,0,2,2,2
"1133",305191330,1,1,0,0,1,0,0,1,0,0,0,0,0,0,0,12,0,1,1,1
"1134",305191334,1,1,0,0,1,0,0,1,0,0,0,0,0,0,0,12,0,2,2,2
"1135",305191359,1,1,0,0,1,0,0,1,0,0,0,0,0,0,0,12,0,1,1,1
"1136",305191432,1,1,0,0,1,0,0,1,0,0,0,0,0,0,0,12,0,2,2,1
"1137",305191433,1,1,0,0,1,0,0,1,0,0,0,0,0,0,0,11,0,2,2,1
"1138",305192378,1,1,0,0,1,0,0,1,0,0,0,0,0,0,1,10,0,1,1,1
"1139",305192385,1,1,0,0,1,0,0,1,0,0,0,0,0,0,1,10,0,1,1,1
"1140",305192394,1,1,0,0,1,0,0,1,0,0,0,0,0,0,1,11,0,2,2,1
"1141",305192409,1,1,0,0,1,0,0,1,0,0,0,0,0,0,1,10,0,2,2,1
"1142",305192411,1,1,0,0,1,0,0,1,0,0,0,0,0,0,1,10,0,2,2,1
"1143",305192415,1,1,0,0,1,0,0,1,0,0,0,0,0,0,1,12,0,2,2,1
"1144",305192418,1,1,0,0,1,0,0,1,0,0,0,0,0,0,1,11,0,1,1,1
"1145",305193312,1,1,0,0,1,0,0,1,0,0,0,0,0,0,0,16,0,1,1,1
"1146",305193333,1,1,0,0,1,0,0,1,0,0,0,0,0,0,0,15,0,1,1,2
"1147",305193341,1,1,0,0,1,0,0,1,0,0,0,0,0,0,0,15,0,2,2,2
"1148",305193350,1,1,0,0,1,0,0,1,0,0,0,0,0,0,0,15,0,1,1,2
"1149",305193389,1,1,0,0,1,0,0,1,0,0,0,0,0,0,0,15,0,1,1,1
"1150",305193404,1,1,0,0,1,0,0,1,0,0,0,0,0,0,0,16,0,1,1,3
"1151",305194303,1,1,0,0,1,0,0,1,0,0,0,0,0,0,1,16,0,2,2,1
"1152",305194306,1,1,0,0,1,0,0,1,0,0,0,0,0,0,1,17,0,1,1,1
"1153",305194316,1,1,0,0,1,0,0,1,0,0,0,0,0,0,1,15,0,1,1,1
"1154",305194331,1,1,0,0,1,0,0,1,0,0,0,0,0,0,1,16,0,2,2,1
"1155",305194357,1,1,0,0,1,0,0,1,0,0,0,0,0,0,1,15,0,2,2,2
"1156",305194366,1,1,0,0,1,0,0,1,0,0,0,0,0,0,1,15,0,1,1,1
"1157",305194376,1,1,0,0,1,0,0,1,0,0,0,0,0,0,1,17,0,2,2,2
"1158",305194401,1,1,0,0,1,0,0,1,0,0,0,0,0,0,1,16,0,1,1,1
"1159",305194415,1,1,0,0,1,0,0,1,0,0,0,0,0,0,1,15,0,2,1,1
"1160",305194420,1,1,0,0,1,0,0,1,0,0,0,0,0,0,1,16,0,1,1,1
"1161",305201303,1,1,0,0,1,0,0,1,0,0,0,0,0,0,0,11,0,2,2,3
"1162",305201307,1,1,0,0,1,0,0,1,0,0,0,0,0,0,0,12,0,2,2,1
"1163",305201328,1,1,0,0,1,0,0,1,0,0,0,0,0,0,1,11,0,2,2,1
"1164",305201338,1,1,0,0,1,0,0,1,0,0,0,0,0,0,0,11,0,2,2,1
"1165",305201344,1,1,0,0,1,0,0,1,0,0,0,0,0,0,0,11,0,2,1,1
"1166",305201352,1,1,0,0,1,0,0,1,0,0,0,0,0,0,0,11,0,1,1,1
"1167",305201365,1,1,0,0,1,0,0,1,0,0,0,0,0,0,0,12,0,1,1,1
"1168",305201368,1,1,0,0,1,0,0,1,0,0,0,0,0,0,0,12,0,2,2,1
"1169",305201370,1,1,0,0,1,0,0,1,0,0,0,0,0,0,0,11,0,1,1,1
"1170",305201376,1,1,0,0,1,0,0,1,0,0,0,0,0,0,0,12,0,1,1,1
"1171",305201377,1,1,0,0,1,0,0,1,0,0,0,0,0,0,0,10,0,1,1,1
"1172",305201378,1,1,0,0,1,0,0,1,0,0,0,0,0,0,0,12,0,5,1,1
"1173",305201401,1,1,0,0,1,0,0,1,0,0,0,0,0,0,0,12,0,1,1,1
"1174",305201453,1,1,0,0,1,0,0,1,0,0,0,0,0,0,0,11,0,1,1,1
"1175",305201454,1,1,0,0,1,0,0,1,0,0,0,0,0,0,0,11,0,1,1,1
"1176",305201484,1,1,0,0,1,0,0,1,0,0,0,0,0,0,0,12,0,2,2,1
"1177",305201488,1,1,0,0,1,0,0,1,0,0,0,0,0,0,0,11,0,2,2,1
"1178",305201499,1,1,0,0,1,0,0,1,0,0,0,0,0,0,0,11,0,2,2,1
"1179",305201502,1,1,0,0,1,0,0,1,0,0,0,0,0,0,0,11,0,1,1,1
"1180",305201507,1,1,0,0,1,0,0,1,0,0,0,0,0,0,0,11,0,2,2,1
"1181",305201528,1,1,0,0,1,0,0,1,0,0,0,0,0,0,0,12,0,2,2,1
"1182",305201551,1,1,0,0,1,0,0,1,0,0,0,0,0,0,0,11,0,2,2,1
"1183",305201553,1,1,0,0,1,0,0,1,0,0,0,0,0,0,0,10,0,2,2,1
"1184",305202318,1,1,0,0,1,0,0,1,0,0,0,0,0,0,1,11,0,2,2,1
"1185",305202323,1,1,0,0,1,0,0,1,0,0,0,0,0,0,1,11,0,1,1,1
"1186",305202337,1,1,0,0,1,0,0,1,0,0,0,0,0,0,1,12,0,2,2,1
"1187",305202342,1,1,0,0,1,0,0,1,0,0,0,0,0,0,1,11,0,1,1,1
"1188",305202343,1,1,0,0,1,0,0,1,0,0,0,0,0,0,1,12,0,2,1,1
"1189",305202351,1,1,0,0,1,0,0,1,0,0,0,0,0,0,1,12,0,1,1,1
"1190",305202352,1,1,0,0,1,0,0,1,0,0,0,0,0,0,1,11,0,1,1,1
"1191",305202353,1,1,0,0,1,0,0,1,0,0,0,0,0,0,1,11,0,1,1,1
"1192",305202365,1,1,0,0,1,0,0,1,0,0,0,0,0,0,1,11,0,1,1,2
"1193",305202371,1,1,0,0,1,0,0,1,0,0,0,0,0,0,1,11,0,1,1,1
"1194",305202379,1,1,0,0,1,0,0,1,0,0,0,0,0,0,1,11,0,1,1,1
"1195",305202384,1,1,0,0,1,0,0,1,0,0,0,0,0,0,1,9,1,1,1,1
"1196",305202390,1,1,0,0,1,0,0,1,0,0,0,0,0,0,1,12,0,1,1,1
"1197",305202401,1,1,0,0,1,0,0,1,0,0,0,0,0,0,1,12,0,1,1,2
"1198",305202407,1,1,0,0,1,0,0,1,0,0,0,0,0,0,1,11,0,1,1,1
"1199",305202419,1,1,0,0,1,0,0,1,0,0,0,0,0,0,1,11,0,1,1,1
"1200",305202433,1,1,0,0,1,0,0,1,0,0,0,0,0,0,1,10,0,2,2,1
"1201",305202470,1,1,0,0,1,0,0,1,0,0,0,0,0,0,1,11,0,2,2,2
"1202",305202474,1,1,0,0,1,0,0,1,0,0,0,0,0,0,1,11,0,2,2,1
"1203",305202506,1,1,0,0,1,0,0,1,0,0,0,0,0,0,1,12,0,1,2,1
"1204",305202522,1,1,0,0,1,0,0,1,0,0,0,0,0,0,1,12,0,2,2,1
"1205",305202541,1,1,0,0,1,0,0,1,0,0,0,0,0,0,1,10,0,1,1,1
"1206",305202546,1,1,0,0,1,0,0,1,0,0,0,0,0,0,1,11,0,1,1,1
"1207",305202564,1,1,0,0,1,0,0,1,0,0,0,0,0,0,1,11,0,1,1,1
"1208",305202571,1,1,0,0,1,0,0,1,0,0,0,0,0,0,1,10,0,1,1,2
"1209",305203311,1,1,0,0,1,0,0,1,0,0,0,0,0,0,0,17,0,2,2,1
"1210",305203336,0,1,0,0,1,0,0,1,0,0,0,0,0,0,0,15,0,NA,2,1
"1211",305203359,1,1,0,0,1,0,0,1,0,0,0,0,0,0,0,16,0,2,2,1
"1212",305203362,1,1,0,0,1,0,0,1,0,0,0,0,0,0,0,16,0,2,2,1
"1213",305203363,1,1,0,0,1,0,0,1,0,0,0,0,0,0,0,16,0,2,2,1
"1214",305203369,1,1,0,0,1,0,0,1,0,0,0,0,0,0,0,16,0,2,2,1
"1215",305203378,1,1,0,0,1,0,0,1,0,0,0,0,0,0,0,15,0,2,2,1
"1216",305203388,1,1,0,0,1,0,0,1,0,0,0,0,0,0,0,16,0,1,1,1
"1217",305203413,1,1,0,0,1,0,0,1,0,0,0,0,0,0,0,15,0,2,2,1
"1218",305203435,1,1,0,0,1,0,0,1,0,0,0,0,0,0,0,16,0,2,2,1
"1219",305203459,1,1,0,0,1,0,0,0,0,1,0,0,0,0,0,16,0,2,2,1
"1220",305203464,1,1,0,0,1,0,0,1,0,0,0,0,0,0,0,16,0,1,1,1
"1221",305203480,1,1,0,0,1,0,0,1,0,0,0,0,0,0,0,15,0,1,1,2
"1222",305203482,1,1,0,0,1,0,0,1,0,0,0,0,0,0,0,16,0,2,2,1
"1223",305203484,1,1,0,0,1,0,0,1,0,0,0,0,0,0,0,15,0,2,2,1
"1224",305203496,1,1,0,0,1,0,0,1,0,0,0,0,0,0,0,16,0,2,2,1
"1225",305203498,1,1,0,0,1,0,0,1,0,0,0,0,0,0,0,15,0,1,1,1
"1226",305203509,1,1,0,0,1,0,0,1,0,0,0,0,0,0,0,15,0,1,1,1
"1227",305203524,1,1,0,0,1,0,0,1,0,0,0,0,0,0,0,15,0,2,2,2
"1228",305203534,1,1,0,0,1,0,0,1,0,0,0,0,0,0,0,15,0,2,2,1
"1229",305203543,1,1,0,0,1,0,0,1,0,0,0,0,0,0,0,17,0,2,2,1
"1230",305203549,1,1,0,0,1,0,0,1,0,0,0,0,0,0,0,16,0,2,2,1
"1231",305203563,1,1,0,0,1,0,0,1,0,0,0,0,0,0,0,16,0,2,2,1
"1232",305203564,1,1,0,0,1,0,0,1,0,0,0,0,0,0,0,16,0,2,2,1
"1233",305203587,1,1,0,0,1,0,0,1,0,0,0,0,0,0,0,16,0,2,2,1
"1234",305204333,1,1,0,0,1,0,0,1,0,0,0,0,0,0,1,15,0,1,1,1
"1235",305204354,1,1,0,0,1,0,0,1,0,0,0,0,0,0,1,16,1,1,1,1
"1236",305204371,1,1,0,0,1,0,0,1,0,0,0,0,0,0,1,17,0,1,2,2
"1237",305204414,1,1,0,0,1,0,0,1,0,0,0,0,0,0,1,17,0,1,1,1
"1238",305204416,1,1,0,0,1,0,0,1,0,0,0,0,0,0,1,16,0,1,1,1
"1239",305204432,1,1,0,0,1,0,0,1,0,0,0,0,0,0,1,16,0,2,2,1
"1240",305204439,1,1,0,0,1,0,0,1,0,0,0,0,0,0,1,15,0,1,1,1
"1241",305204516,1,1,0,0,1,0,0,1,0,0,0,0,0,0,1,15,0,1,1,1
"1242",305204526,1,1,0,0,1,0,0,1,0,0,0,0,0,0,1,16,0,2,2,2
"1243",305204536,1,1,0,0,1,0,0,1,0,0,0,0,0,0,1,16,0,2,2,2
"1244",305204538,1,1,0,0,1,0,0,1,0,0,0,0,0,0,1,16,0,2,2,1
"1245",305204568,1,1,0,0,1,0,0,1,0,0,0,0,0,0,1,16,0,2,2,1
"1246",305204579,1,1,0,0,1,0,0,1,0,0,0,0,0,0,1,15,0,2,2,1
"1247",305251340,1,1,0,0,1,0,0,1,0,0,0,0,0,0,0,11,0,1,1,1
"1248",305251363,1,1,0,0,1,0,0,1,0,0,0,0,0,0,0,10,0,2,2,1
"1249",305251392,1,1,0,0,1,0,0,1,0,0,0,0,0,0,0,10,0,1,1,1
"1250",305251394,1,1,0,0,1,0,0,1,0,0,0,0,0,0,0,11,0,2,2,1
"1251",305251395,1,1,0,0,1,0,0,1,0,0,0,0,0,0,0,12,0,2,2,1
"1252",305251397,1,1,0,0,1,0,0,1,0,0,0,0,0,0,0,12,0,2,2,1
"1253",305251420,1,1,0,0,1,0,0,1,0,0,0,0,0,0,1,13,0,1,1,1
"1254",305251460,1,1,0,0,1,0,0,1,0,0,0,0,0,0,0,11,0,1,1,1
"1255",305251462,1,1,0,0,1,0,0,1,0,0,0,0,0,0,0,12,0,1,1,1
"1256",305251464,1,1,0,0,1,0,0,1,0,0,0,0,0,0,0,11,0,1,1,1
"1257",305251474,1,1,0,0,1,0,0,1,0,0,0,0,0,0,0,10,0,1,1,1
"1258",305251478,1,1,0,0,1,0,0,1,0,0,0,0,0,0,0,11,0,1,1,1
"1259",305251504,1,1,0,0,1,0,0,1,0,0,0,0,0,0,0,12,0,1,2,1
"1260",305251515,1,0,0,0,1,0,0,1,0,0,0,0,0,0,0,11,0,1,NA,NA
"1261",305251525,1,1,0,0,1,0,0,1,0,0,0,0,0,0,0,11,0,1,1,1
"1262",305251590,1,1,0,0,1,0,0,1,0,0,0,0,0,0,0,13,0,1,1,1
"1263",305251591,1,1,0,0,1,0,0,1,0,0,0,0,0,0,0,11,1,1,1,1
"1264",305252305,1,1,0,0,1,0,0,1,0,0,0,0,0,0,1,12,0,1,1,1
"1265",305252322,1,1,0,0,1,0,0,1,0,0,0,0,0,0,1,12,0,1,1,1
"1266",305252324,1,1,0,0,1,0,0,1,0,0,0,0,0,0,1,12,0,2,2,1
"1267",305252348,1,1,0,0,1,0,0,1,0,0,0,0,0,0,1,10,0,1,1,1
"1268",305252349,1,1,0,0,1,0,0,1,0,0,0,0,0,0,1,12,0,1,1,1
"1269",305252350,1,1,0,0,1,0,0,1,0,0,0,0,0,0,1,12,0,2,2,2
"1270",305252358,1,1,0,0,1,0,0,1,0,0,0,0,0,0,1,12,0,2,2,1
"1271",305252359,1,1,0,0,1,0,0,1,0,0,0,0,0,0,1,11,0,1,1,1
"1272",305252360,1,1,0,0,1,0,0,1,0,0,0,0,0,0,1,11,0,2,2,1
"1273",305252370,1,1,0,0,1,0,0,1,0,0,0,0,0,0,1,11,1,1,1,1
"1274",305252421,1,1,0,0,1,0,0,1,0,0,0,0,0,0,1,13,0,1,1,1
"1275",305252422,1,1,0,0,1,0,0,1,0,0,0,0,0,0,1,10,0,2,2,1
"1276",305252450,1,1,0,0,1,0,0,1,0,0,0,0,0,0,1,9,1,2,2,1
"1277",305252459,1,1,0,0,1,0,0,1,0,0,0,0,0,0,1,12,0,3,1,1
"1278",305252467,1,1,0,0,1,0,0,1,0,0,0,0,0,0,1,10,0,2,2,1
"1279",305252471,1,1,0,0,1,0,0,1,0,0,0,0,0,0,1,11,0,1,1,1
"1280",305252479,1,1,0,0,1,0,0,1,0,0,0,0,0,0,1,11,0,1,1,1
"1281",305252487,1,1,0,0,1,0,0,1,0,0,0,0,0,0,1,12,0,1,1,1
"1282",305252500,1,1,0,0,1,0,0,1,0,0,0,0,0,0,1,11,0,1,1,1
"1283",305252529,1,1,0,0,1,0,0,1,0,0,0,0,0,0,1,12,0,1,1,1
"1284",305252534,1,1,0,0,1,0,0,1,0,0,0,0,0,0,1,11,0,1,1,1
"1285",305252540,1,1,0,0,1,0,0,1,0,0,0,0,0,0,1,12,0,4,1,1
"1286",305252566,1,1,0,0,1,0,0,1,0,0,0,0,0,0,1,11,0,1,1,1
"1287",305252567,1,1,0,0,1,0,0,1,0,0,0,0,0,0,1,12,0,1,1,1
"1288",305253306,1,1,0,0,1,0,0,1,0,0,0,0,0,0,0,16,0,2,2,1
"1289",305253326,1,1,0,0,1,0,0,1,0,0,0,0,0,0,0,16,0,2,2,1
"1290",305253339,1,1,0,0,1,0,0,1,0,0,0,0,0,0,0,15,0,2,2,1
"1291",305253344,1,1,0,0,1,0,0,1,0,0,0,0,0,0,0,16,0,2,2,2
"1292",305253384,1,1,0,0,1,0,0,1,0,0,0,0,0,0,0,15,0,2,2,1
"1293",305253467,1,1,0,0,1,0,0,1,0,0,0,0,0,0,0,15,0,1,1,1
"1294",305253470,1,1,0,0,1,0,0,1,0,0,0,0,0,0,0,15,0,1,1,1
"1295",305253489,0,1,0,0,1,0,0,1,0,0,0,0,0,0,0,15,0,NA,1,1
"1296",305253492,1,1,0,0,1,0,0,1,0,0,0,0,0,0,0,15,0,1,1,1
"1297",305253494,1,1,0,0,1,0,0,1,0,0,0,0,0,0,0,16,0,1,1,1
"1298",305253512,1,1,0,0,1,0,0,1,0,0,0,0,0,0,0,15,0,1,1,1
"1299",305253517,1,1,0,0,1,0,0,1,0,0,0,0,0,0,0,15,0,1,1,1
"1300",305253525,1,1,0,0,1,0,0,1,0,0,0,0,0,0,0,16,0,1,1,3
"1301",305253554,1,1,0,0,1,0,0,1,0,0,0,0,0,0,0,15,0,1,1,1
"1302",305253588,1,1,0,0,1,0,0,1,0,0,0,0,0,0,0,16,0,1,1,1
"1303",305253704,1,1,1,0,1,0,0,1,0,0,0,0,0,0,0,17,0,1,1,1
"1304",305254309,1,1,0,0,1,0,0,1,0,0,0,0,0,0,1,16,0,1,1,2
"1305",305254335,1,1,0,0,1,0,0,1,0,0,0,0,0,0,1,15,0,1,1,1
"1306",305254353,1,1,0,0,1,0,0,1,0,0,0,0,0,0,1,16,0,2,2,1
"1307",305254362,1,1,0,0,1,0,0,1,0,0,0,0,0,0,1,15,0,2,2,1
"1308",305254365,1,1,0,0,1,0,0,1,0,0,0,0,0,0,1,16,0,2,2,1
"1309",305254369,1,1,0,0,1,0,0,1,0,0,0,0,0,0,1,15,0,1,1,1
"1310",305254379,1,1,0,0,1,0,0,1,0,0,0,0,0,0,1,16,0,1,1,1
"1311",305254383,1,1,0,0,1,0,0,1,0,0,0,0,0,0,1,15,0,2,2,1
"1312",305254389,1,1,0,0,1,0,0,1,0,0,0,0,0,0,1,15,0,1,1,1
"1313",305254390,1,1,0,0,1,0,0,1,0,0,0,0,0,0,1,16,0,2,2,1
"1314",305254406,1,1,0,0,1,0,0,1,0,0,0,0,0,0,1,17,0,2,2,1
"1315",305254422,1,1,0,0,1,0,0,1,0,0,0,0,0,0,1,15,0,1,1,2
"1316",305254425,1,1,0,0,1,0,0,1,0,0,0,0,0,0,1,16,0,2,2,1
"1317",305254441,1,1,0,0,1,0,0,1,0,0,0,0,0,0,1,15,0,2,2,1
"1318",305254444,1,1,0,0,1,0,0,1,0,0,0,0,0,0,1,18,0,2,2,1
"1319",305254468,1,1,0,0,1,0,0,1,0,0,0,0,0,0,1,15,0,1,1,1
"1320",305254471,1,1,0,0,1,0,0,1,0,0,0,0,0,0,1,16,0,1,1,1
"1321",305254517,1,1,0,0,1,0,0,1,0,0,0,0,0,0,1,15,0,3,1,1
"1322",305254518,1,1,0,0,1,0,0,1,0,0,0,0,0,0,1,16,0,1,1,1
"1323",305254561,1,1,0,0,1,0,0,1,0,0,0,0,0,0,1,16,0,1,1,1
"1324",305254700,1,1,1,0,1,0,0,1,0,0,0,0,0,0,1,17,0,2,2,1
"1325",305254701,1,1,1,0,1,0,0,1,0,0,0,0,0,0,1,17,0,2,2,1
"1326",305254704,1,1,1,0,1,0,0,1,0,0,0,0,0,0,1,15,0,1,1,1
"1327",305441343,1,1,0,0,1,0,0,1,0,0,0,0,0,0,0,11,0,2,2,1
"1328",305441361,1,1,0,0,1,0,0,1,0,0,0,0,0,0,0,12,0,2,2,1
"1329",305441424,1,1,0,0,1,0,0,1,0,0,0,0,0,0,0,12,0,1,1,1
"1330",305441425,1,1,0,0,1,0,0,1,0,0,0,0,0,0,0,16,0,1,1,1
"1331",305441429,1,1,0,0,1,0,0,1,0,0,0,0,0,0,0,10,0,2,2,1
"1332",305441491,1,1,0,0,1,0,0,1,0,0,0,0,0,0,0,12,0,2,2,1
"1333",305441503,1,1,0,0,1,0,0,1,0,0,0,0,0,0,0,11,0,2,2,1
"1334",305441510,1,1,0,0,1,0,0,1,0,0,0,0,0,0,0,12,0,1,1,1
"1335",305441513,1,1,0,0,1,0,0,1,0,0,0,0,0,0,0,12,0,1,1,1
"1336",305441521,1,1,0,0,1,0,0,1,0,0,0,0,0,0,0,12,0,1,1,1
"1337",305441523,1,1,0,0,1,0,0,1,0,0,0,0,0,0,0,11,0,2,2,2
"1338",305441526,1,1,0,0,1,0,0,1,0,0,0,0,0,0,0,12,0,2,2,1
"1339",305441529,1,1,0,0,1,0,0,1,0,0,0,0,0,0,0,10,0,2,2,1
"1340",305441558,1,1,0,0,1,0,0,1,0,0,0,0,0,0,0,12,0,1,1,1
"1341",305441577,1,1,0,0,1,0,0,1,0,0,0,0,0,0,0,11,0,1,1,1
"1342",305441592,1,1,0,0,1,0,0,1,0,0,0,0,0,0,0,12,0,2,2,1
"1343",305441598,1,1,0,0,1,0,0,1,0,0,0,0,0,0,0,12,0,2,2,1
"1344",305442306,1,1,0,0,1,0,0,1,0,0,0,0,0,0,1,11,0,2,2,1
"1345",305442315,1,1,0,0,1,0,0,1,0,0,0,0,0,0,1,12,0,1,1,1
"1346",305442332,1,1,0,0,1,0,0,1,0,0,0,0,0,0,1,11,0,1,1,1
"1347",305442334,1,1,0,0,1,0,0,1,0,0,0,0,0,0,1,11,0,2,2,1
"1348",305442424,1,1,0,0,1,0,0,1,0,0,0,0,0,0,1,11,0,1,1,2
"1349",305442428,1,1,0,0,1,0,0,1,0,0,0,0,0,0,1,13,0,1,1,1
"1350",305442429,1,1,0,0,1,0,0,1,0,0,0,0,0,0,1,12,0,1,1,1
"1351",305442446,1,1,0,0,1,0,0,1,0,0,0,0,0,0,1,12,0,2,2,1
"1352",305442460,1,1,0,0,1,0,0,1,0,0,0,0,0,0,1,11,0,1,1,1
"1353",305442475,1,1,0,0,1,0,0,1,0,0,0,0,0,0,1,11,0,1,1,1
"1354",305442496,1,1,0,0,1,0,0,1,0,0,0,0,0,0,1,11,0,1,1,1
"1355",305442518,1,1,0,0,1,0,0,1,0,0,0,0,0,0,1,11,0,1,1,1
"1356",305442521,1,1,0,0,1,0,0,1,0,0,0,0,0,0,1,10,0,1,1,2
"1357",305442526,1,1,0,0,1,0,0,1,0,0,0,0,0,0,1,10,0,2,2,1
"1358",305442536,1,1,0,0,1,0,0,1,0,0,0,0,0,0,1,12,0,2,2,2
"1359",305442551,1,1,0,0,1,0,0,1,0,0,0,0,0,0,1,11,0,2,2,1
"1360",305442559,1,1,0,0,1,0,0,1,0,0,0,0,0,0,1,12,0,2,2,1
"1361",305442568,1,1,0,0,1,0,0,1,0,0,0,0,0,0,1,11,0,1,1,1
"1362",305442569,1,1,0,0,1,0,0,1,0,0,0,0,0,0,1,12,0,2,2,1
"1363",305442575,1,1,0,0,1,0,0,1,0,0,0,0,0,0,1,11,0,1,1,1
"1364",305442587,1,1,0,0,1,0,0,1,0,0,0,0,0,0,1,12,0,2,2,1
"1365",305443305,1,1,0,0,1,0,0,1,0,0,0,0,0,0,0,16,0,2,2,1
"1366",305443307,1,1,0,0,1,0,0,1,0,0,0,0,0,0,0,16,0,2,2,1
"1367",305443317,1,1,0,0,1,0,0,1,0,0,0,0,0,0,0,15,0,2,2,1
"1368",305443322,1,1,0,0,1,0,0,1,0,0,0,0,0,0,0,15,0,1,1,1
"1369",305443342,1,1,0,0,1,0,0,1,0,0,0,0,0,0,0,16,0,2,2,1
"1370",305443345,1,1,0,0,1,0,0,1,0,0,0,0,0,0,0,16,0,2,2,1
"1371",305443347,1,1,0,0,1,0,0,1,0,0,0,0,0,0,0,16,0,1,1,1
"1372",305443353,1,1,0,0,1,0,0,1,0,0,0,0,0,0,0,16,0,1,1,1
"1373",305443355,1,1,0,0,1,0,0,1,0,0,0,0,0,0,0,16,0,2,2,1
"1374",305443361,1,1,0,0,1,0,0,1,0,0,0,0,0,0,0,17,0,2,2,1
"1375",305443390,1,1,0,0,1,0,0,1,0,0,0,0,0,0,0,15,0,2,2,1
"1376",305443400,1,1,0,0,1,0,0,1,0,0,0,0,0,0,0,15,0,2,2,1
"1377",305443419,1,1,0,0,1,0,0,1,0,0,0,0,0,0,0,17,0,2,2,1
"1378",305443434,1,1,0,0,1,0,0,1,0,0,0,0,0,0,0,17,0,2,2,1
"1379",305443462,1,1,0,0,1,0,0,1,0,0,0,0,0,0,0,15,0,2,2,2
"1380",305443475,1,1,0,0,1,0,0,1,0,0,0,0,0,0,0,16,0,2,2,1
"1381",305443497,1,1,0,0,1,0,0,1,0,0,0,0,0,0,0,15,0,2,2,1
"1382",305443502,1,1,0,0,1,0,0,1,0,0,0,0,0,0,0,15,0,2,2,1
"1383",305443504,1,1,0,0,1,0,0,1,0,0,0,0,0,0,0,17,0,1,1,1
"1384",305443513,1,1,0,0,1,0,0,1,0,0,0,0,0,0,0,16,0,2,2,1
"1385",305443523,1,0,0,0,1,0,0,1,0,0,0,0,0,0,0,16,0,2,NA,NA
"1386",305443557,1,1,0,0,1,0,0,1,0,0,0,0,0,0,0,16,1,2,2,1
"1387",305443573,1,1,0,0,1,0,0,1,0,0,0,0,0,0,0,16,0,2,2,1
"1388",305443581,1,1,0,0,1,0,0,1,0,0,0,0,0,0,0,16,0,2,2,1
"1389",305443586,1,1,0,0,1,0,0,1,0,0,0,0,0,0,0,16,0,2,2,1
"1390",305444311,1,1,0,0,1,0,0,1,0,0,0,0,0,0,1,16,0,2,2,1
"1391",305444328,1,1,0,0,1,0,0,1,0,0,0,0,0,0,1,15,0,1,1,1
"1392",305444348,1,1,0,0,1,0,0,1,0,0,0,0,0,0,1,16,0,2,2,1
"1393",305444360,1,1,0,0,1,0,0,1,0,0,0,0,0,0,1,17,0,1,1,1
"1394",305444399,1,1,0,0,1,0,0,1,0,0,0,0,0,0,1,16,0,2,2,3
"1395",305444413,1,1,0,0,1,0,0,1,0,0,0,0,0,0,1,16,0,3,1,1
"1396",305444418,1,1,0,0,1,0,0,1,0,0,0,0,0,0,1,17,0,2,2,1
"1397",305444423,1,1,0,0,1,0,0,1,0,0,0,0,0,0,1,17,0,2,2,1
"1398",305444427,1,1,0,0,1,0,0,1,0,0,0,0,0,0,1,16,0,2,2,1
"1399",305444442,1,1,0,0,1,0,0,1,0,0,0,0,0,0,1,16,0,1,1,2
"1400",305444458,1,1,0,0,1,0,0,1,0,0,0,0,0,0,1,17,0,1,1,1
"1401",305444474,1,1,0,0,1,0,0,1,0,0,0,0,0,0,1,16,0,2,2,1
"1402",305444479,1,1,0,0,1,0,0,1,0,0,0,0,0,0,1,16,0,1,1,1
"1403",305444484,1,1,0,0,1,0,0,1,0,0,0,0,0,0,1,17,0,1,1,1
"1404",305444493,1,1,0,0,1,0,0,1,0,0,0,0,0,0,1,15,0,2,2,1
"1405",305444511,1,1,0,0,1,0,0,1,0,0,0,0,0,0,1,15,0,2,2,2
"1406",305444531,1,1,0,0,1,0,0,1,0,0,0,0,0,0,1,16,0,2,2,1
"1407",305444540,1,1,0,0,1,0,0,1,0,0,0,0,0,0,1,16,0,2,2,1
"1408",305444574,1,1,0,0,1,0,0,1,0,0,0,0,0,0,1,15,0,1,4,1
"1409",305444575,1,1,0,0,1,0,0,1,0,0,0,0,0,0,1,16,0,2,2,1
"1410",305444580,1,1,0,0,1,0,0,1,0,0,0,0,0,0,1,15,0,2,2,1
"1411",305444585,1,1,0,0,1,0,0,1,0,0,0,0,0,0,1,15,0,2,2,1
"1412",306441001,1,1,1,0,1,0,0,0,0,1,0,0,0,0,0,12,0,2,2,1
"1413",306444001,1,1,1,1,0,0,0,0,0,0,0,0,0,1,1,17,1,3,3,2
"1414",306451603,1,1,0,0,1,0,0,0,1,0,0,0,0,0,0,11,0,1,1,1
"1415",306451608,1,1,0,0,1,0,0,0,1,0,0,0,0,0,0,12,0,2,2,1
"1416",306451610,1,1,0,0,1,0,0,0,1,0,0,0,0,0,0,12,0,1,1,1
"1417",306451613,1,1,0,0,1,0,0,0,1,0,0,0,0,0,0,12,0,2,2,1
"1418",306451614,1,1,0,0,1,0,0,0,1,0,0,0,0,0,0,11,0,2,2,1
"1419",306451617,1,1,0,0,1,0,0,0,1,0,0,0,0,0,0,11,0,1,1,1
"1420",306451621,1,1,0,0,1,0,0,0,1,0,0,0,0,0,0,10,0,2,2,2
"1421",306451623,1,1,0,0,1,0,0,0,1,0,0,0,0,0,0,11,0,2,2,1
"1422",306451624,1,1,0,0,1,0,0,0,1,0,0,0,0,0,0,11,0,2,2,1
"1423",306451628,1,1,0,0,1,0,0,0,1,0,0,0,0,0,0,10,0,2,2,2
"1424",306451629,1,1,0,0,1,0,0,0,1,0,0,0,0,0,0,12,0,1,1,1
"1425",306451630,1,1,0,0,1,0,0,0,1,0,0,0,0,0,0,11,0,1,1,1
"1426",306451633,1,1,0,0,1,0,0,0,1,0,0,0,0,0,0,10,0,2,2,1
"1427",306451636,1,1,0,0,1,0,0,0,1,0,0,0,0,0,0,11,0,2,2,1
"1428",306451639,1,1,0,0,1,0,0,0,1,0,0,0,0,0,0,11,0,2,2,1
"1429",306451641,1,1,0,0,1,0,0,0,1,0,0,0,0,0,0,10,0,2,2,1
"1430",306451642,1,1,0,0,1,0,0,0,1,0,0,0,0,0,0,13,0,2,2,1
"1431",306451643,1,1,0,0,1,0,0,0,1,0,0,0,0,0,0,11,0,1,1,1
"1432",306451646,1,1,0,0,1,0,0,0,1,0,0,0,0,0,0,11,0,2,2,1
"1433",306451647,1,1,0,0,1,0,0,0,1,0,0,0,0,0,0,11,0,2,2,1
"1434",306451648,1,1,0,0,1,0,0,0,1,0,0,0,0,0,0,11,0,2,2,1
"1435",306451649,1,1,0,0,1,0,0,0,1,0,0,0,0,0,0,12,0,1,1,1
"1436",306451650,1,1,0,0,1,0,0,0,1,0,0,0,0,0,0,11,0,1,1,1
"1437",306451651,1,1,0,0,1,0,0,0,1,0,0,0,0,0,0,10,0,2,2,1
"1438",306451652,1,1,0,0,1,0,0,0,1,0,0,0,0,0,0,10,0,2,2,1
"1439",306451653,1,1,0,0,1,0,0,0,1,0,0,0,0,0,0,12,0,2,2,1
"1440",306451658,1,1,0,0,1,0,0,0,1,0,0,0,0,0,0,11,0,2,2,1
"1441",306451660,1,1,0,0,1,0,0,0,1,0,0,0,0,0,0,11,0,2,2,1
"1442",306451661,1,1,0,0,1,0,0,0,1,0,0,0,0,0,0,11,0,2,2,1
"1443",306451662,1,1,0,0,1,0,0,0,1,0,0,0,0,0,0,11,0,2,2,1
"1444",306451663,1,1,0,0,1,0,0,0,1,0,0,0,0,0,0,11,0,1,1,1
"1445",306451665,1,1,0,0,1,0,0,0,1,0,0,0,0,0,0,10,0,1,1,1
"1446",306451671,1,1,0,0,1,0,0,0,1,0,0,0,0,0,0,12,0,2,2,1
"1447",306451672,1,1,0,0,1,0,0,0,1,0,0,0,0,0,0,11,0,2,2,1
"1448",306451673,1,1,0,0,1,0,0,0,1,0,0,0,0,0,0,11,0,1,1,1
"1449",306451674,1,1,0,0,1,0,0,0,1,0,0,0,0,0,0,12,0,2,2,1
"1450",306451677,1,1,0,0,1,0,0,0,1,0,0,0,0,0,0,11,0,2,2,1
"1451",306451680,1,1,0,0,1,0,0,0,1,0,0,0,0,0,0,12,0,1,1,1
"1452",306451681,1,1,0,0,1,0,0,0,1,0,0,0,0,0,0,11,0,2,2,1
"1453",306451685,1,1,0,0,1,0,0,0,1,0,0,0,0,0,0,12,0,2,2,3
"1454",306451687,1,1,0,0,1,0,0,0,1,0,0,0,0,0,0,11,0,2,2,1
"1455",306451688,1,1,0,0,1,0,0,0,1,0,0,0,0,0,0,11,0,1,1,1
"1456",306451694,1,1,0,0,1,0,0,0,1,0,0,0,0,0,0,11,0,1,1,1
"1457",306451695,1,1,0,0,1,0,0,0,1,0,0,0,0,0,0,12,0,2,2,1
"1458",306451697,1,1,0,0,1,0,0,0,1,0,0,0,0,0,0,13,0,1,1,1
"1459",306452609,1,1,0,0,1,0,0,0,1,0,0,0,0,0,1,12,0,2,2,1
"1460",306452610,1,1,0,0,1,0,0,0,1,0,0,0,0,0,1,12,0,2,2,1
"1461",306452611,1,1,0,0,1,0,0,0,1,0,0,0,0,0,1,11,0,1,1,1
"1462",306452612,1,1,0,0,1,0,0,0,1,0,0,0,0,0,1,12,0,1,1,1
"1463",306452614,1,1,0,0,1,0,0,0,1,0,0,0,0,0,1,12,0,2,2,1
"1464",306452615,1,1,0,0,1,0,0,0,1,0,0,0,0,0,1,10,0,2,2,1
"1465",306452616,1,1,0,0,1,0,0,0,1,0,0,0,0,0,1,11,1,1,1,1
"1466",306452619,1,1,0,0,1,0,0,0,1,0,0,0,0,0,1,11,0,2,2,1
"1467",306452621,1,1,0,0,1,0,0,0,1,0,0,0,0,0,1,12,0,1,1,1
"1468",306452623,1,1,0,0,1,0,0,0,1,0,0,0,0,0,1,11,0,1,1,1
"1469",306452626,1,1,0,0,1,0,0,0,1,0,0,0,0,0,1,11,0,2,2,1
"1470",306452627,1,1,0,0,1,0,0,0,1,0,0,0,0,0,1,11,0,2,2,1
"1471",306452631,1,1,0,0,1,0,0,0,1,0,0,0,0,0,1,10,0,2,2,1
"1472",306452633,1,1,0,0,1,0,0,0,1,0,0,0,0,0,1,11,0,1,1,1
"1473",306452635,1,1,0,0,1,0,0,0,1,0,0,0,0,0,1,11,0,1,1,1
"1474",306452637,1,1,0,0,1,0,0,0,1,0,0,0,0,0,1,10,0,2,2,1
"1475",306452644,1,1,0,0,1,0,0,0,1,0,0,0,0,0,1,11,0,1,1,1
"1476",306452652,1,1,0,0,1,0,0,0,1,0,0,0,0,0,1,10,0,1,1,1
"1477",306452654,1,1,0,0,1,0,0,0,1,0,0,0,0,0,1,11,0,2,2,1
"1478",306452655,1,1,0,0,1,0,0,0,1,0,0,0,0,0,1,11,0,2,2,1
"1479",306452657,1,1,0,0,1,0,0,0,1,0,0,0,0,0,1,10,0,2,2,1
"1480",306452659,1,1,0,0,1,0,0,0,1,0,0,0,0,0,1,12,0,1,1,1
"1481",306452661,1,1,0,0,1,0,0,0,1,0,0,0,0,0,1,11,0,2,2,2
"1482",306452663,1,1,0,0,1,0,0,0,1,0,0,0,0,0,1,12,0,2,2,1
"1483",306452666,1,1,0,0,1,0,0,0,1,0,0,0,0,0,1,12,0,1,1,1
"1484",306452668,1,1,0,0,1,0,0,0,1,0,0,0,0,0,1,10,0,2,2,1
"1485",306452670,1,1,0,0,1,0,0,0,1,0,0,0,0,0,1,11,0,2,2,2
"1486",306452675,1,1,0,0,1,0,0,0,1,0,0,0,0,0,1,12,0,1,1,1
"1487",306452677,1,1,0,0,1,0,0,0,1,0,0,0,0,0,1,11,0,1,1,1
"1488",306452681,1,1,0,0,1,0,0,0,1,0,0,0,0,0,1,11,0,1,1,1
"1489",306452686,1,1,0,0,1,0,0,0,1,0,0,0,0,0,1,12,0,1,1,1
"1490",306452687,1,1,0,0,1,0,0,0,1,0,0,0,0,0,1,12,0,1,1,1
"1491",306452688,1,1,0,0,1,0,0,0,1,0,0,0,0,0,1,12,0,2,2,1
"1492",306452696,1,1,0,0,1,0,0,0,1,0,0,0,0,0,1,12,0,2,2,1
"1493",306452697,1,1,0,0,1,0,0,0,1,0,0,0,0,0,1,10,0,2,2,1
"1494",306452698,1,1,0,0,1,0,0,0,1,0,0,0,0,0,1,11,0,1,1,1
"1495",306452700,1,1,0,0,1,0,0,0,1,0,0,0,0,0,1,12,0,2,2,1
"1496",306452704,1,1,0,0,1,0,0,0,1,0,0,0,0,0,1,11,0,1,1,1
"1497",306452708,1,1,0,0,1,0,0,0,1,0,0,0,0,0,1,12,0,2,2,1
"1498",306452710,1,1,0,0,1,0,0,0,1,0,0,0,0,0,1,11,0,1,1,1
"1499",306453604,1,1,0,0,1,0,0,0,1,0,0,0,0,0,0,15,0,2,2,1
"1500",306454607,1,1,0,0,1,0,0,0,1,0,0,0,0,0,1,17,0,1,1,1
"1501",306454609,1,1,0,0,1,0,0,0,1,0,0,0,0,0,1,16,0,2,2,1
"1502",306454617,1,1,0,0,1,0,0,0,1,0,0,0,0,0,1,15,0,1,1,1
"1503",306454621,1,1,0,0,1,0,0,0,1,0,0,0,0,0,1,15,0,1,1,1
"1504",306454625,1,1,0,0,1,0,0,0,1,0,0,0,0,0,1,16,0,1,1,1
"1505",306454630,1,1,0,0,1,0,0,0,1,0,0,0,0,0,1,16,0,1,1,1
"1506",306454633,1,1,0,0,1,0,0,0,1,0,0,0,0,0,1,16,0,1,1,1
"1507",306454641,1,1,0,0,1,0,0,0,1,0,0,0,0,0,1,16,0,1,1,1
"1508",306454642,1,1,0,0,1,0,0,0,1,0,0,0,0,0,1,17,0,1,1,1
"1509",306454644,1,1,0,0,1,0,0,0,1,0,0,0,0,0,1,17,0,1,1,1
"1510",306454645,1,1,0,0,1,0,0,0,1,0,0,0,0,0,1,15,0,1,1,1
"1511",306701007,1,1,0,1,0,0,0,0,0,0,0,0,0,1,0,11,0,3,3,1
"1512",306701008,1,1,0,1,0,0,0,0,0,0,0,0,0,1,0,11,0,1,3,1
"1513",306701017,1,1,0,1,0,0,0,0,0,0,0,0,0,1,0,11,0,3,3,1
"1514",306701025,1,1,0,1,0,0,0,0,0,0,0,0,0,1,0,12,0,3,1,1
"1515",306701028,1,1,0,1,0,0,0,0,0,0,0,0,0,1,0,10,0,3,3,1
"1516",306701029,1,1,0,1,0,0,0,0,0,0,0,0,0,1,0,13,0,3,3,1
"1517",306701030,1,1,0,1,0,0,0,0,0,0,0,0,0,1,0,11,0,3,3,1
"1518",306701044,1,1,0,1,0,0,0,0,0,0,0,0,0,1,0,12,0,3,1,1
"1519",306701045,1,1,0,1,0,0,0,0,0,0,0,0,0,1,0,10,0,1,1,1
"1520",306701046,1,1,0,1,0,0,0,0,0,0,0,0,0,1,0,13,0,3,3,1
"1521",306701047,1,1,0,1,0,0,0,0,0,0,0,0,0,1,0,13,0,3,3,1
"1522",306701048,1,1,0,1,0,0,0,0,0,0,0,0,0,1,0,11,0,1,1,1
"1523",306701050,0,1,0,1,0,0,0,0,0,0,0,0,0,1,0,12,0,NA,3,1
"1524",306701054,1,1,0,1,0,0,0,0,0,0,0,0,0,1,0,10,0,3,3,1
"1525",306701055,1,1,0,1,0,0,0,0,0,0,0,0,0,1,0,12,0,3,3,1
"1526",306701062,1,1,0,1,0,0,0,0,0,0,0,0,0,1,0,10,1,3,3,1
"1527",306701064,1,1,0,1,0,0,0,0,0,0,0,0,0,1,0,13,0,3,3,1
"1528",306701065,1,1,0,1,0,0,0,0,0,0,0,0,0,1,0,12,0,3,3,1
"1529",306701070,1,1,0,1,0,0,0,0,0,0,0,0,0,1,0,12,0,3,1,1
"1530",306701071,1,1,0,1,0,0,0,0,0,0,0,0,0,1,0,13,0,3,3,1
"1531",306701072,1,1,0,1,0,0,0,0,0,0,0,0,0,1,0,11,0,3,3,1
"1532",306701073,1,1,0,1,0,0,0,0,0,0,0,0,0,1,0,10,0,3,3,1
"1533",306701076,1,1,0,1,0,0,0,0,0,0,0,0,0,1,0,12,0,3,3,1
"1534",306701080,1,1,0,1,0,0,0,0,0,0,0,0,0,1,0,10,0,3,3,1
"1535",306701081,1,1,0,1,0,0,0,0,0,0,0,0,0,1,0,10,0,3,3,1
"1536",306701084,1,1,0,1,0,0,0,0,0,0,0,0,0,1,0,10,0,3,1,1
"1537",306701087,1,1,0,1,0,0,0,0,0,0,0,0,0,1,0,11,0,3,1,1
"1538",306701088,1,1,0,1,0,0,0,0,0,0,0,0,0,1,0,12,0,3,3,1
"1539",306701091,1,1,0,1,0,0,0,0,0,0,0,0,0,1,0,12,0,3,3,1
"1540",306701092,1,1,0,1,0,0,0,0,0,0,0,0,0,1,0,11,0,3,3,1
"1541",306701093,1,1,0,1,0,0,0,0,0,0,0,0,0,1,0,12,0,3,3,1
"1542",306701094,1,1,0,1,0,0,0,0,0,0,0,0,0,1,0,10,0,3,3,1
"1543",306701095,1,1,0,1,0,0,0,0,0,0,0,0,0,1,0,12,0,3,3,1
"1544",306701096,1,1,0,1,0,0,0,0,0,0,0,0,0,1,0,12,0,3,3,1
"1545",306701097,1,1,0,1,0,0,0,0,0,0,0,0,0,1,0,10,0,3,3,1
"1546",306701100,1,1,0,1,0,0,0,0,0,0,0,0,0,1,0,10,0,3,3,1
"1547",306701113,1,1,0,1,0,0,0,0,0,0,0,0,0,1,0,12,0,3,3,1
"1548",306701122,1,1,0,1,0,0,0,0,0,0,0,0,0,1,0,12,0,3,3,1
"1549",306701125,1,1,0,1,0,0,0,0,0,0,0,0,0,1,0,13,0,3,3,1
"1550",306701129,1,1,0,1,0,0,0,0,0,0,0,0,0,1,0,12,0,3,3,1
"1551",306701131,1,1,0,1,0,0,0,0,0,0,0,0,0,1,0,10,0,3,3,1
"1552",306701136,1,1,0,1,0,0,0,0,0,0,0,0,0,1,0,12,0,3,1,1
"1553",306701142,1,1,0,1,0,0,0,0,0,0,0,0,0,1,0,10,0,3,3,1
"1554",306701144,1,1,0,1,0,0,0,0,0,0,0,0,0,1,0,12,0,3,1,1
"1555",306701146,1,1,0,1,0,0,0,0,0,0,0,0,0,1,0,13,0,3,3,1
"1556",306702001,1,1,0,1,0,0,0,0,0,0,0,0,0,1,1,10,0,3,3,1
"1557",306702002,1,1,0,1,0,0,0,0,0,0,0,0,0,1,1,12,0,3,3,1
"1558",306702003,1,1,0,1,0,0,0,0,0,0,0,0,0,1,1,11,0,3,1,1
"1559",306702004,1,1,0,1,0,0,0,0,0,0,0,0,0,1,1,12,0,3,3,1
"1560",306702007,1,1,0,1,0,0,0,0,0,0,0,0,0,1,1,12,0,3,3,1
"1561",306702009,1,1,0,1,0,0,0,0,0,0,0,0,0,1,1,12,0,3,3,1
"1562",306702011,1,1,0,1,0,0,0,0,0,0,0,0,0,1,1,10,0,3,3,1
"1563",306702013,1,1,0,1,0,0,0,0,0,0,0,0,0,1,1,13,0,3,3,1
"1564",306702014,1,1,0,1,0,0,0,0,0,0,0,0,0,1,1,11,0,3,3,1
"1565",306702015,1,1,0,1,0,0,0,0,0,0,0,0,0,1,1,12,0,3,3,1
"1566",306702019,1,1,0,1,0,0,0,0,0,0,0,0,0,1,1,11,0,3,3,1
"1567",306702024,1,1,0,1,0,0,0,0,0,0,0,0,0,1,1,11,0,3,3,1
"1568",306702028,1,1,0,1,0,0,0,0,0,0,0,0,0,1,1,11,1,3,3,1
"1569",306702029,1,1,0,1,0,0,0,0,0,0,0,0,0,1,1,12,0,3,3,1
"1570",306702038,1,1,0,1,0,0,0,0,0,0,0,0,0,1,1,11,0,3,3,1
"1571",306702041,1,1,0,1,0,0,0,0,0,0,0,0,0,1,1,11,0,1,1,1
"1572",306702042,1,1,0,1,0,0,0,0,0,0,0,0,0,1,1,13,0,3,3,1
"1573",306702043,1,1,0,1,0,0,0,0,0,0,0,0,0,1,1,11,0,3,1,1
"1574",306702044,1,1,0,1,0,0,0,0,0,0,0,0,0,1,1,12,0,3,3,1
"1575",306702045,1,1,0,1,0,0,0,0,0,0,0,0,0,1,1,10,0,3,3,2
"1576",306702048,1,1,0,1,0,0,0,0,0,0,0,0,0,1,1,11,0,3,3,1
"1577",306702055,1,1,0,1,0,0,0,0,0,0,0,0,0,1,1,12,0,3,3,1
"1578",306702057,1,1,0,1,0,0,0,0,0,0,0,0,0,1,1,12,0,3,3,1
"1579",306702061,1,1,0,1,0,0,0,0,0,0,0,0,0,1,1,11,0,3,3,1
"1580",306702063,1,1,0,1,0,0,0,0,0,0,0,0,0,1,1,12,0,3,3,1
"1581",306702064,1,1,0,1,0,0,0,0,0,0,0,0,0,1,1,13,0,3,3,1
"1582",306702066,1,1,0,1,0,0,0,0,0,0,0,0,0,1,1,11,0,3,1,1
"1583",306702067,1,1,0,1,0,0,0,0,0,0,0,0,0,1,1,11,0,3,3,1
"1584",306702074,1,1,0,1,0,0,0,0,0,0,0,0,0,1,1,11,0,3,3,1
"1585",306702077,1,1,0,1,0,0,0,0,0,0,0,0,0,1,1,13,0,3,3,2
"1586",306702080,1,1,0,1,0,0,0,0,0,0,0,0,0,1,1,12,0,3,1,1
"1587",306702084,1,1,0,1,0,0,0,0,0,0,0,0,0,1,1,12,0,3,3,1
"1588",306702085,1,1,0,1,0,0,0,0,0,0,0,0,0,1,1,11,0,3,3,1
"1589",306702088,1,1,0,1,0,0,0,0,0,0,0,0,0,1,1,11,0,3,3,1
"1590",306702093,1,1,0,1,0,0,0,0,0,0,0,0,0,1,1,12,0,3,3,1
"1591",306702094,1,1,0,1,0,0,0,0,0,0,0,0,0,1,1,12,0,3,1,1
"1592",306702095,1,1,0,1,0,0,0,0,0,0,0,0,0,1,1,10,0,3,3,1
"1593",306702097,1,1,0,1,0,0,0,0,0,0,0,0,0,1,1,12,0,3,1,1
"1594",306702099,1,1,0,1,0,0,0,0,0,0,0,0,0,1,1,11,0,3,3,1
"1595",306702103,1,1,0,1,0,0,0,0,0,0,0,0,0,1,1,11,0,3,3,1
"1596",306702106,1,1,0,1,0,0,0,0,0,0,0,0,0,1,1,11,0,3,3,1
"1597",306702109,1,1,0,1,0,0,0,0,0,0,0,0,0,1,1,11,0,3,3,1
"1598",306702110,1,1,0,1,0,0,0,0,0,0,0,0,0,1,1,12,0,1,3,1
"1599",306702111,1,1,0,1,0,0,0,0,0,0,0,0,0,1,1,10,0,3,1,1
"1600",306702112,1,1,0,1,0,0,0,0,0,0,0,0,0,1,1,12,0,3,3,1
"1601",306702113,1,1,0,1,0,0,0,0,0,0,0,0,0,1,1,11,0,3,3,1
"1602",306702114,1,1,0,1,0,0,0,0,0,0,0,0,0,1,1,10,1,3,3,1
"1603",306702116,1,1,0,1,0,0,0,0,0,0,0,0,0,1,1,12,0,3,3,1
"1604",306702121,1,1,0,1,0,0,0,0,0,0,0,0,0,1,1,11,0,3,3,1
"1605",306702124,1,1,0,1,0,0,0,0,0,0,0,0,0,1,1,11,0,3,3,1
"1606",306702127,1,1,0,1,0,0,0,0,0,0,0,0,0,1,1,12,0,3,3,1
"1607",306702131,1,1,0,1,0,0,0,0,0,0,0,0,0,1,1,12,0,3,3,1
"1608",306702134,1,1,0,1,0,0,0,0,0,0,0,0,0,1,1,12,0,3,1,1
"1609",306702135,1,1,0,1,0,0,0,0,0,0,0,0,0,1,1,11,0,3,3,1
"1610",306702139,1,1,0,1,0,0,0,0,0,0,0,0,0,1,1,10,0,3,3,1
"1611",306702140,1,1,0,1,0,0,0,0,0,0,0,0,0,1,1,10,0,3,3,1
"1612",306702141,1,1,0,1,0,0,0,0,0,0,0,0,0,1,1,11,0,3,3,1
"1613",306702142,1,1,0,1,0,0,0,0,0,0,0,0,0,1,1,12,0,3,3,1
"1614",306702144,1,1,0,1,0,0,0,0,0,0,0,0,0,1,1,10,0,3,3,1
"1615",306702147,1,1,0,1,0,0,0,0,0,0,0,0,0,1,1,12,0,3,3,1
"1616",306702149,1,1,0,1,0,0,0,0,0,0,0,0,0,1,1,11,0,3,3,1
"1617",306702150,1,1,0,1,0,0,0,0,0,0,0,0,0,1,1,12,0,3,1,1
"1618",306703004,1,1,0,1,0,0,0,0,0,0,0,0,0,1,0,15,0,3,3,1
"1619",306703005,1,1,0,1,0,0,0,0,0,0,0,0,0,1,0,17,0,3,3,1
"1620",306703010,1,1,0,1,0,0,0,0,0,0,0,0,0,1,0,15,0,3,3,1
"1621",306703014,1,1,0,1,0,0,0,0,0,0,0,0,0,1,0,17,0,3,1,1
"1622",306703015,1,1,0,1,0,0,0,0,0,0,0,0,0,1,0,16,0,3,3,2
"1623",306703018,1,1,0,1,0,0,0,0,0,0,0,0,0,1,0,16,0,3,1,1
"1624",306703022,1,1,0,1,0,0,0,0,0,0,0,0,0,1,0,16,0,3,3,1
"1625",306703024,0,1,0,1,0,0,0,0,0,0,0,0,0,1,0,15,0,NA,3,1
"1626",306703025,1,1,0,1,0,0,0,0,0,0,0,0,0,1,0,16,0,3,3,1
"1627",306703027,1,1,0,1,0,0,0,0,0,0,0,0,0,1,0,15,0,3,3,1
"1628",306704002,1,1,0,1,0,0,0,0,0,0,0,0,0,1,1,16,0,3,1,2
"1629",306704003,1,1,0,1,0,0,0,0,0,0,0,0,0,1,1,16,0,3,3,1
"1630",306704011,1,1,0,1,0,0,0,0,0,0,0,0,0,1,1,17,0,3,3,1
"1631",306704018,1,1,0,1,0,0,0,0,0,0,0,0,0,1,1,15,0,3,3,1
"1632",306704019,1,1,0,1,0,0,0,0,0,0,0,0,0,1,1,15,0,3,1,1
"1633",306704022,1,1,0,1,0,0,0,0,0,0,0,0,0,1,1,18,0,3,3,1
"1634",306704023,1,1,0,1,0,0,0,0,0,0,0,0,0,1,1,16,0,3,3,1
"1635",306704037,1,1,0,1,0,0,0,0,0,0,0,0,0,1,1,16,0,3,3,1
"1636",310321342,1,1,0,0,1,0,0,0,0,1,0,0,0,0,0,12,0,1,1,1
"1637",310321374,1,1,0,0,1,0,0,0,0,1,0,0,0,0,0,12,0,2,2,1
"1638",310321455,1,1,0,0,1,0,0,0,0,1,0,0,0,0,0,11,0,2,2,1
"1639",310321466,1,1,0,0,1,0,0,0,0,1,0,0,0,0,0,11,0,1,1,3
"1640",310321471,1,1,0,0,1,0,0,0,0,1,0,0,0,0,0,10,0,1,1,1
"1641",310321487,1,1,0,0,1,0,0,0,0,1,0,0,0,0,0,11,0,1,1,1
"1642",310321495,1,1,0,0,1,0,0,0,0,1,0,0,0,0,0,12,0,2,2,1
"1643",310321497,1,1,0,0,1,0,0,0,0,1,0,0,0,0,0,11,0,1,1,1
"1644",310321501,1,1,0,0,1,0,0,0,0,1,0,0,0,0,0,12,0,2,2,1
"1645",310321506,1,1,0,0,1,0,0,0,0,1,0,0,0,0,0,10,0,2,1,1
"1646",310321509,1,1,0,0,1,0,0,0,0,1,0,0,0,0,0,11,0,1,1,1
"1647",310321512,1,1,0,0,1,0,0,0,0,1,0,0,0,0,0,12,0,2,2,1
"1648",310321516,1,1,0,0,1,0,0,0,0,1,0,0,0,0,0,12,0,2,2,1
"1649",310321524,1,1,0,0,1,0,0,0,0,1,0,0,0,0,0,11,0,1,1,1
"1650",310321530,1,1,0,0,1,0,0,0,0,1,0,0,0,0,0,11,0,1,1,1
"1651",310321534,1,1,0,0,1,0,0,0,0,1,0,0,0,0,0,11,0,2,2,1
"1652",310321547,1,1,0,0,1,0,0,0,0,1,0,0,0,0,0,11,0,2,2,1
"1653",310321557,1,1,0,0,1,0,0,0,0,1,0,0,0,0,0,11,0,2,2,1
"1654",310321564,1,1,0,0,1,0,0,0,0,1,0,0,0,0,0,10,0,2,2,1
"1655",310321585,1,1,0,0,1,0,0,0,0,1,0,0,0,0,0,11,0,2,2,1
"1656",310321596,1,1,0,0,1,0,0,0,0,1,0,0,0,0,0,12,0,2,2,1
"1657",310321597,1,1,0,0,1,0,0,0,0,1,0,0,0,0,0,12,0,2,2,1
"1658",310322367,1,1,0,0,1,0,0,0,0,1,0,0,0,0,1,12,0,2,2,1
"1659",310322399,1,1,0,0,1,0,0,0,0,1,0,0,0,0,1,12,0,1,1,1
"1660",310322463,1,1,0,0,1,0,0,0,0,1,0,0,0,0,1,12,0,2,2,1
"1661",310322477,1,1,0,0,1,0,0,0,0,1,0,0,0,0,1,12,0,2,2,1
"1662",310322481,1,1,0,0,1,0,0,0,0,1,0,0,0,0,1,12,0,2,2,1
"1663",310322482,1,1,0,0,1,0,0,0,0,1,0,0,0,0,1,12,0,2,2,1
"1664",310322485,1,1,0,0,1,0,0,0,0,1,0,0,0,0,1,11,0,2,2,1
"1665",310322488,1,1,0,0,1,0,0,0,0,1,0,0,0,0,1,11,0,2,2,1
"1666",310322490,1,1,0,0,1,0,0,0,0,1,0,0,0,0,1,12,1,2,2,1
"1667",310322514,1,1,0,0,1,0,0,0,0,1,0,0,0,0,1,10,0,2,2,1
"1668",310322537,1,1,0,0,1,0,0,0,0,1,0,0,0,0,1,12,0,2,2,1
"1669",310322539,1,1,0,0,1,0,0,0,0,1,0,0,0,0,1,12,0,2,2,1
"1670",310322556,1,1,0,0,1,0,0,0,0,1,0,0,0,0,1,12,0,2,2,1
"1671",310322562,1,1,0,0,1,0,0,0,0,1,0,0,0,0,1,10,0,2,2,1
"1672",310322585,1,1,0,0,1,0,0,0,0,1,0,0,0,0,1,12,0,2,2,1
"1673",310322586,1,1,0,0,1,0,0,0,0,1,0,0,0,0,1,13,0,2,2,1
"1674",310322591,1,1,0,0,1,0,0,0,0,1,0,0,0,0,1,11,0,2,2,1
"1675",310322592,1,1,0,0,1,0,0,0,0,1,0,0,0,0,1,11,0,2,2,1
"1676",310322599,1,1,1,0,1,0,0,0,0,1,0,0,0,0,1,12,0,1,1,1
"1677",310323360,1,1,0,0,1,0,0,0,0,1,0,0,0,0,0,15,0,2,2,1
"1678",310323382,1,1,0,0,1,0,0,0,0,1,0,0,0,0,0,15,0,2,2,1
"1679",310323387,1,1,0,0,1,0,0,1,0,0,0,0,0,0,0,16,0,2,2,1
"1680",310323393,1,1,0,0,1,0,0,0,0,1,0,0,0,0,0,17,0,1,1,1
"1681",310323456,1,1,0,0,1,0,0,0,0,1,0,0,0,0,0,16,0,2,2,1
"1682",310323458,1,1,0,0,1,0,0,0,0,1,0,0,0,0,0,17,1,5,5,1
"1683",310323461,1,1,0,0,1,0,0,0,0,1,0,0,0,0,0,15,0,2,2,1
"1684",310323463,1,1,0,0,1,0,0,0,0,1,0,0,0,0,0,15,0,2,1,1
"1685",310323469,1,1,0,0,1,0,0,0,0,1,0,0,0,0,0,15,0,2,2,1
"1686",310323471,1,1,0,0,1,0,0,0,0,1,0,0,0,0,0,16,0,2,2,1
"1687",310323474,1,1,0,0,1,0,0,0,0,1,0,0,0,0,0,16,0,1,1,1
"1688",310323481,1,1,0,0,1,0,0,0,0,1,0,0,0,0,0,15,0,2,2,1
"1689",310323483,1,1,1,0,1,0,0,0,0,1,0,0,0,0,0,15,0,2,2,1
"1690",310323493,1,1,0,0,1,0,0,0,0,1,0,0,0,0,0,16,0,2,2,1
"1691",310323499,1,1,0,0,1,0,0,0,0,1,0,0,0,0,0,17,0,2,2,1
"1692",310323500,1,1,0,0,1,0,0,0,0,1,0,0,0,0,0,15,0,2,2,1
"1693",310323505,1,1,1,0,1,0,0,0,0,1,0,0,0,0,0,17,0,1,1,1
"1694",310323514,1,1,0,0,1,0,0,0,0,1,0,0,0,0,0,15,0,2,2,1
"1695",310323518,1,1,0,0,1,0,0,0,0,1,0,0,0,0,0,15,0,2,2,1
"1696",310323522,1,1,0,0,1,0,0,0,0,1,0,0,0,0,0,16,0,2,2,1
"1697",310323526,1,1,0,0,1,0,0,0,0,1,0,0,0,0,0,17,0,2,2,1
"1698",310323530,1,1,0,0,1,0,0,0,0,1,0,0,0,0,0,16,0,2,2,1
"1699",310323535,1,1,0,0,1,0,0,0,0,1,0,0,0,0,0,15,0,2,2,1
"1700",310323537,1,1,0,0,1,0,0,0,0,1,0,0,0,0,0,17,0,2,2,1
"1701",310323540,1,1,0,0,1,0,0,0,0,1,0,0,0,0,0,17,0,2,2,1
"1702",310323544,1,1,0,0,1,0,0,0,0,1,0,0,0,0,0,15,0,2,2,1
"1703",310323555,1,1,0,0,1,0,0,0,0,1,0,0,0,0,0,15,0,2,2,1
"1704",310323556,1,1,0,0,1,0,0,0,0,1,0,0,0,0,0,17,0,2,2,1
"1705",310323558,0,1,0,0,1,0,0,0,0,1,0,0,0,0,0,15,0,NA,1,1
"1706",310323559,1,1,0,0,1,0,0,0,0,1,0,0,0,0,0,15,0,2,2,1
"1707",310323568,1,1,0,0,1,0,0,0,0,1,0,0,0,0,0,15,0,2,2,1
"1708",310323569,1,1,0,0,1,0,0,0,0,1,0,0,0,0,0,18,0,2,2,1
"1709",310323572,1,1,0,0,1,0,0,0,0,1,0,0,0,0,0,16,0,2,2,1
"1710",310323575,1,1,0,0,1,0,0,0,0,1,0,0,0,0,0,16,0,2,2,1
"1711",310323598,1,1,0,0,1,0,0,0,0,1,0,0,0,0,0,16,0,2,2,1
"1712",310324457,1,1,0,0,1,0,0,0,0,1,0,0,0,0,1,15,0,2,2,1
"1713",310324460,1,1,0,0,1,0,0,0,0,1,0,0,0,0,1,15,0,1,1,1
"1714",310324463,1,1,0,0,1,0,0,0,0,1,0,0,0,0,1,16,0,5,5,1
"1715",310324469,1,1,0,0,1,0,0,0,0,1,0,0,0,0,1,17,0,1,1,1
"1716",310324472,1,1,0,0,1,0,0,0,0,1,0,0,0,0,1,17,0,2,2,1
"1717",310324480,1,1,0,0,1,0,0,0,0,1,0,0,0,0,1,16,0,1,1,1
"1718",310324487,1,1,0,0,1,0,0,0,0,1,0,0,0,0,1,16,0,1,1,1
"1719",310324490,1,1,0,0,1,0,0,0,0,1,0,0,0,0,1,15,0,1,1,1
"1720",310324495,1,1,0,0,1,0,0,0,0,1,0,0,0,0,1,17,0,2,2,1
"1721",310324500,1,1,0,0,1,0,0,0,0,1,0,0,0,0,1,16,0,2,2,1
"1722",310324503,1,1,0,0,1,0,0,0,0,1,0,0,0,0,1,16,0,2,2,1
"1723",310324505,1,1,0,0,1,0,0,0,0,1,0,0,0,0,1,15,0,2,2,1
"1724",310324507,1,1,0,0,1,0,0,0,0,1,0,0,0,0,1,16,0,2,2,1
"1725",310324510,1,1,0,0,1,0,0,0,0,1,0,0,0,0,1,16,0,2,2,1
"1726",310324515,1,1,0,0,1,0,0,0,0,1,0,0,0,0,1,16,0,1,1,1
"1727",310324521,1,1,0,0,1,0,0,0,0,1,0,0,0,0,1,15,0,2,2,1
"1728",310324524,1,1,0,0,1,0,0,0,0,1,0,0,0,0,1,16,0,2,2,1
"1729",310324537,1,1,0,0,1,0,0,0,0,1,0,0,0,0,1,15,0,2,2,1
"1730",310324544,1,1,0,0,1,0,0,0,0,1,0,0,0,0,1,15,0,2,2,1
"1731",310324547,1,1,0,0,1,0,0,0,0,1,0,0,0,0,1,16,0,2,2,1
"1732",310324548,1,1,0,0,1,0,0,0,0,1,0,0,0,0,1,15,0,1,1,1
"1733",310324551,1,1,0,0,1,0,0,0,0,1,0,0,0,0,1,16,0,1,1,1
"1734",310324552,1,1,0,0,1,0,0,0,0,1,0,0,0,0,1,15,0,1,1,2
"1735",310324553,1,1,0,0,1,0,0,0,0,1,0,0,0,0,1,16,0,2,2,1
"1736",310324556,1,1,0,0,1,0,0,0,0,1,0,0,0,0,1,15,0,2,2,1
"1737",310324567,1,1,0,0,1,0,0,0,0,1,0,0,0,0,1,15,0,2,2,1
"1738",310324569,1,1,0,0,1,0,0,0,0,1,0,0,0,0,1,15,0,2,2,2
"1739",310324573,1,1,0,0,1,0,0,0,0,1,0,0,0,0,1,15,0,3,3,1
"1740",310324581,1,1,0,0,1,0,0,0,0,1,0,0,0,0,1,16,0,2,2,3
"1741",310324583,1,1,0,0,1,0,0,0,0,1,0,0,0,0,1,16,0,2,2,1
"1742",310324588,1,1,0,0,1,0,0,0,0,1,0,0,0,0,1,17,0,2,2,1
"1743",413671002,1,1,0,1,0,0,0,0,0,0,0,1,0,0,0,10,0,2,2,1
"1744",413671003,1,1,0,1,0,0,0,0,0,0,0,1,0,0,0,11,0,2,2,1
"1745",413671005,1,1,0,1,0,0,0,0,0,0,0,1,0,0,0,12,0,2,2,1
"1746",413671006,1,1,0,1,0,0,0,0,0,0,0,1,0,0,0,12,0,2,2,1
"1747",413671007,1,1,0,1,0,0,0,0,0,0,0,1,0,0,0,12,0,2,2,1
"1748",413671008,1,1,0,1,0,0,0,0,0,0,0,1,0,0,0,10,0,2,2,1
"1749",413671010,1,1,0,1,0,0,0,0,0,0,0,1,0,0,0,10,0,2,2,1
"1750",413671011,1,1,0,1,0,0,0,0,0,0,0,1,0,0,0,12,0,2,2,1
"1751",413671014,1,1,0,1,0,0,0,0,0,0,0,1,0,0,0,10,0,2,2,1
"1752",413671016,1,1,0,1,0,0,0,0,0,0,0,1,0,0,0,10,0,2,2,1
"1753",413671018,1,1,0,1,0,0,0,0,0,0,0,1,0,0,0,10,0,2,2,1
"1754",413671019,1,1,0,1,0,0,0,0,0,0,0,1,0,0,0,12,0,2,2,1
"1755",413671023,1,1,0,1,0,0,0,0,0,0,0,1,0,0,0,12,0,2,2,1
"1756",413671024,1,1,0,1,0,0,0,0,0,0,0,1,0,0,0,11,0,2,2,1
"1757",413671028,1,0,0,1,0,0,0,0,0,0,0,1,0,0,0,10,0,2,NA,NA
"1758",413671031,1,1,0,1,0,0,0,0,0,0,0,1,0,0,0,11,0,2,2,1
"1759",413671035,1,1,0,1,0,0,0,0,0,0,0,1,0,0,0,10,0,2,2,1
"1760",413671038,1,1,0,1,0,0,0,0,0,0,0,1,0,0,0,12,0,2,2,1
"1761",413671039,1,1,0,1,0,0,0,0,0,0,0,1,0,0,0,12,0,2,2,1
"1762",413671042,1,1,0,1,0,0,0,0,0,0,0,1,0,0,0,12,0,2,2,1
"1763",413671043,1,1,0,1,0,0,0,0,0,0,0,1,0,0,0,11,0,2,2,1
"1764",413671057,1,1,0,1,0,0,0,0,0,0,0,1,0,0,0,11,0,2,2,3
"1765",413671058,1,1,0,1,0,0,0,0,0,0,0,1,0,0,0,12,0,2,2,1
"1766",413671060,1,1,0,1,0,0,0,0,0,0,0,1,0,0,0,10,0,2,2,1
"1767",413671062,1,1,0,1,0,0,0,0,0,0,0,1,0,0,0,12,0,2,2,1
"1768",413671063,1,1,0,1,0,0,0,0,0,0,0,1,0,0,0,10,0,2,2,1
"1769",413671065,1,1,0,1,0,0,0,0,0,0,0,1,0,0,0,12,0,2,2,1
"1770",413671067,1,1,0,1,0,0,0,0,0,0,0,1,0,0,0,10,0,2,2,1
"1771",413671069,1,1,0,1,0,0,0,0,0,0,0,1,0,0,0,12,0,2,2,3
"1772",413671072,1,1,0,1,0,0,0,0,0,0,0,1,0,0,0,10,0,2,2,1
"1773",413671075,1,1,0,1,0,0,0,0,0,0,0,1,0,0,0,11,0,2,2,1
"1774",413671079,1,1,0,1,0,0,0,0,0,0,0,1,0,0,0,12,0,2,2,1
"1775",413671080,1,1,0,1,0,0,0,0,0,0,0,1,0,0,0,11,0,2,2,1
"1776",413671083,1,1,0,1,0,0,0,0,0,0,0,1,0,0,0,11,0,2,2,1
"1777",413671085,1,1,0,1,0,0,0,0,0,0,0,1,0,0,0,10,0,2,2,1
"1778",413671086,1,1,0,1,0,0,0,0,0,0,0,1,0,0,0,10,0,2,2,1
"1779",413671088,1,1,0,1,0,0,0,0,0,0,0,1,0,0,0,11,0,2,2,1
"1780",413671089,1,1,0,1,0,0,0,0,0,0,0,1,0,0,0,12,0,2,2,1
"1781",413671091,1,1,0,1,0,0,0,0,0,0,0,1,0,0,0,10,0,2,2,1
"1782",413671093,1,1,0,1,0,0,0,0,0,0,0,1,0,0,0,12,0,2,2,1
"1783",413671104,1,1,0,1,0,0,0,0,0,0,0,1,0,0,0,11,0,2,2,1
"1784",413671107,1,1,0,1,0,0,0,0,0,0,0,1,0,0,0,12,0,2,2,1
"1785",413671108,1,1,0,1,0,0,0,0,0,0,0,1,0,0,0,11,0,2,2,1
"1786",413671112,1,1,0,1,0,0,0,0,0,0,0,1,0,0,0,10,0,2,2,1
"1787",413671115,1,1,0,1,0,0,0,0,0,0,0,1,0,0,0,11,0,2,2,1
"1788",413671132,1,1,0,1,0,0,0,0,0,0,0,1,0,0,0,12,0,2,2,1
"1789",413671135,1,1,0,1,0,0,0,0,0,0,0,1,0,0,0,10,0,2,2,1
"1790",413671136,1,1,0,1,0,0,0,0,0,0,0,1,0,0,0,11,0,2,2,1
"1791",413671137,1,1,0,1,0,0,0,0,0,0,0,1,0,0,0,11,0,2,2,1
"1792",413671139,1,1,0,1,0,0,0,0,0,0,0,1,0,0,0,10,0,2,2,1
"1793",413671142,1,1,0,1,0,0,0,0,0,0,0,1,0,0,0,12,0,2,2,1
"1794",413671149,1,0,0,1,0,0,0,0,0,0,0,1,0,0,0,12,0,2,NA,NA
"1795",413672003,1,1,0,1,0,0,0,0,0,0,0,1,0,0,1,11,0,2,2,2
"1796",413672005,1,1,0,1,0,0,0,0,0,0,0,1,0,0,1,10,0,2,2,1
"1797",413672006,1,1,0,1,0,0,0,0,0,0,0,1,0,0,1,11,0,2,2,1
"1798",413672008,1,1,0,1,0,0,0,0,0,0,0,1,0,0,1,10,0,2,2,1
"1799",413672010,1,1,0,1,0,0,0,0,0,0,0,1,0,0,1,10,0,2,2,1
"1800",413672014,1,1,0,1,0,0,0,0,0,0,0,1,0,0,1,12,0,2,2,1
"1801",413672016,1,1,0,1,0,0,0,0,0,0,0,1,0,0,1,11,0,2,2,2
"1802",413672022,1,1,0,1,0,0,0,0,0,0,0,1,0,0,1,12,0,2,2,1
"1803",413672023,1,1,0,1,0,0,0,0,0,0,0,1,0,0,1,12,0,2,2,1
"1804",413672024,1,1,0,1,0,0,0,0,0,0,0,1,0,0,1,12,1,2,2,1
"1805",413672030,1,1,0,1,0,0,0,0,0,0,0,1,0,0,1,11,0,2,2,1
"1806",413672032,1,1,0,1,0,0,0,0,0,0,0,1,0,0,1,11,0,2,2,1
"1807",413672033,1,1,0,1,0,0,0,0,0,0,0,1,0,0,1,11,0,2,2,1
"1808",413672035,1,1,0,1,0,0,0,0,0,0,0,1,0,0,1,11,0,2,2,1
"1809",413672036,1,1,0,1,0,0,0,0,0,0,0,1,0,0,1,11,0,2,2,1
"1810",413672041,1,1,0,1,0,0,0,0,0,0,0,1,0,0,1,12,0,2,2,1
"1811",413672047,1,1,0,1,0,0,0,0,0,0,0,1,0,0,1,12,0,2,2,1
"1812",413672051,1,1,0,1,0,0,0,0,0,0,0,1,0,0,1,11,0,2,2,1
"1813",413672054,1,1,0,1,0,0,0,0,0,0,0,1,0,0,1,13,0,2,2,1
"1814",413672065,1,1,0,1,0,0,0,0,0,0,0,1,0,0,1,12,0,2,2,1
"1815",413672069,1,1,0,1,0,0,0,0,0,0,0,1,0,0,1,12,0,2,2,3
"1816",413672073,1,0,0,1,0,0,0,0,0,0,0,1,0,0,1,10,0,2,NA,NA
"1817",413672076,1,1,0,1,0,0,0,0,0,0,0,1,0,0,1,10,0,2,2,1
"1818",413672077,1,1,0,1,0,0,0,0,0,0,0,1,0,0,1,11,0,2,2,1
"1819",413672078,1,1,0,1,0,0,0,0,0,0,0,1,0,0,1,11,0,2,2,1
"1820",413672084,1,1,0,1,0,0,0,0,0,0,0,1,0,0,1,12,0,2,2,1
"1821",413672095,1,1,0,1,0,0,0,0,0,0,0,1,0,0,1,11,0,2,2,1
"1822",413672102,1,1,0,1,0,0,0,0,0,0,0,1,0,0,1,11,1,2,2,1
"1823",413672106,1,1,0,1,0,0,0,0,0,0,0,1,0,0,1,10,0,2,2,1
"1824",413672107,1,1,0,1,0,0,0,0,0,0,0,1,0,0,1,11,0,2,2,1
"1825",413672115,1,1,0,1,0,0,0,0,0,0,0,1,0,0,1,12,0,2,2,1
"1826",413672116,1,1,0,1,0,0,0,0,0,0,0,1,0,0,1,12,0,2,2,1
"1827",413672117,1,0,0,1,0,0,0,0,0,0,0,1,0,0,1,12,0,2,NA,NA
"1828",413672120,1,1,0,1,0,0,0,0,0,0,0,1,0,0,1,10,0,2,2,1
"1829",413672121,1,1,0,1,0,0,0,0,0,0,0,1,0,0,1,12,0,2,2,1
"1830",413672124,1,1,0,1,0,0,0,0,0,0,0,1,0,0,1,11,0,2,2,1
"1831",413672125,1,1,0,1,0,0,0,0,0,0,0,1,0,0,1,10,0,2,2,1
"1832",413672131,1,1,0,1,0,0,0,0,0,0,0,1,0,0,1,10,0,2,2,1
"1833",413672135,1,1,0,1,0,0,0,0,0,0,0,1,0,0,1,11,0,2,2,1
"1834",413672139,1,1,0,1,0,0,0,0,0,0,0,1,0,0,1,12,0,2,2,1
"1835",413672143,1,0,0,1,0,0,0,0,0,0,0,1,0,0,1,11,0,2,NA,NA
"1836",413672144,1,1,0,1,0,0,0,0,0,0,0,1,0,0,1,11,0,2,2,1
"1837",413672146,1,1,0,1,0,0,0,0,0,0,0,1,0,0,1,11,0,2,2,1
"1838",413672148,1,1,0,1,0,0,0,0,0,0,0,1,0,0,1,11,0,2,2,1
"1839",413672149,1,1,0,1,0,0,0,0,0,0,0,1,0,0,1,10,0,2,2,3
"1840",413673006,1,1,0,1,0,0,0,0,0,0,0,1,0,0,0,18,0,2,2,1
"1841",413673008,1,1,0,1,0,0,0,0,0,0,0,1,0,0,0,15,0,2,2,1
"1842",413673012,1,1,0,1,0,0,0,0,0,0,0,1,0,0,0,15,0,2,2,1
"1843",413673014,1,1,0,1,0,0,0,0,0,0,0,1,0,0,0,15,0,2,2,1
"1844",413673016,1,1,0,1,0,0,0,0,0,0,0,1,0,0,0,17,0,2,2,1
"1845",413673017,1,0,0,1,0,0,0,0,0,0,0,1,0,0,0,17,0,2,NA,NA
"1846",413673018,1,1,0,1,0,0,0,0,0,0,0,1,0,0,0,18,0,2,2,1
"1847",413673019,1,0,0,1,0,0,0,0,0,0,0,1,0,0,0,16,0,2,NA,NA
"1848",413673029,1,1,0,1,0,0,0,0,0,0,0,1,0,0,0,16,0,2,2,1
"1849",413673031,1,1,0,1,0,0,0,0,0,0,0,1,0,0,0,17,0,2,2,3
"1850",413673046,1,1,0,1,0,0,0,0,0,0,0,1,0,0,0,16,0,2,2,1
"1851",413673047,1,1,0,1,0,0,0,0,0,0,0,1,0,0,0,15,0,2,2,1
"1852",413673049,1,1,0,1,0,0,0,0,0,0,0,1,0,0,0,15,0,2,2,1
"1853",413673060,1,1,0,1,0,0,0,0,0,0,0,1,0,0,0,17,0,2,2,1
"1854",413673069,1,1,0,1,0,0,0,0,0,0,0,1,0,0,0,17,0,2,2,1
"1855",413673074,1,1,0,1,0,0,0,0,0,0,0,1,0,0,0,17,0,2,2,1
"1856",413673080,1,1,0,1,0,0,0,0,0,0,0,1,0,0,0,16,0,2,2,1
"1857",413673082,1,1,0,1,0,0,0,0,0,0,0,1,0,0,0,16,0,2,2,2
"1858",413673085,1,1,0,1,0,0,0,0,0,0,0,1,0,0,0,17,0,2,2,1
"1859",413673096,1,1,0,1,0,0,0,0,0,0,0,1,0,0,0,17,0,2,2,1
"1860",413673109,1,0,0,1,0,0,0,0,0,0,0,1,0,0,0,16,0,2,NA,NA
"1861",413673111,1,1,0,1,0,0,0,0,0,0,0,1,0,0,0,15,0,2,2,1
"1862",413673126,1,1,0,1,0,0,0,0,0,0,0,1,0,0,0,12,1,2,2,1
"1863",413673129,1,1,0,1,0,0,0,0,0,0,0,1,0,0,0,16,0,2,2,1
"1864",413673140,1,1,0,1,0,0,0,0,0,0,0,1,0,0,0,16,0,2,2,1
"1865",413673141,1,1,0,1,0,0,0,0,0,0,0,1,0,0,0,16,0,2,2,1
"1866",413673146,1,1,0,1,0,0,0,0,0,0,0,1,0,0,0,15,0,2,2,1
"1867",413674003,1,1,0,1,0,0,0,0,0,0,0,1,0,0,1,17,0,2,2,1
"1868",413674004,1,1,0,1,0,0,0,0,0,0,0,1,0,0,1,17,0,2,2,1
"1869",413674014,1,1,0,1,0,0,0,0,0,0,0,1,0,0,1,15,0,2,2,1
"1870",413674018,1,1,0,1,0,0,0,0,0,0,0,1,0,0,1,16,0,2,2,1
"1871",413674021,1,1,0,1,0,0,0,0,0,0,0,1,0,0,1,17,0,2,2,1
"1872",413674029,1,1,0,1,0,0,0,0,0,0,0,1,0,0,1,17,0,2,2,1
"1873",413674030,1,1,0,1,0,0,0,0,0,0,0,1,0,0,1,16,0,2,2,1
"1874",413674035,1,1,0,1,0,0,0,0,0,0,0,1,0,0,1,16,0,2,2,1
"1875",413674037,1,1,0,1,0,0,0,0,0,0,0,1,0,0,1,16,0,2,2,1
"1876",413674039,1,1,0,1,0,0,0,0,0,0,0,1,0,0,1,17,0,2,2,1
"1877",413674040,1,1,0,1,0,0,0,0,0,0,0,1,0,0,1,17,0,2,2,1
"1878",413674043,1,1,0,1,0,0,0,0,0,0,0,1,0,0,1,17,0,2,2,1
"1879",413674046,1,1,0,1,0,0,0,0,0,0,0,1,0,0,1,15,0,2,2,1
"1880",413674060,1,1,0,1,0,0,0,0,0,0,0,1,0,0,1,18,0,2,2,1
"1881",413674070,1,1,0,1,0,0,0,0,0,0,0,1,0,0,1,16,0,2,2,1
"1882",413674077,1,1,0,1,0,0,0,0,0,0,0,1,0,0,1,16,0,2,2,3
"1883",413674083,1,1,0,1,0,0,0,0,0,0,0,1,0,0,1,18,0,2,2,1
"1884",413674089,1,1,0,1,0,0,0,0,0,0,0,1,0,0,1,18,0,2,2,1
"1885",413674096,1,1,0,1,0,0,0,0,0,0,0,1,0,0,1,18,0,2,2,3
"1886",413674097,1,1,0,1,0,0,0,0,0,0,0,1,0,0,1,16,0,2,2,1
"1887",413674100,1,1,0,1,0,0,0,0,0,0,0,1,0,0,1,17,0,2,2,1
"1888",413674102,1,1,0,1,0,0,0,0,0,0,0,1,0,0,1,16,0,2,2,1
"1889",413674118,1,1,0,1,0,0,0,0,0,0,0,1,0,0,1,15,0,2,2,1
"1890",413674124,1,1,0,1,0,0,0,0,0,0,0,1,0,0,1,15,0,2,2,1
"1891",413674125,1,1,0,1,0,0,0,0,0,0,0,1,0,0,1,17,0,2,2,1
"1892",413674127,1,1,0,1,0,0,0,0,0,0,0,1,0,0,1,17,0,2,2,1
"1893",413674139,1,0,0,1,0,0,0,0,0,0,0,1,0,0,1,17,0,2,NA,NA
"1894",413674142,1,1,1,1,0,0,0,0,0,0,0,1,0,0,1,17,0,2,2,3
"1895",413674146,1,1,0,1,0,0,0,0,0,0,0,1,0,0,1,16,0,2,2,1
"1896",414671006,1,1,0,1,0,0,0,0,0,0,0,0,1,0,0,10,0,2,2,1
"1897",414671008,1,1,0,1,0,0,0,0,0,0,0,0,1,0,0,11,0,2,2,1
"1898",414671009,1,1,0,1,0,0,0,0,0,0,0,0,1,0,0,11,0,2,2,1
"1899",414671010,1,1,0,1,0,0,0,0,0,0,0,0,1,0,0,12,0,2,2,1
"1900",414671018,1,1,0,1,0,0,0,0,0,0,0,0,1,0,0,10,0,2,2,1
"1901",414671020,1,0,0,1,0,0,0,0,0,0,0,0,1,0,0,12,0,2,NA,NA
"1902",414671023,1,1,0,1,0,0,0,0,0,0,0,0,1,0,0,12,0,2,2,1
"1903",414671027,1,1,0,1,0,0,0,0,0,0,0,0,1,0,0,12,0,2,2,1
"1904",414671033,1,1,0,1,0,0,0,0,0,0,0,0,1,0,1,12,0,2,2,1
"1905",414671034,1,1,0,1,0,0,0,0,0,0,0,0,1,0,0,10,0,2,2,1
"1906",414671035,1,0,0,1,0,0,0,0,0,0,0,0,1,0,0,11,0,2,NA,NA
"1907",414671036,1,1,0,1,0,0,0,0,0,0,0,0,1,0,0,12,0,2,2,2
"1908",414671040,1,1,0,1,0,0,0,0,0,0,0,0,1,0,0,11,0,2,2,1
"1909",414671041,1,1,0,1,0,0,0,0,0,0,0,0,1,0,0,12,0,2,2,1
"1910",414671044,1,1,0,1,0,0,0,0,0,0,0,0,1,0,0,12,0,2,2,1
"1911",414671048,1,1,0,1,0,0,0,0,0,0,0,0,1,0,0,11,0,2,2,1
"1912",414671049,1,1,0,1,0,0,0,0,0,0,0,0,1,0,0,10,0,2,2,1
"1913",414671055,1,1,0,1,0,0,0,0,0,0,0,0,1,0,0,12,0,2,2,1
"1914",414671057,1,1,0,1,0,0,0,0,0,0,0,0,1,0,0,11,0,2,2,1
"1915",414671071,1,1,0,1,0,0,0,0,0,0,0,0,1,0,0,12,0,2,2,1
"1916",414671076,1,1,0,1,0,0,0,0,0,0,0,0,1,0,0,10,0,2,2,1
"1917",414671078,1,1,0,1,0,0,0,0,0,0,0,0,1,0,0,11,0,2,2,1
"1918",414671079,1,1,0,1,0,0,0,0,0,0,0,0,1,0,0,13,0,2,2,1
"1919",414671082,1,1,0,1,0,0,0,0,0,0,0,0,1,0,0,11,0,2,2,1
"1920",414671087,1,1,0,1,0,0,0,0,0,0,0,0,1,0,0,13,0,2,2,1
"1921",414671093,1,1,0,1,0,0,0,0,0,0,0,0,1,0,0,10,0,2,2,3
"1922",414671096,1,1,0,1,0,0,0,0,0,0,0,0,1,0,0,10,0,2,2,1
"1923",414671098,1,1,0,1,0,0,0,0,0,0,0,0,1,0,0,12,0,2,2,1
"1924",414671099,1,1,0,1,0,0,0,0,0,0,0,0,1,0,0,11,0,2,2,2
"1925",414671102,1,1,0,1,0,0,0,0,0,0,0,0,1,0,0,10,0,2,2,1
"1926",414671103,1,1,0,1,0,0,0,0,0,0,0,0,1,0,0,10,0,2,2,1
"1927",414671110,1,1,0,1,0,0,0,0,0,0,0,0,1,0,0,12,0,2,2,1
"1928",414671112,1,1,0,1,0,0,0,0,0,0,0,0,1,0,0,11,0,2,2,1
"1929",414671121,1,1,0,1,0,0,0,0,0,0,0,0,1,0,0,12,0,2,2,1
"1930",414671123,1,1,0,1,0,0,0,0,0,0,0,0,1,0,0,12,0,2,2,1
"1931",414671128,1,1,0,1,0,0,0,0,0,0,0,0,1,0,0,12,0,2,2,1
"1932",414671130,1,1,0,1,0,0,0,0,0,0,0,0,1,0,0,11,0,2,2,1
"1933",414671131,1,1,0,1,0,0,0,0,0,0,0,0,1,0,0,11,0,2,2,1
"1934",414671133,1,1,0,1,0,0,0,0,0,0,0,0,1,0,0,10,0,2,2,1
"1935",414671145,1,1,0,1,0,0,0,0,0,0,0,0,1,0,0,11,0,2,2,1
"1936",414671146,1,1,0,1,0,0,0,0,0,0,0,0,1,0,0,12,0,2,2,1
"1937",414671148,1,1,0,1,0,0,0,0,0,0,0,0,1,0,0,10,0,2,2,1
"1938",414672003,1,0,0,1,0,0,0,0,0,0,0,0,1,0,1,11,0,2,NA,NA
"1939",414672005,1,1,0,1,0,0,0,0,0,0,0,0,1,0,1,10,0,2,2,1
"1940",414672006,1,1,0,1,0,0,0,0,0,0,0,0,1,0,1,10,0,2,2,1
"1941",414672007,1,1,0,1,0,0,0,0,0,0,0,0,1,0,1,10,0,2,2,1
"1942",414672008,1,1,0,1,0,0,0,0,0,0,0,0,1,0,1,11,0,2,2,1
"1943",414672011,1,1,0,1,0,0,0,0,0,0,0,0,1,0,1,12,0,2,2,2
"1944",414672012,1,1,0,1,0,0,0,0,0,0,0,0,1,0,1,12,0,2,2,1
"1945",414672014,1,1,0,1,0,0,0,0,0,0,0,0,1,0,1,11,0,2,2,1
"1946",414672015,1,1,0,1,0,0,0,0,0,0,0,0,1,0,1,12,0,2,2,1
"1947",414672018,1,1,0,1,0,0,0,0,0,0,0,0,1,0,1,10,0,2,2,1
"1948",414672019,1,1,0,1,0,0,0,0,0,0,0,0,1,0,1,11,0,2,2,1
"1949",414672022,1,1,0,1,0,0,0,0,0,0,0,0,1,0,1,10,0,2,2,1
"1950",414672026,1,0,0,1,0,0,0,0,0,0,0,0,1,0,1,11,0,2,NA,NA
"1951",414672029,1,1,0,1,0,0,0,0,0,0,0,0,1,0,1,12,0,2,2,1
"1952",414672034,1,1,0,1,0,0,0,0,0,0,0,0,1,0,1,10,0,2,2,2
"1953",414672035,1,1,0,1,0,0,0,0,0,0,0,0,1,0,1,11,0,2,2,1
"1954",414672036,1,1,0,1,0,0,0,0,0,0,0,0,1,0,1,11,0,2,2,1
"1955",414672039,1,1,0,1,0,0,0,0,0,0,0,0,1,0,1,12,0,2,2,1
"1956",414672040,1,1,0,1,0,0,0,0,0,0,0,0,1,0,1,11,0,2,2,1
"1957",414672043,1,1,0,1,0,0,0,0,0,0,0,0,1,0,1,10,0,2,2,1
"1958",414672045,1,1,0,1,0,0,0,0,0,0,0,0,1,0,1,12,0,2,2,3
"1959",414672046,1,1,0,1,0,0,0,0,0,0,0,0,1,0,1,10,0,2,2,1
"1960",414672048,1,1,0,1,0,0,0,0,0,0,0,0,1,0,1,10,0,2,2,1
"1961",414672055,1,1,0,1,0,0,0,0,0,0,0,0,1,0,1,13,0,2,2,1
"1962",414672056,1,1,0,1,0,0,0,0,0,0,0,0,1,0,1,11,0,2,2,1
"1963",414672066,1,1,0,1,0,0,0,0,0,0,0,0,1,0,1,11,0,2,2,1
"1964",414672070,1,1,0,1,0,0,0,0,0,0,0,0,1,0,1,10,0,2,2,1
"1965",414672071,1,1,0,1,0,0,0,0,0,0,0,0,1,0,1,11,0,2,2,1
"1966",414672082,1,1,0,1,0,0,0,0,0,0,0,0,1,0,1,12,0,2,2,1
"1967",414672090,1,1,0,1,0,0,0,0,0,0,0,0,1,0,1,10,0,2,2,1
"1968",414672099,1,1,0,1,0,0,0,0,0,0,0,0,1,0,1,12,0,2,2,1
"1969",414672103,1,1,0,1,0,0,0,0,0,0,0,0,1,0,1,10,0,2,2,3
"1970",414672104,1,1,0,1,0,0,0,0,0,0,0,0,1,0,1,12,0,2,2,1
"1971",414672105,1,1,0,1,0,0,0,0,0,0,0,0,1,0,1,11,0,2,2,1
"1972",414672106,1,1,0,1,0,0,0,0,0,0,0,0,1,0,1,11,0,2,2,1
"1973",414672107,1,1,0,1,0,0,0,0,0,0,0,0,1,0,1,10,0,2,2,1
"1974",414672112,1,1,0,1,0,0,0,0,0,0,0,0,1,0,1,11,0,2,2,1
"1975",414672113,1,1,0,1,0,0,0,0,0,0,0,0,1,0,1,11,0,2,2,2
"1976",414672118,1,1,0,1,0,0,0,0,0,0,0,0,1,0,1,11,0,2,2,1
"1977",414672121,1,1,0,1,0,0,0,0,0,0,0,0,1,0,1,13,0,2,2,1
"1978",414672122,1,1,0,1,0,0,0,0,0,0,0,0,1,0,1,10,0,2,2,1
"1979",414672127,1,1,0,1,0,0,0,0,0,0,0,0,1,0,1,11,0,2,2,1
"1980",414672130,1,1,0,1,0,0,0,0,0,0,0,0,1,0,1,10,0,2,2,2
"1981",414672135,1,1,0,1,0,0,0,0,0,0,0,0,1,0,1,11,0,2,2,1
"1982",414672136,1,1,0,1,0,0,0,0,0,0,0,0,1,0,1,10,0,2,2,1
"1983",414672138,1,1,0,1,0,0,0,0,0,0,0,0,1,0,1,11,0,2,2,1
"1984",414672144,1,1,0,1,0,0,0,0,0,0,0,0,1,0,1,12,0,2,2,1
"1985",414672145,1,1,0,1,0,0,0,0,0,0,0,0,1,0,1,12,0,2,2,1
"1986",414672146,1,1,0,1,0,0,0,0,0,0,0,0,1,0,1,10,0,2,2,2
"1987",414672149,1,1,0,1,0,0,0,0,0,0,0,0,1,0,1,11,0,2,2,1
"1988",414673003,1,1,0,1,0,0,0,0,0,0,0,0,1,0,0,16,0,2,2,1
"1989",414673007,1,1,0,1,0,0,0,0,0,0,0,0,1,0,0,16,0,2,2,1
"1990",414673009,1,1,0,1,0,0,0,0,0,0,0,0,1,0,0,17,0,2,2,1
"1991",414673010,1,1,0,1,0,0,0,0,0,0,0,0,1,0,0,18,0,2,2,1
"1992",414673011,1,1,0,1,0,0,0,0,0,0,0,0,1,0,0,16,0,2,2,1
"1993",414673015,1,1,0,1,0,0,0,0,0,0,0,0,1,0,0,16,0,2,2,1
"1994",414673021,1,1,0,1,0,0,0,0,0,0,0,0,1,0,0,15,0,2,2,1
"1995",414673022,1,1,0,1,0,0,0,0,0,0,0,0,1,0,0,16,0,2,2,1
"1996",414673025,1,1,0,1,0,0,0,0,0,0,0,0,1,0,0,15,0,2,2,1
"1997",414673027,1,1,0,1,0,0,0,0,0,0,0,0,1,0,0,16,0,2,2,1
"1998",414673031,1,1,0,1,0,0,0,0,0,0,0,0,1,0,0,15,0,2,2,1
"1999",414673036,1,1,0,1,0,0,0,0,0,0,0,0,1,0,0,17,0,2,2,1
"2000",414673041,1,1,0,1,0,0,0,0,0,0,0,0,1,0,0,17,0,2,2,1
"2001",414673042,1,0,0,1,0,0,0,0,0,0,0,0,1,0,0,18,0,2,NA,NA
"2002",414673045,1,1,0,1,0,0,0,0,0,0,0,0,1,0,0,15,0,2,2,1
"2003",414673046,1,1,0,1,0,0,0,0,0,0,0,0,1,0,0,16,0,2,2,1
"2004",414673049,1,1,0,1,0,0,0,0,0,0,0,0,1,0,0,16,0,2,2,1
"2005",414673059,1,1,0,1,0,0,0,0,0,0,0,0,1,0,0,16,0,2,2,1
"2006",414673063,1,1,0,1,0,0,0,0,0,0,0,0,1,0,0,15,0,2,2,1
"2007",414673069,1,1,0,1,0,0,0,0,0,0,0,0,1,0,0,15,0,2,2,1
"2008",414673070,1,1,0,1,0,0,0,0,0,0,0,0,1,0,0,16,0,2,2,2
"2009",414673072,1,1,0,1,0,0,0,0,0,0,0,0,1,0,0,16,0,2,2,1
"2010",414673076,1,1,0,1,0,0,0,0,0,0,0,0,1,0,0,17,0,2,2,1
"2011",414673081,1,1,0,1,0,0,0,0,0,0,0,0,1,0,0,16,0,2,2,2
"2012",414673082,1,0,0,1,0,0,0,0,0,0,0,0,1,0,0,16,0,2,NA,NA
"2013",414673084,1,1,0,1,0,0,0,0,0,0,0,0,1,0,0,17,0,2,2,1
"2014",414673085,1,1,0,1,0,0,0,0,0,0,0,0,1,0,0,17,0,2,2,1
"2015",414673089,1,1,0,1,0,0,0,0,0,0,0,0,1,0,0,16,0,2,2,1
"2016",414673096,1,1,0,1,0,0,0,0,0,0,0,0,1,0,0,17,0,2,2,1
"2017",414673108,1,1,0,1,0,0,0,0,0,0,0,0,1,0,0,17,0,2,2,1
"2018",414673110,1,1,0,1,0,0,0,0,0,0,0,0,1,0,0,16,0,2,2,1
"2019",414673119,1,1,0,1,0,0,0,0,0,0,0,0,1,0,0,17,0,2,2,1
"2020",414673122,1,1,0,1,0,0,0,0,0,0,0,0,1,0,0,16,0,2,2,1
"2021",414673138,1,1,0,1,0,0,0,0,0,0,0,0,1,0,0,16,0,2,2,1
"2022",414673147,1,1,0,1,0,0,0,0,0,0,0,0,1,0,0,16,0,2,2,1
"2023",414674010,1,1,0,1,0,0,0,0,0,0,0,0,1,0,1,16,0,2,2,1
"2024",414674011,1,1,0,1,0,0,0,0,0,0,0,0,1,0,1,16,0,2,2,1
"2025",414674012,1,1,0,1,0,0,0,0,0,0,0,0,1,0,1,16,0,2,2,1
"2026",414674026,1,1,0,1,0,0,0,0,0,0,0,0,1,0,1,15,0,2,2,1
"2027",414674027,1,1,0,1,0,0,0,0,0,0,0,0,1,0,1,16,0,2,2,1
"2028",414674032,1,1,0,1,0,0,0,0,0,0,0,0,1,0,1,18,0,2,2,1
"2029",414674045,1,1,0,1,0,0,0,0,0,0,0,0,1,0,1,15,0,2,2,1
"2030",414674046,1,1,0,1,0,0,0,0,0,0,0,0,1,0,1,17,0,2,2,1
"2031",414674047,1,1,0,1,0,0,0,0,0,0,0,0,1,0,1,17,0,2,2,3
"2032",414674049,1,1,0,1,0,0,0,0,0,0,0,0,1,0,1,17,0,2,2,1
"2033",414674055,1,1,0,1,0,0,0,0,0,0,0,0,1,0,1,16,0,2,2,3
"2034",414674061,1,1,0,1,0,0,0,0,0,0,0,0,1,0,1,16,0,2,2,1
"2035",414674067,1,0,0,1,0,0,0,0,0,0,0,0,1,0,1,18,0,2,NA,NA
"2036",414674084,1,1,0,1,0,0,0,0,0,0,0,0,1,0,1,18,0,2,2,1
"2037",414674091,1,1,0,1,0,0,0,0,0,0,0,0,1,0,1,16,0,2,2,1
"2038",414674093,1,1,0,1,0,0,0,0,0,0,0,0,1,0,1,18,0,2,2,1
"2039",414674097,1,1,0,1,0,0,0,0,0,0,0,0,1,0,1,17,0,2,2,1
"2040",414674105,1,1,0,1,0,0,0,0,0,0,0,0,1,0,1,17,0,2,2,3
"2041",414674112,1,1,0,1,0,0,0,0,0,0,0,0,1,0,1,16,0,2,2,1
"2042",414674120,1,1,0,1,0,0,0,0,0,0,0,0,1,0,1,16,0,2,2,1
"2043",414674122,1,1,0,1,0,0,0,0,0,0,0,0,1,0,1,15,0,2,2,1
"2044",414674127,1,0,0,1,0,0,0,0,0,0,0,0,1,0,1,16,1,2,NA,NA
"2045",414674128,1,1,0,1,0,0,0,0,0,0,0,0,1,0,1,17,0,2,2,1
"2046",414674136,1,1,0,1,0,0,0,0,0,0,0,0,1,0,1,17,0,2,2,1
"2047",414674142,1,1,0,1,0,0,0,0,0,0,0,0,1,0,1,17,0,2,2,1
"2048",414674149,1,1,0,1,0,0,0,0,0,0,0,0,1,0,1,16,0,2,2,1
"2049",502091027,1,1,0,0,1,0,1,0,0,0,0,0,0,0,0,12,1,2,2,1
"2050",502092062,1,1,0,0,1,0,1,0,0,0,0,0,0,0,1,11,0,1,1,1
"2051",502093074,1,1,0,0,1,0,1,0,0,0,0,0,0,0,0,17,0,2,2,1
"2052",502101001,1,1,0,0,0,1,1,0,0,0,0,0,0,0,0,12,0,2,2,2
"2053",502101002,1,1,0,0,0,1,0,0,0,1,0,0,0,0,0,11,0,2,2,1
"2054",502101005,1,1,0,0,0,1,1,0,0,0,0,0,0,0,0,12,0,2,2,1
"2055",502101012,1,1,0,0,0,1,1,0,0,0,0,0,0,0,0,13,0,2,2,1
"2056",502101039,1,1,0,0,0,1,1,0,0,0,0,0,0,0,0,11,0,2,2,1
"2057",502101044,1,1,0,0,0,1,1,0,0,0,0,0,0,0,0,11,0,2,2,1
"2058",502101051,1,1,0,0,0,1,1,0,0,0,0,0,0,0,0,12,0,2,2,1
"2059",502101059,1,1,0,0,0,1,1,0,0,0,0,0,0,0,0,11,0,2,2,3
"2060",502101067,1,1,0,0,0,1,1,0,0,0,0,0,0,0,0,11,1,2,2,1
"2061",502101087,1,1,0,0,0,1,1,0,0,0,0,0,0,0,0,12,0,2,2,1
"2062",502101096,1,1,0,0,0,1,1,0,0,0,0,0,0,0,0,10,0,2,2,1
"2063",502102027,1,1,0,0,0,1,0,1,0,0,0,0,0,0,1,11,0,2,2,1
"2064",502102039,1,1,0,0,0,1,1,0,0,0,0,0,0,0,1,11,0,2,2,1
"2065",502102049,1,1,0,0,0,1,1,0,0,0,0,0,0,0,1,11,0,2,2,1
"2066",502102065,1,1,0,0,0,1,1,0,0,0,0,0,0,0,1,12,0,2,2,1
"2067",502102070,1,1,0,0,0,1,1,0,0,0,0,0,0,0,1,11,0,2,2,1
"2068",502102074,1,1,0,0,0,1,1,0,0,0,0,0,0,0,1,12,0,2,2,1
"2069",502102076,1,1,0,0,0,1,1,0,0,0,0,0,0,0,1,11,0,2,2,1
"2070",502102079,1,1,0,0,0,1,1,0,0,0,0,0,0,0,1,11,0,2,2,1
"2071",502102094,1,1,0,0,0,1,1,0,0,0,0,0,0,0,1,12,0,2,2,1
"2072",502103008,1,1,0,0,0,1,1,0,0,0,0,0,0,0,0,17,0,2,2,2
"2073",502103012,1,1,0,0,0,1,1,0,0,0,0,0,0,0,0,17,0,2,2,1
"2074",502103016,1,1,0,0,0,1,1,0,0,0,0,0,0,0,0,16,0,2,2,1
"2075",502103024,1,1,0,0,0,1,1,0,0,0,0,0,0,0,0,17,0,2,2,1
"2076",502103040,1,1,0,0,0,1,1,0,0,0,0,0,0,0,0,17,0,2,2,2
"2077",502103043,1,1,0,0,0,1,1,0,0,0,0,0,0,0,0,16,0,2,2,1
"2078",502103053,1,1,0,0,0,1,1,0,0,0,0,0,0,0,0,17,0,2,2,1
"2079",502103055,1,1,0,0,0,1,1,0,0,0,0,0,0,0,0,17,0,2,2,1
"2080",502103060,1,1,0,0,0,1,1,0,0,0,0,0,0,0,0,17,0,2,2,3
"2081",502103064,1,1,0,0,0,1,1,0,0,0,0,0,0,0,0,16,0,6,6,3
"2082",502103075,1,1,0,0,0,1,1,0,0,0,0,0,0,0,0,16,0,2,2,1
"2083",502103085,1,1,0,0,0,1,1,0,0,0,0,0,0,0,0,17,0,2,2,3
"2084",502103090,1,1,0,0,0,1,1,0,0,0,0,0,0,0,0,16,0,2,2,2
"2085",502103093,1,1,0,0,1,0,1,0,0,0,0,0,0,0,0,16,0,2,2,1
"2086",502104001,1,1,0,0,0,1,1,0,0,0,0,0,0,0,1,17,0,2,2,1
"2087",502104038,1,1,0,0,0,1,1,0,0,0,0,0,0,0,1,17,0,2,2,1
"2088",502104039,1,1,0,0,0,1,1,0,0,0,0,0,0,0,1,17,0,2,2,1
"2089",502104044,1,1,0,0,0,1,1,0,0,0,0,0,0,0,1,17,0,2,2,3
"2090",502104047,1,1,0,0,0,1,1,0,0,0,0,0,0,0,1,16,0,2,2,2
"2091",502104052,1,1,0,0,0,1,1,0,0,0,0,0,0,0,1,16,0,2,2,1
"2092",502104069,1,1,0,0,0,1,1,0,0,0,0,0,0,0,1,16,0,2,2,2
"2093",502104075,1,1,0,0,0,1,1,0,0,0,0,0,0,0,1,17,0,2,2,1
"2094",502104078,1,1,0,0,0,1,1,0,0,0,0,0,0,0,1,17,1,2,2,1
"2095",502104082,1,1,0,0,0,1,1,0,0,0,0,0,0,0,1,17,1,2,2,1
"2096",502104102,1,1,0,0,0,1,1,0,0,0,0,0,0,0,1,17,0,2,2,1
"2097",502141024,1,1,0,0,0,1,1,0,0,0,0,0,0,0,0,10,0,2,2,1
"2098",502141093,1,1,0,0,0,1,1,0,0,0,0,0,0,0,0,13,0,2,2,1
"2099",502142054,1,1,0,0,0,1,1,0,0,0,0,0,0,0,1,12,0,2,2,2
"2100",502181016,1,1,0,0,1,0,1,0,0,0,0,0,0,0,0,11,0,2,1,1
"2101",502182050,1,1,0,0,0,1,1,0,0,0,0,0,0,0,1,11,0,2,2,1
"2102",502183019,1,1,0,0,1,0,1,0,0,0,0,0,0,0,0,17,0,2,2,1
"2103",502183069,1,1,0,0,0,1,1,0,0,0,0,0,0,0,0,16,0,2,2,1
"2104",502341068,1,1,0,0,1,0,1,0,0,0,0,0,0,0,0,11,0,2,2,1
"2105",502341092,1,1,0,0,1,0,1,0,0,0,0,0,0,0,0,12,0,2,2,1
"2106",502342045,1,1,0,0,1,0,1,0,0,0,0,0,0,0,1,11,0,2,2,1
"2107",502342060,1,1,0,0,1,0,1,0,0,0,0,0,0,0,1,12,1,2,2,1
"2108",502342095,1,1,0,0,1,0,1,0,0,0,0,0,0,0,1,11,0,2,2,1
"2109",502343001,1,1,0,0,1,0,1,0,0,0,0,0,0,0,0,17,0,2,2,1
"2110",502343002,1,1,0,0,1,0,1,0,0,0,0,0,0,0,0,17,0,1,1,1
"2111",502343026,1,1,0,0,1,0,1,0,0,0,0,0,0,0,0,17,0,2,2,1
"2112",502344002,1,1,0,0,1,0,1,0,0,0,0,0,0,0,1,15,0,2,2,1
"2113",502344021,1,1,0,0,1,0,1,0,0,0,0,0,0,0,1,14,1,1,1,2
"2114",502351080,1,1,0,0,1,0,1,0,0,0,0,0,0,0,0,11,0,2,2,1
"2115",502382001,1,1,0,0,0,1,1,0,0,0,0,0,0,0,1,10,0,2,2,1
"2116",502382031,1,1,0,0,1,0,1,0,0,0,0,0,0,0,1,12,0,1,1,1
"2117",502382053,1,1,0,0,1,0,1,0,0,0,0,0,0,0,1,11,0,1,1,1
"2118",502384033,1,1,0,0,0,1,1,0,0,0,0,0,0,0,1,16,0,2,2,1
"2119",502492023,1,1,0,0,1,0,1,0,0,0,0,0,0,0,1,11,0,2,2,1
"2120",502501013,1,1,0,0,1,0,1,0,0,0,0,0,0,0,0,12,0,2,2,1
"2121",505132018,1,1,0,0,0,1,0,1,0,0,0,0,0,0,1,12,0,2,2,1
"2122",505191042,1,1,0,0,0,1,0,1,0,0,0,0,0,0,0,11,0,1,1,1
"2123",505201037,1,1,0,0,1,0,0,1,0,0,0,0,0,0,0,12,0,2,2,1
"2124",505201070,1,1,0,0,0,1,0,1,0,0,0,0,0,0,0,12,0,2,2,1
"2125",505201074,1,1,1,0,1,0,0,1,0,0,0,0,0,0,0,12,0,2,2,1
"2126",505202007,1,1,0,0,1,0,0,1,0,0,0,0,0,0,1,12,0,2,2,1
"2127",505202012,1,1,0,0,1,0,0,1,0,0,0,0,0,0,1,11,0,1,1,1
"2128",505202020,1,1,0,0,0,1,0,1,0,0,0,0,0,0,1,11,0,2,2,1
"2129",505202044,1,1,1,0,1,0,0,1,0,0,0,0,0,0,1,13,0,2,2,1
"2130",505202058,1,1,0,0,0,1,0,1,0,0,0,0,0,0,1,11,0,2,2,1
"2131",505202088,1,1,0,0,0,1,0,1,0,0,0,0,0,0,1,10,0,2,2,3
"2132",505202114,1,1,0,0,1,0,0,1,0,0,0,0,0,0,1,12,0,1,1,1
"2133",505202150,1,1,0,0,0,1,0,1,0,0,0,0,0,0,1,12,0,2,2,1
"2134",505203005,1,1,0,0,0,1,0,1,0,0,0,0,0,0,0,16,0,2,2,1
"2135",505203010,1,0,0,0,0,1,0,1,0,0,0,0,0,0,0,17,0,1,NA,NA
"2136",505203071,1,1,0,0,0,1,0,1,0,0,0,0,0,0,0,17,0,2,2,1
"2137",505203103,1,1,1,0,1,0,0,1,0,0,0,0,0,0,0,17,0,2,1,1
"2138",505204040,1,1,0,0,1,0,0,1,0,0,0,0,0,0,1,16,0,1,1,1
"2139",505251003,1,1,0,0,1,0,0,1,0,0,0,0,0,0,0,11,0,1,1,1
"2140",505251083,1,1,0,0,0,1,0,1,0,0,0,0,0,0,0,11,0,2,2,1
"2141",505252077,1,1,0,0,1,0,0,1,0,0,0,0,0,0,1,11,0,1,1,1
"2142",505252092,1,1,0,0,0,1,0,1,0,0,0,0,0,0,1,12,0,2,2,1
"2143",505254006,1,1,0,0,0,1,0,1,0,0,0,0,0,0,1,16,0,1,1,1
"2144",505254100,1,1,0,0,1,0,0,1,0,0,0,0,0,0,1,16,0,1,1,1
"2145",505254109,1,1,0,0,0,1,0,1,0,0,0,0,0,0,1,16,0,1,1,1
"2146",505441033,1,1,0,0,0,1,0,1,0,0,0,0,0,0,0,11,0,2,2,1
"2147",505441049,1,1,0,0,1,0,0,1,0,0,0,0,0,0,0,12,0,2,2,1
"2148",505441075,1,1,0,0,0,1,0,1,0,0,0,0,0,0,0,12,0,2,2,1
"2149",505441164,1,1,0,0,0,1,0,1,0,0,0,0,0,0,0,13,0,2,2,1
"2150",505442003,1,1,0,0,0,1,0,1,0,0,0,0,0,0,1,12,0,2,2,1
"2151",505442010,1,1,0,0,1,0,0,1,0,0,0,0,0,0,1,12,0,1,1,1
"2152",505442030,1,1,0,0,0,1,0,1,0,0,0,0,0,0,1,11,0,2,2,2
"2153",505442040,1,1,0,0,0,1,0,1,0,0,0,0,0,0,1,11,0,2,2,1
"2154",505442083,1,1,0,0,1,0,0,1,0,0,0,0,0,0,1,11,0,2,2,1
"2155",505442096,1,1,0,0,0,1,0,1,0,0,0,0,0,0,1,12,0,2,2,1
"2156",505442118,1,1,0,0,0,1,0,1,0,0,0,0,0,0,1,11,0,1,1,1
"2157",505443034,1,1,0,0,0,1,0,1,0,0,0,0,0,0,0,17,0,1,1,2
"2158",505443079,1,1,0,0,1,0,0,1,0,0,0,0,0,0,0,16,0,1,1,2
"2159",505444029,1,1,0,0,1,0,0,1,0,0,0,0,0,0,1,16,0,1,1,4
"2160",510321015,1,1,0,0,0,1,0,0,0,1,0,0,0,0,0,11,0,2,2,1
"2161",510321062,1,1,0,0,1,0,0,0,0,1,0,0,0,0,0,12,0,2,2,2
"2162",510322035,1,1,0,0,0,1,0,0,0,1,0,0,0,0,1,12,0,2,2,1
"2163",510322046,1,1,0,0,0,1,0,0,0,1,0,0,0,0,1,12,0,2,2,1
"2164",510322097,1,1,0,0,0,1,0,0,0,1,0,0,0,0,1,11,0,2,2,1
"2165",510323018,1,1,0,0,0,1,0,0,0,1,0,0,0,0,0,17,0,2,2,1
"2166",510323021,1,1,0,0,0,1,0,0,0,1,0,0,0,0,0,16,0,2,2,1
"2167",510323033,1,1,0,0,0,1,0,0,0,1,0,0,0,0,0,15,0,2,2,1
"2168",510323049,1,1,0,0,0,1,0,0,0,1,0,0,0,0,0,16,0,2,2,1
"2169",510323061,1,1,0,0,1,0,0,0,0,1,0,0,0,0,0,17,0,2,2,2
"2170",510324049,1,1,0,0,0,1,0,0,0,1,0,0,0,0,1,16,0,2,2,1
"2171",510324051,1,1,0,0,0,1,0,0,0,1,0,0,0,0,1,17,0,2,2,1
"2172",510324057,1,1,0,0,0,1,0,0,0,1,0,0,0,0,1,15,0,2,2,1
"2173",510324074,1,1,0,0,0,1,0,0,0,1,0,0,0,0,1,15,0,2,2,1
"2174",510324087,1,1,0,0,0,1,0,0,0,1,0,0,0,0,1,16,0,2,2,2
"2175",510361007,1,1,0,0,0,1,0,0,0,1,0,0,0,0,0,10,0,2,2,1
"2176",510361008,1,1,0,0,0,1,0,0,0,1,0,0,0,0,0,10,0,2,2,1
"2177",510361018,1,1,0,0,0,1,0,0,0,1,0,0,0,0,0,12,0,2,2,1
"2178",510361063,1,1,0,0,0,1,1,0,0,0,0,0,0,0,0,11,0,2,2,1
"2179",510361064,1,1,0,0,0,1,0,0,0,1,0,0,0,0,0,12,0,2,2,1
"2180",510361069,1,1,0,0,0,1,0,0,0,1,0,0,0,0,0,11,0,2,2,1
"2181",510361073,1,1,0,0,0,1,0,0,0,1,0,0,0,0,0,12,0,2,2,1
"2182",510361082,1,1,0,0,0,1,0,0,0,1,0,0,0,0,0,11,0,2,2,1
"2183",510361089,1,1,0,0,0,1,0,0,0,1,0,0,0,0,0,11,0,2,2,1
"2184",510361090,1,1,0,0,0,1,0,0,0,1,0,0,0,0,0,11,0,2,2,1
"2185",510361097,1,1,0,0,1,0,0,0,0,1,0,0,0,0,0,10,0,2,2,1
"2186",510361112,1,1,0,0,0,1,0,0,0,1,0,0,0,0,0,10,0,2,2,1
"2187",510361117,1,1,0,0,0,1,0,0,0,1,0,0,0,0,0,12,0,2,2,1
"2188",510362004,1,1,0,0,0,1,0,0,0,1,0,0,0,0,1,12,0,2,2,1
"2189",510362006,1,1,0,0,0,1,0,0,0,1,0,0,0,0,1,11,0,2,2,1
"2190",510362008,1,1,0,0,0,1,0,0,0,1,0,0,0,0,1,12,0,2,2,1
"2191",510362024,1,1,0,0,0,1,0,0,0,1,0,0,0,0,1,12,0,2,2,1
"2192",510362025,1,1,0,0,0,1,0,0,0,1,0,0,0,0,1,11,0,2,2,1
"2193",510362026,1,1,0,0,1,0,0,0,0,1,0,0,0,0,1,12,0,2,2,1
"2194",510362032,1,1,0,0,0,1,0,0,0,1,0,0,0,0,1,11,0,2,2,1
"2195",510362038,1,1,0,0,0,1,0,0,0,1,0,0,0,0,1,12,0,2,2,1
"2196",510362066,1,1,0,0,0,1,0,0,0,1,0,0,0,0,1,12,0,2,2,1
"2197",510362080,1,1,0,0,0,1,0,0,0,1,0,0,0,0,1,12,0,2,2,1
"2198",510362082,1,1,0,0,0,1,0,0,0,1,0,0,0,0,1,12,0,2,2,1
"2199",510362084,1,1,0,0,0,1,0,0,0,1,0,0,0,0,1,12,0,2,2,1
"2200",510362090,1,1,0,0,0,1,0,0,0,1,0,0,0,0,1,12,1,2,1,1
"2201",510362120,1,1,0,0,0,1,0,0,0,1,0,0,0,0,1,12,0,2,2,1
"2202",510363020,1,1,0,0,1,0,0,0,0,1,0,0,0,0,0,17,0,2,2,1
"2203",510363022,1,1,0,0,0,1,0,0,0,1,0,0,0,0,0,17,0,2,2,1
"2204",510363028,1,1,0,0,0,1,0,0,0,1,0,0,0,0,0,17,0,2,2,1
"2205",510363036,1,1,0,0,0,1,0,0,0,1,0,0,0,0,0,17,0,2,2,1
"2206",510363039,1,1,0,0,0,1,0,0,0,1,0,0,0,0,0,16,0,2,2,1
"2207",510363041,1,1,0,0,0,1,0,0,0,1,0,0,0,0,0,15,0,2,2,1
"2208",510363045,1,1,0,0,0,1,0,0,0,1,0,0,0,0,0,16,0,2,2,1
"2209",510363051,1,1,0,0,0,1,0,0,0,1,0,0,0,0,0,17,0,2,2,1
"2210",510363065,1,1,0,0,0,1,0,0,0,1,0,0,0,0,0,17,0,2,2,1
"2211",510363076,1,1,0,0,0,1,0,0,0,1,0,0,0,0,0,17,0,2,2,1
"2212",510363077,1,1,0,0,0,1,0,0,0,1,0,0,0,0,0,17,0,2,2,1
"2213",510363082,1,1,0,0,0,1,0,0,0,1,0,0,0,0,0,17,0,2,2,1
"2214",510363084,1,1,0,0,0,1,0,0,0,1,0,0,0,0,0,16,0,2,2,1
"2215",510363086,1,1,0,0,0,1,0,0,0,1,0,0,0,0,0,17,0,2,2,1
"2216",510363092,1,1,0,0,0,1,0,0,0,1,0,0,0,0,0,15,0,2,2,1
"2217",510363101,1,1,0,0,0,1,0,1,0,0,0,0,0,0,0,17,0,2,2,1
"2218",510363102,1,1,0,0,0,1,0,0,0,1,0,0,0,0,0,17,0,2,2,1
"2219",510364003,1,1,0,0,0,1,0,0,0,1,0,0,0,0,1,16,0,2,2,1
"2220",510364009,1,1,0,0,0,1,0,0,0,1,0,0,0,0,1,17,0,2,2,1
"2221",510364013,1,1,0,0,0,1,0,0,0,1,0,0,0,0,1,16,0,2,2,1
"2222",510364017,1,1,0,0,0,1,0,0,0,1,0,0,0,0,1,17,0,2,2,1
"2223",510364020,1,1,0,0,1,0,0,1,0,0,0,0,0,0,1,15,0,2,2,1
"2224",510364022,1,1,0,0,0,1,1,0,0,0,0,0,0,0,1,16,0,2,2,1
"2225",510364023,1,1,0,0,0,1,0,0,0,1,0,0,0,0,1,17,0,2,2,1
"2226",510364024,1,1,0,0,0,1,0,0,0,1,0,0,0,0,1,16,0,2,2,1
"2227",510364028,1,1,0,0,0,1,0,0,0,1,0,0,0,0,1,17,0,2,2,1
"2228",510364032,1,1,0,0,1,0,0,0,0,1,0,0,0,0,1,16,0,2,2,1
"2229",510364034,1,1,0,0,0,1,0,0,0,1,0,0,0,0,1,16,0,2,2,1
"2230",510364035,1,1,0,0,0,1,0,0,0,1,0,0,0,0,1,16,0,2,2,1
"2231",510364036,1,1,0,0,0,1,0,0,0,1,0,0,0,0,1,15,0,2,2,1
"2232",510364053,1,1,0,0,0,1,0,0,0,1,0,0,0,0,1,15,0,2,2,1
"2233",510364065,1,1,0,0,0,1,0,0,0,1,0,0,0,0,1,17,1,2,2,1
"2234",510364079,1,1,0,0,1,0,1,0,0,0,0,0,0,0,1,17,0,2,2,1
"2235",510364084,1,1,0,0,0,1,0,0,0,1,0,0,0,0,1,16,0,2,2,1
"2236",510364091,1,1,0,0,0,1,0,0,0,1,0,0,0,0,1,16,0,2,2,1
"2237",510364095,1,1,0,0,1,0,0,0,0,1,0,0,0,0,1,17,0,2,2,1
"2238",510364098,1,1,0,0,0,1,0,0,0,1,0,0,0,0,1,15,0,2,2,1
"2239",510364106,1,1,0,0,0,1,0,0,0,1,0,0,0,0,1,17,0,2,2,1
"2240",510511009,1,1,0,0,1,0,0,0,0,1,0,0,0,0,0,12,0,2,2,1
"2241",510511014,1,1,0,0,1,0,0,0,0,1,0,0,0,0,0,12,0,2,2,1
"2242",510511019,1,1,0,0,0,1,0,0,0,1,0,0,0,0,0,10,0,2,2,1
"2243",510511023,1,1,0,0,0,1,0,0,0,1,0,0,0,0,0,12,0,2,2,1
"2244",510511025,1,1,0,0,0,1,0,0,0,1,0,0,0,0,0,11,0,2,2,1
"2245",510511035,1,1,0,0,0,1,0,0,0,1,0,0,0,0,0,12,0,2,2,1
"2246",510511040,1,1,0,0,0,1,0,0,0,1,0,0,0,0,0,11,0,2,2,1
"2247",510511043,1,1,0,0,0,1,0,0,0,1,0,0,0,0,0,11,0,2,2,1
"2248",510511045,1,1,0,0,0,1,0,0,0,1,0,0,0,0,0,12,0,2,2,1
"2249",510511052,1,1,0,0,0,1,0,1,0,0,0,0,0,0,0,12,0,2,2,1
"2250",510511077,1,1,0,0,1,0,0,0,0,1,0,0,0,0,0,10,0,2,2,1
"2251",510511094,1,1,0,0,0,1,0,0,0,1,0,0,0,0,0,12,0,2,2,1
"2252",510511098,1,1,0,0,0,1,0,0,0,1,0,0,0,0,0,11,0,2,2,1
"2253",510512002,1,1,0,0,0,1,0,0,0,1,0,0,0,0,1,11,0,2,2,1
"2254",510512005,1,1,0,0,0,1,0,0,0,1,0,0,0,0,1,11,0,2,2,1
"2255",510512015,1,1,0,0,0,1,0,0,0,1,0,0,0,0,1,11,0,2,2,1
"2256",510512021,1,1,0,0,0,1,0,0,0,1,0,0,0,0,1,11,0,2,2,1
"2257",510512033,1,1,0,0,0,1,0,0,0,1,0,0,0,0,1,12,0,2,2,1
"2258",510512034,1,1,0,0,0,1,0,0,0,1,0,0,0,0,1,11,0,2,2,1
"2259",510512036,1,1,0,0,0,1,0,0,0,1,0,0,0,0,1,10,0,2,2,1
"2260",510512052,1,1,0,0,1,0,0,0,0,1,0,0,0,0,1,11,0,2,2,1
"2261",510512055,1,1,0,0,0,1,0,0,0,1,0,0,0,0,1,11,0,2,2,1
"2262",510512059,1,1,0,0,0,1,0,0,0,1,0,0,0,0,1,11,0,2,2,1
"2263",510512068,1,1,0,0,0,1,0,0,0,1,0,0,0,0,1,11,0,2,2,1
"2264",510512071,1,1,0,0,1,0,0,0,0,1,0,0,0,0,1,11,0,2,2,1
"2265",510512085,1,1,0,0,0,1,0,0,0,1,0,0,0,0,1,11,0,2,2,1
"2266",510512110,1,1,0,0,0,1,0,0,0,1,0,0,0,0,1,13,0,2,2,1
"2267",510512112,1,1,0,0,0,1,0,0,0,1,0,0,0,0,1,13,0,2,2,1
"2268",510513003,1,1,0,0,0,1,0,0,0,1,0,0,0,0,0,17,0,2,2,1
"2269",510513007,1,1,0,0,0,1,0,0,0,1,0,0,0,0,0,17,0,2,2,1
"2270",510513011,1,1,0,0,0,1,0,0,0,1,0,0,0,0,0,14,1,2,2,1
"2271",510513023,1,1,0,0,1,0,0,0,0,1,0,0,0,0,0,16,0,2,2,1
"2272",510513035,1,1,0,0,0,1,0,0,0,1,0,0,0,0,0,16,0,2,2,1
"2273",510513037,1,1,0,0,0,1,0,0,0,1,0,0,0,0,0,18,0,2,2,1
"2274",510513042,1,1,0,0,0,1,0,0,0,1,0,0,0,0,0,17,0,2,2,1
"2275",510513052,1,1,0,0,0,1,0,0,0,1,0,0,0,0,0,17,0,2,2,3
"2276",510513062,1,1,0,0,0,1,0,0,0,1,0,0,0,0,0,16,0,2,2,1
"2277",510513083,1,1,0,0,0,1,0,0,0,1,0,0,0,0,0,15,0,2,2,1
"2278",510513096,1,1,0,0,0,1,0,0,0,1,0,0,0,0,0,18,0,2,2,1
"2279",510513097,1,1,0,0,0,1,0,0,0,1,0,0,0,0,0,17,0,2,2,1
"2280",510514019,1,1,0,0,1,0,0,0,0,1,0,0,0,0,1,17,0,2,2,2
"2281",510514030,1,1,0,0,0,1,0,0,0,1,0,0,0,0,1,15,0,2,2,1
"2282",510514041,1,1,0,0,0,1,0,0,0,1,0,0,0,0,1,17,0,2,2,1
"2283",510514046,1,1,0,0,1,0,0,0,0,1,0,0,0,0,1,17,1,2,2,1
"2284",510514055,1,1,0,0,0,1,0,0,0,1,0,0,0,0,1,15,0,2,2,3
"2285",510514060,1,1,0,0,0,1,0,0,0,1,0,0,0,0,1,17,0,2,2,1
"2286",510514062,1,1,0,0,0,1,0,0,0,1,0,0,0,0,1,16,0,2,2,1
"2287",510514080,1,1,0,0,1,0,0,0,0,1,0,0,0,0,1,16,1,2,2,1
"2288",510514085,1,1,0,0,0,1,0,0,0,1,0,0,0,0,1,15,0,2,2,1
"2289",510514090,1,1,0,0,0,1,0,0,0,1,0,0,0,0,1,16,0,2,2,3
"2290",510514094,1,1,0,0,0,1,0,0,0,1,0,0,0,0,1,16,0,2,2,1
"2291",602091002,1,1,0,0,1,0,1,0,0,0,0,0,0,0,0,12,0,1,-96,1
"2292",602091009,1,1,0,0,1,0,1,0,0,0,0,0,0,0,0,11,0,4,4,1
"2293",602091010,1,1,0,0,1,0,1,0,0,0,0,0,0,0,0,11,0,1,1,1
"2294",602091030,1,1,0,0,1,0,1,0,0,0,0,0,0,0,0,11,0,2,2,1
"2295",602091050,1,1,0,0,1,0,1,0,0,0,0,0,0,0,0,12,0,2,2,1
"2296",602091063,1,1,0,0,1,0,1,0,0,0,0,0,0,0,0,13,0,5,5,1
"2297",602091094,1,1,0,0,1,0,1,0,0,0,0,0,0,0,0,11,0,2,2,1
"2298",602091103,0,1,0,0,1,0,1,0,0,0,0,0,0,0,0,11,0,NA,4,1
"2299",602091115,1,1,0,0,1,0,1,0,0,0,0,0,0,0,0,12,0,2,2,1
"2300",602091124,1,1,0,0,1,0,1,0,0,0,0,0,0,0,0,12,0,4,4,1
"2301",602091125,1,1,0,0,1,0,1,0,0,0,0,0,0,0,0,12,0,1,1,1
"2302",602091128,1,1,0,0,1,0,1,0,0,0,0,0,0,0,0,12,0,2,2,1
"2303",602092020,1,0,0,0,1,0,1,0,0,0,0,0,0,0,1,11,0,2,NA,NA
"2304",602092026,1,1,0,0,1,0,1,0,0,0,0,0,0,0,1,12,0,2,2,1
"2305",602092037,1,1,0,0,1,0,1,0,0,0,0,0,0,0,1,11,0,2,2,1
"2306",602092074,1,1,0,0,1,0,1,0,0,0,0,0,0,0,1,11,0,1,1,1
"2307",602092085,1,1,0,0,1,0,1,0,0,0,0,0,0,0,1,11,0,1,1,1
"2308",602093002,1,1,0,0,1,0,1,0,0,0,0,0,0,0,0,16,0,2,2,1
"2309",602093004,1,1,0,0,1,0,1,0,0,0,0,0,0,0,0,16,0,2,2,1
"2310",602093023,1,1,0,0,1,0,1,0,0,0,0,0,0,0,0,17,0,1,1,1
"2311",602093034,1,1,0,0,1,0,1,0,0,0,0,0,0,0,0,16,0,2,2,1
"2312",602093049,1,1,0,0,1,0,1,0,0,0,0,0,0,0,0,17,0,2,2,1
"2313",602093077,1,1,0,0,1,0,1,0,0,0,0,0,0,0,0,17,0,2,-96,1
"2314",602093096,1,1,0,0,1,0,1,0,0,0,0,0,0,0,0,17,0,2,2,1
"2315",602093110,1,1,0,0,1,0,1,0,0,0,0,0,0,0,0,16,0,2,2,1
"2316",602093125,1,1,0,0,1,0,1,0,0,0,0,0,0,0,0,17,0,4,4,1
"2317",602093128,1,1,0,0,1,0,1,0,0,0,0,0,0,0,0,17,0,2,2,1
"2318",602093139,1,1,0,0,1,0,1,0,0,0,0,0,0,0,0,16,0,2,2,1
"2319",602093149,1,1,0,0,1,0,1,0,0,0,0,0,0,0,0,18,0,2,2,1
"2320",602094003,1,1,0,0,1,0,1,0,0,0,0,0,0,0,1,16,0,3,3,1
"2321",602094006,1,1,0,0,1,0,1,0,0,0,0,0,0,0,1,16,0,2,2,1
"2322",602094007,1,1,0,0,1,0,1,0,0,0,0,0,0,0,1,16,0,2,2,1
"2323",602094024,1,1,0,0,1,0,1,0,0,0,0,0,0,0,1,17,0,2,2,1
"2324",602094031,1,1,0,0,1,0,1,0,0,0,0,0,0,0,1,16,0,2,2,1
"2325",602094034,1,1,0,0,1,0,1,0,0,0,0,0,0,0,1,15,0,1,1,1
"2326",602094053,1,1,0,0,1,0,1,0,0,0,0,0,0,0,1,16,0,2,2,1
"2327",602094054,1,1,0,0,1,0,1,0,0,0,0,0,0,0,1,16,0,2,2,1
"2328",602094074,1,1,0,0,1,0,1,0,0,0,0,0,0,0,1,16,0,1,1,1
"2329",602094078,1,1,0,0,1,0,1,0,0,0,0,0,0,0,1,15,0,2,2,1
"2330",602094079,1,1,0,0,1,0,1,0,0,0,0,0,0,0,1,17,0,2,2,1
"2331",602094109,1,1,0,0,1,0,1,0,0,0,0,0,0,0,1,16,0,1,1,1
"2332",602094123,1,1,0,0,1,0,1,0,0,0,0,0,0,0,1,16,0,2,2,1
"2333",602094126,1,1,0,0,1,0,1,0,0,0,0,0,0,0,1,18,0,2,2,1
"2334",602094137,1,1,0,0,1,0,1,0,0,0,0,0,0,0,1,16,0,5,5,1
"2335",602094139,1,1,0,0,1,0,1,0,0,0,0,0,0,0,1,17,0,1,1,1
"2336",602101035,1,1,0,0,1,0,1,0,0,0,0,0,0,0,0,11,0,2,2,1
"2337",602103117,1,1,0,0,1,0,1,0,0,0,0,0,0,0,0,17,0,2,2,2
"2338",602104124,1,1,0,0,1,0,1,0,0,0,0,0,0,0,1,16,0,2,2,1
"2339",602141032,1,1,0,0,1,0,1,0,0,0,0,0,0,0,0,11,0,1,1,1
"2340",602142027,1,1,0,0,1,0,1,0,0,0,0,0,0,0,1,12,0,1,1,1
"2341",602144098,1,1,0,0,1,0,1,0,0,0,0,0,0,0,1,18,0,2,2,1
"2342",602181058,1,1,0,0,1,0,1,0,0,0,0,0,0,0,0,12,0,2,2,1
"2343",602181073,1,1,0,0,1,0,1,0,0,0,0,0,0,0,0,12,0,2,2,1
"2344",602181075,1,1,0,0,1,0,1,0,0,0,0,0,0,0,0,12,0,2,2,1
"2345",602181108,1,1,0,0,1,0,1,0,0,0,0,0,0,0,0,11,0,3,-96,1
"2346",602181129,1,1,0,0,1,0,1,0,0,0,0,0,0,0,0,13,0,2,2,1
"2347",602182028,1,1,0,0,1,0,1,0,0,0,0,0,0,0,1,12,0,2,2,1
"2348",602182058,1,1,0,0,1,0,1,0,0,0,0,0,0,0,1,11,0,2,2,1
"2349",602182070,1,1,0,0,1,0,1,0,0,0,0,0,0,0,1,11,0,2,2,1
"2350",602183012,1,1,0,0,1,0,1,0,0,0,0,0,0,0,0,16,0,2,2,1
"2351",602183051,1,1,0,0,1,0,1,0,0,0,0,0,0,0,0,16,0,2,2,1
"2352",602183062,1,1,0,0,1,0,1,0,0,0,0,0,0,0,0,16,0,2,2,1
"2353",602183065,1,1,0,0,1,0,1,0,0,0,0,0,0,0,0,16,0,2,1,1
"2354",602183111,1,1,0,0,1,0,1,0,0,0,0,0,0,0,0,16,0,1,1,1
"2355",602184048,1,1,0,0,1,0,1,0,0,0,0,0,0,0,1,16,0,2,2,1
"2356",602184057,1,1,0,0,1,0,1,0,0,0,0,0,0,0,1,17,0,2,2,1
"2357",602184138,1,1,0,0,1,0,1,0,0,0,0,0,0,0,1,16,0,2,2,3
"2358",602341003,1,1,0,0,1,0,1,0,0,0,0,0,0,0,0,11,0,2,2,1
"2359",602341013,1,1,0,0,1,0,1,0,0,0,0,0,0,0,0,11,0,2,2,1
"2360",602341020,1,1,0,0,1,0,1,0,0,0,0,0,0,0,0,11,0,2,2,1
"2361",602341022,1,1,0,0,1,0,1,0,0,0,0,0,0,0,0,12,0,1,1,1
"2362",602341023,1,1,0,0,1,0,1,0,0,0,0,0,0,0,0,8,1,2,2,1
"2363",602341024,1,1,0,0,1,0,1,0,0,0,0,0,0,0,0,11,0,4,4,1
"2364",602341026,1,1,0,0,1,0,1,0,0,0,0,0,0,0,0,12,0,2,2,1
"2365",602341042,1,1,0,0,1,0,1,0,0,0,0,0,0,0,0,11,0,2,2,1
"2366",602341044,1,1,0,0,1,0,1,0,0,0,0,0,0,0,0,13,0,2,2,1
"2367",602341069,1,1,0,0,1,0,1,0,0,0,0,0,0,0,0,12,0,2,2,1
"2368",602341076,1,1,0,0,1,0,1,0,0,0,0,0,0,0,0,11,0,2,2,1
"2369",602341090,1,1,0,0,1,0,1,0,0,0,0,0,0,0,0,10,0,2,2,1
"2370",602341092,1,1,0,0,1,0,1,0,0,0,0,0,0,0,0,12,0,2,2,1
"2371",602341100,1,1,0,0,1,0,1,0,0,0,0,0,0,0,0,11,0,2,2,1
"2372",602341105,1,1,0,0,1,0,1,0,0,0,0,0,0,0,0,10,0,1,1,1
"2373",602341119,1,1,0,0,1,0,1,0,0,0,0,0,0,0,0,11,0,2,2,1
"2374",602342003,1,1,0,0,1,0,1,0,0,0,0,0,0,0,1,11,0,2,2,2
"2375",602342007,1,1,0,0,1,0,1,0,0,0,0,0,0,0,1,11,0,2,2,1
"2376",602342008,1,1,0,0,1,0,1,0,0,0,0,0,0,0,1,10,0,2,2,1
"2377",602342011,1,1,0,0,1,0,1,0,0,0,0,0,0,0,1,12,0,1,1,1
"2378",602342012,1,1,0,0,1,0,1,0,0,0,0,0,0,0,1,12,0,2,2,1
"2379",602342014,1,1,0,0,1,0,1,0,0,0,0,0,0,0,1,11,0,1,1,1
"2380",602342017,1,1,0,0,1,0,1,0,0,0,0,0,0,0,1,12,0,2,2,1
"2381",602342018,1,1,0,0,1,0,1,0,0,0,0,0,0,0,1,12,0,4,4,1
"2382",602342021,1,1,0,0,1,0,1,0,0,0,0,0,0,0,1,12,0,4,4,1
"2383",602342025,1,1,0,0,1,0,1,0,0,0,0,0,0,0,1,10,1,2,2,1
"2384",602342029,1,1,0,0,1,0,1,0,0,0,0,0,0,0,1,12,0,2,2,1
"2385",602342032,1,1,0,0,1,0,1,0,0,0,0,0,0,0,1,12,0,2,2,1
"2386",602342036,1,1,0,0,1,0,1,0,0,0,0,0,0,0,1,11,0,2,2,1
"2387",602342040,1,1,0,0,1,0,1,0,0,0,0,0,0,0,1,11,0,2,2,1
"2388",602342050,1,1,0,0,1,0,1,0,0,0,0,0,0,0,1,12,0,2,2,1
"2389",602342054,1,1,0,0,1,0,1,0,0,0,0,0,0,0,1,11,0,1,1,1
"2390",602342061,1,1,0,0,1,0,1,0,0,0,0,0,0,0,1,12,0,2,2,1
"2391",602342071,1,1,0,0,1,0,1,0,0,0,0,0,0,0,1,12,0,2,2,1
"2392",602342073,1,1,0,0,1,0,1,0,0,0,0,0,0,0,1,11,0,2,2,1
"2393",602342075,1,1,0,0,1,0,1,0,0,0,0,0,0,0,1,12,0,2,2,1
"2394",602342080,1,1,0,0,1,0,1,0,0,0,0,0,0,0,1,10,0,1,1,1
"2395",602342082,1,1,0,0,1,0,1,0,0,0,0,0,0,0,1,12,0,2,2,1
"2396",602342083,1,1,0,0,1,0,1,0,0,0,0,0,0,0,1,11,0,2,2,1
"2397",602342098,1,1,0,0,1,0,1,0,0,0,0,0,0,0,1,12,0,2,1,1
"2398",602342100,1,1,0,0,1,0,1,0,0,0,0,0,0,0,1,11,0,4,4,1
"2399",602342107,1,1,0,0,1,0,1,0,0,0,0,0,0,0,1,12,0,4,4,1
"2400",602342117,1,1,0,0,1,0,1,0,0,0,0,0,0,0,1,12,0,2,2,1
"2401",602343001,1,1,0,0,1,0,1,0,0,0,0,0,0,0,0,17,0,2,2,3
"2402",602343009,1,1,0,0,1,0,1,0,0,0,0,0,0,0,0,17,0,2,2,1
"2403",602343017,1,1,0,0,1,0,1,0,0,0,0,0,0,0,0,16,0,1,1,1
"2404",602343018,1,1,0,0,1,0,1,0,0,0,0,0,0,0,0,16,0,4,4,1
"2405",602343022,1,1,0,0,1,0,1,0,0,0,0,0,0,0,0,17,0,2,2,1
"2406",602343027,1,1,0,0,1,0,1,0,0,0,0,0,0,0,0,17,0,2,2,1
"2407",602343032,1,1,0,0,1,0,1,0,0,0,0,0,0,0,0,16,0,2,2,1
"2408",602343037,1,1,0,0,1,0,1,0,0,0,0,0,0,0,0,15,1,1,1,1
"2409",602343040,1,1,0,0,1,0,1,0,0,0,0,0,0,0,0,17,0,2,2,1
"2410",602343044,1,1,0,0,1,0,1,0,0,0,0,0,0,0,0,16,0,2,2,1
"2411",602343055,1,1,0,0,1,0,1,0,0,0,0,0,0,0,0,17,0,2,2,1
"2412",602343057,1,1,0,0,1,0,1,0,0,0,0,0,0,0,0,16,0,2,2,1
"2413",602343071,1,1,0,0,1,0,1,0,0,0,0,0,0,0,0,15,0,2,2,2
"2414",602343076,1,1,0,0,1,0,1,0,0,0,0,0,0,0,0,17,0,2,2,1
"2415",602343097,1,1,0,0,1,0,1,0,0,0,0,0,0,0,0,17,0,2,2,1
"2416",602343103,1,1,0,0,1,0,1,0,0,0,0,0,0,0,0,17,0,2,2,1
"2417",602343105,1,1,0,0,1,0,1,0,0,0,0,0,0,0,0,17,0,2,2,1
"2418",602343106,1,1,0,0,1,0,1,0,0,0,0,0,0,0,0,17,0,2,2,1
"2419",602343112,1,1,0,0,1,0,1,0,0,0,0,0,0,0,0,17,0,2,2,1
"2420",602343114,0,1,0,0,1,0,1,0,0,0,0,0,0,0,0,16,0,NA,2,1
"2421",602343123,1,1,0,0,1,0,1,0,0,0,0,0,0,0,0,17,0,2,2,1
"2422",602343127,1,1,0,0,1,0,1,0,0,0,0,0,0,0,0,17,1,2,2,1
"2423",602343132,1,1,0,0,1,0,1,0,0,0,0,0,0,0,0,16,0,1,1,1
"2424",602343147,1,1,0,0,1,0,1,0,0,0,0,0,0,0,0,17,0,2,2,1
"2425",602344021,1,1,0,0,1,0,1,0,0,0,0,0,0,0,1,16,0,1,1,1
"2426",602344025,1,1,0,0,1,0,1,0,0,0,0,0,0,0,1,15,0,2,2,1
"2427",602344028,1,1,0,0,1,0,1,0,0,0,0,0,0,0,1,16,0,2,2,1
"2428",602344033,1,1,0,0,1,0,1,0,0,0,0,0,0,0,1,17,0,2,2,3
"2429",602344035,1,1,0,0,1,0,1,0,0,0,0,0,0,0,1,15,0,2,2,1
"2430",602344046,1,1,0,0,1,0,1,0,0,0,0,0,0,0,1,17,0,1,1,1
"2431",602344051,1,1,0,0,1,0,1,0,0,0,0,0,0,0,1,17,0,2,2,1
"2432",602344056,1,1,0,0,1,0,1,0,0,0,0,0,0,0,1,16,0,4,4,1
"2433",602344058,1,1,0,0,1,0,1,0,0,0,0,0,0,0,1,16,0,2,2,1
"2434",602344065,1,1,0,0,1,0,1,0,0,0,0,0,0,0,1,17,0,2,2,1
"2435",602344066,1,1,0,0,1,0,1,0,0,0,0,0,0,0,1,16,0,2,2,1
"2436",602344069,1,1,0,0,1,0,1,0,0,0,0,0,0,0,1,16,0,2,2,1
"2437",602344072,1,1,0,0,1,0,1,0,0,0,0,0,0,0,1,17,0,2,2,1
"2438",602344073,1,1,0,0,1,0,1,0,0,0,0,0,0,0,1,16,0,2,2,1
"2439",602344082,1,1,0,0,1,0,1,0,0,0,0,0,0,0,1,15,0,1,1,1
"2440",602344088,1,1,0,0,1,0,1,0,0,0,0,0,0,0,1,17,0,2,2,1
"2441",602344093,1,1,0,0,1,0,1,0,0,0,0,0,0,0,1,16,0,2,2,1
"2442",602344107,1,1,0,0,1,0,1,0,0,0,0,0,0,0,1,18,0,4,4,1
"2443",602344117,1,1,0,0,1,0,1,0,0,0,0,0,0,0,1,17,0,2,2,1
"2444",602344122,1,1,0,0,1,0,1,0,0,0,0,0,0,0,1,16,0,1,1,1
"2445",602344129,1,1,0,0,1,0,1,0,0,0,0,0,0,0,1,17,0,2,2,1
"2446",602352002,1,1,0,0,1,0,1,0,0,0,0,0,0,0,1,10,0,2,2,1
"2447",602353133,1,1,0,0,1,0,1,0,0,0,0,0,0,0,0,17,0,2,2,1
"2448",602381001,1,1,0,0,1,0,1,0,0,0,0,0,0,0,0,11,0,2,2,1
"2449",602381004,1,1,0,0,1,0,1,0,0,0,0,0,0,0,0,11,0,2,2,1
"2450",602381011,1,1,0,0,1,0,1,0,0,0,0,0,0,0,0,12,0,1,1,1
"2451",602381012,1,1,0,0,1,0,1,0,0,0,0,0,0,0,0,12,0,2,2,1
"2452",602381014,1,1,0,0,1,0,1,0,0,0,0,0,0,0,0,12,0,2,2,1
"2453",602381017,1,1,0,0,1,0,1,0,0,0,0,0,0,0,0,11,0,2,2,1
"2454",602381028,1,1,0,0,1,0,1,0,0,0,0,0,0,0,0,12,0,1,1,1
"2455",602381029,1,1,0,0,1,0,1,0,0,0,0,0,0,0,0,11,0,1,1,1
"2456",602381033,1,1,0,0,1,0,1,0,0,0,0,0,0,0,0,11,0,2,2,1
"2457",602381036,1,1,0,0,1,0,1,0,0,0,0,0,0,0,0,11,0,1,1,1
"2458",602381041,1,1,0,0,1,0,1,0,0,0,0,0,0,0,0,11,0,1,1,1
"2459",602381043,1,1,0,0,1,0,1,0,0,0,0,0,0,0,0,13,0,2,2,1
"2460",602381046,1,1,0,0,1,0,1,0,0,0,0,0,0,0,0,11,0,2,2,1
"2461",602381048,1,1,0,0,1,0,1,0,0,0,0,0,0,0,0,11,0,1,3,1
"2462",602381049,1,1,0,0,1,0,1,0,0,0,0,0,0,0,0,12,0,2,2,1
"2463",602381055,1,1,0,0,1,0,1,0,0,0,0,0,0,0,0,12,0,2,2,1
"2464",602381062,1,1,0,0,1,0,1,0,0,0,0,0,0,0,0,11,0,2,2,1
"2465",602381067,1,1,0,0,1,0,1,0,0,0,0,0,0,0,0,12,0,2,2,1
"2466",602381070,1,1,0,0,1,0,1,0,0,0,0,0,0,0,0,12,0,1,1,1
"2467",602381078,1,1,0,0,1,0,1,0,0,0,0,0,0,0,0,10,0,5,5,1
"2468",602381080,1,1,0,0,1,0,1,0,0,0,0,0,0,0,0,12,0,1,1,1
"2469",602381088,1,1,0,0,1,0,1,0,0,0,0,0,0,0,0,12,0,2,2,1
"2470",602381097,1,1,0,0,1,0,1,0,0,0,0,0,0,0,0,11,0,3,1,1
"2471",602381099,1,1,0,0,1,0,1,0,0,0,0,0,0,0,0,12,0,5,1,1
"2472",602381101,1,1,0,0,1,0,1,0,0,0,0,0,0,0,0,10,0,2,2,1
"2473",602381104,1,1,0,0,1,0,1,0,0,0,0,0,0,0,0,11,0,2,2,1
"2474",602381107,1,1,0,0,1,0,1,0,0,0,0,0,0,0,0,12,0,1,1,1
"2475",602382001,1,1,0,0,1,0,1,0,0,0,0,0,0,0,1,11,0,1,1,1
"2476",602382005,1,1,0,0,1,0,1,0,0,0,0,0,0,0,1,12,0,2,2,1
"2477",602382006,1,1,0,0,1,0,1,0,0,0,0,0,0,0,1,12,0,4,4,1
"2478",602382010,1,1,0,0,1,0,1,0,0,0,0,0,0,0,1,11,0,2,2,1
"2479",602382016,1,1,0,0,1,0,1,0,0,0,0,0,0,0,1,10,0,2,2,1
"2480",602382022,1,1,0,0,1,0,1,0,0,0,0,0,0,0,1,11,0,2,2,1
"2481",602382024,1,1,0,0,1,0,1,0,0,0,0,0,0,0,1,12,0,2,2,1
"2482",602382035,1,1,0,0,1,0,1,0,0,0,0,0,0,0,1,12,0,2,2,1
"2483",602382039,1,1,0,0,1,0,1,0,0,0,0,0,0,0,1,11,0,1,1,1
"2484",602382044,1,1,0,0,1,0,1,0,0,0,0,0,0,0,1,11,0,1,1,1
"2485",602382047,1,1,0,0,1,0,1,0,0,0,0,0,0,0,1,11,0,2,2,1
"2486",602382052,1,1,0,0,1,0,1,0,0,0,0,0,0,0,1,13,0,2,2,1
"2487",602382084,1,1,0,0,1,0,1,0,0,0,0,0,0,0,1,11,0,2,2,1
"2488",602382086,1,1,0,0,1,0,1,0,0,0,0,0,0,0,1,11,0,2,2,1
"2489",602382088,1,1,0,0,1,0,1,0,0,0,0,0,0,0,1,11,0,2,2,1
"2490",602382089,1,1,0,0,1,0,1,0,0,0,0,0,0,0,1,12,0,1,1,1
"2491",602382093,1,1,0,0,1,0,1,0,0,0,0,0,0,0,1,12,0,2,2,1
"2492",602382103,1,1,0,0,1,0,1,0,0,0,0,0,0,0,1,12,0,2,2,1
"2493",602382109,1,1,0,0,1,0,1,0,0,0,0,0,0,0,1,10,0,2,2,1
"2494",602382112,1,1,0,0,1,0,1,0,0,0,0,0,0,0,1,11,0,2,2,1
"2495",602382113,1,1,0,0,1,0,1,0,0,0,0,0,0,0,1,11,0,2,2,1
"2496",602382114,1,1,0,0,1,0,1,0,0,0,0,0,0,0,1,13,0,2,2,1
"2497",602382115,1,1,0,0,1,0,1,0,0,0,0,0,0,0,1,11,0,2,2,1
"2498",602383005,1,1,0,0,1,0,1,0,0,0,0,0,0,0,0,16,0,2,2,1
"2499",602383026,1,1,0,0,1,0,1,0,0,0,0,0,0,0,0,16,0,2,2,1
"2500",602383029,1,1,0,0,1,0,1,0,0,0,0,0,0,0,0,16,0,1,1,1
"2501",602383043,1,1,0,0,1,0,1,0,0,0,0,0,0,0,0,17,0,2,2,1
"2502",602383047,1,1,0,0,1,0,1,0,0,0,0,0,0,0,0,11,1,2,2,1
"2503",602383054,1,1,0,0,1,0,1,0,0,0,0,0,0,0,0,17,0,2,2,1
"2504",602383063,1,1,0,0,1,0,1,0,0,0,0,0,0,0,0,16,0,1,1,1
"2505",602383072,1,1,0,0,1,0,1,0,0,0,0,0,0,0,0,17,0,2,2,1
"2506",602383079,1,1,0,0,1,0,1,0,0,0,0,0,0,0,0,15,0,1,1,1
"2507",602383089,1,1,0,0,1,0,1,0,0,0,0,0,0,0,0,16,0,1,1,1
"2508",602383095,1,1,0,0,1,0,1,0,0,0,0,0,0,0,0,17,0,2,2,1
"2509",602383107,1,1,0,0,1,0,1,0,0,0,0,0,0,0,0,17,0,2,2,1
"2510",602383108,1,1,0,0,1,0,1,0,0,0,0,0,0,0,0,16,0,2,2,1
"2511",602383124,1,1,0,0,1,0,1,0,0,0,0,0,0,0,0,18,1,2,2,1
"2512",602383126,1,1,0,0,1,0,1,0,0,0,0,0,0,0,0,17,0,2,2,1
"2513",602383131,1,1,0,0,1,0,1,0,0,0,0,0,0,0,0,16,0,4,1,1
"2514",602383137,1,1,0,0,1,0,1,0,0,0,0,0,0,0,0,18,0,5,5,1
"2515",602383152,1,1,0,0,1,0,1,0,0,0,0,0,0,0,0,18,0,2,2,1
"2516",602384002,1,1,0,0,1,0,1,0,0,0,0,0,0,0,1,16,0,1,1,1
"2517",602384004,1,1,0,0,1,0,1,0,0,0,0,0,0,0,1,17,0,2,2,1
"2518",602384022,1,1,0,0,1,0,1,0,0,0,0,0,0,0,1,17,0,2,2,1
"2519",602384032,1,1,0,0,1,0,1,0,0,0,0,0,0,0,1,17,0,2,2,1
"2520",602384037,1,1,0,0,1,0,1,0,0,0,0,0,0,0,1,16,0,2,2,1
"2521",602384039,1,1,0,0,1,0,1,0,0,0,0,0,0,0,1,16,0,2,2,1
"2522",602384040,1,1,0,0,1,0,1,0,0,0,0,0,0,0,1,17,0,2,2,1
"2523",602384042,1,1,0,0,1,0,1,0,0,0,0,0,0,0,1,16,0,1,1,2
"2524",602384043,1,1,0,0,1,0,1,0,0,0,0,0,0,0,1,16,0,2,2,1
"2525",602384055,1,1,0,0,1,0,1,0,0,0,0,0,0,0,1,17,0,1,1,1
"2526",602384059,1,1,0,0,1,0,1,0,0,0,0,0,0,0,1,18,0,2,2,1
"2527",602384060,1,1,0,0,1,0,1,0,0,0,0,0,0,0,1,16,0,2,2,1
"2528",602384064,1,1,0,0,1,0,1,0,0,0,0,0,0,0,1,17,0,2,2,1
"2529",602384075,1,1,0,0,1,0,1,0,0,0,0,0,0,0,1,17,0,4,4,1
"2530",602384084,1,1,0,0,1,0,1,0,0,0,0,0,0,0,1,17,0,1,1,1
"2531",602384085,1,1,0,0,1,0,1,0,0,0,0,0,0,0,1,17,0,3,3,1
"2532",602384087,1,1,0,0,1,0,1,0,0,0,0,0,0,0,1,17,0,1,1,1
"2533",602384100,1,1,0,0,1,0,1,0,0,0,0,0,0,0,1,16,0,1,1,1
"2534",602384101,1,1,0,0,1,0,1,0,0,0,0,0,0,0,1,16,0,1,1,1
"2535",602384102,1,1,0,0,1,0,1,0,0,0,0,0,0,0,1,17,0,2,2,2
"2536",602384106,1,1,0,0,1,0,1,0,0,0,0,0,0,0,1,16,0,2,1,1
"2537",602384119,1,1,0,0,1,0,1,0,0,0,0,0,0,0,1,16,0,2,2,1
"2538",602384132,1,1,0,0,1,0,1,0,0,0,0,0,0,0,1,17,0,2,2,1
"2539",602491034,1,1,0,0,1,0,1,0,0,0,0,0,0,0,0,10,0,2,2,1
"2540",602491051,1,1,0,0,1,0,1,0,0,0,0,0,0,0,0,12,0,3,1,1
"2541",602491059,1,1,0,0,1,0,1,0,0,0,0,0,0,0,0,11,0,2,2,1
"2542",602491117,1,1,0,0,1,0,1,0,0,0,0,0,0,0,0,11,0,2,2,1
"2543",602491127,1,1,0,0,1,0,1,0,0,0,0,0,0,0,0,10,0,2,2,1
"2544",602492049,1,1,0,0,1,0,1,0,0,0,0,0,0,0,1,12,0,1,2,1
"2545",602492064,1,1,0,0,1,0,1,0,0,0,0,0,0,0,1,11,0,1,1,1
"2546",602492068,1,1,0,0,1,0,1,0,0,0,0,0,0,0,1,12,0,2,2,1
"2547",602493006,1,1,0,0,1,0,1,0,0,0,0,0,0,0,0,17,0,2,2,1
"2548",602493015,1,1,0,0,1,0,1,0,0,0,0,0,0,0,0,17,0,2,2,1
"2549",602493060,1,1,0,0,1,0,1,0,0,0,0,0,0,0,0,18,0,1,1,1
"2550",602493061,1,1,0,0,1,0,1,0,0,0,0,0,0,0,0,17,0,2,2,1
"2551",602493068,1,1,0,0,1,0,1,0,0,0,0,0,0,0,0,17,0,2,2,1
"2552",602493084,1,1,0,0,1,0,1,0,0,0,0,0,0,0,0,16,0,2,2,1
"2553",602493154,1,1,0,0,1,0,1,0,0,0,0,0,0,0,0,17,0,2,2,1
"2554",602494015,1,1,0,0,1,0,1,0,0,0,0,0,0,0,1,17,0,2,2,1
"2555",602494091,1,1,0,0,1,0,1,0,0,0,0,0,0,0,1,17,0,2,2,1
"2556",602494111,1,1,0,0,1,0,1,0,0,0,0,0,0,0,1,17,0,2,2,1
"2557",602501008,1,1,0,0,1,0,1,0,0,0,0,0,0,0,0,12,0,1,1,1
"2558",602501040,1,1,0,0,1,0,1,0,0,0,0,0,0,0,0,11,0,2,2,1
"2559",602501087,1,1,0,0,1,0,1,0,0,0,0,0,0,0,0,10,0,2,2,1
"2560",602501133,1,1,0,0,1,0,1,0,0,0,0,0,0,0,0,11,0,2,2,1
"2561",602502045,1,1,0,0,1,0,1,0,0,0,0,0,0,0,1,12,0,2,2,1
"2562",602502046,1,1,0,0,1,0,1,0,0,0,0,0,0,0,1,12,0,2,2,1
"2563",602502059,1,1,0,0,1,0,1,0,0,0,0,0,0,0,1,12,0,2,2,2
"2564",602502090,1,1,0,0,1,0,1,0,0,0,0,0,0,0,1,12,0,2,2,1
"2565",602502095,1,1,0,0,1,0,1,0,0,0,0,0,0,0,1,11,0,2,2,1
"2566",602503024,1,1,0,0,1,0,1,0,0,0,0,0,0,0,0,16,0,2,2,1
"2567",602503030,1,1,0,0,1,0,1,0,0,0,0,0,0,0,0,16,0,2,2,1
"2568",602503035,1,1,0,0,1,0,1,0,0,0,0,0,0,0,0,16,0,2,2,1
"2569",602503102,1,1,0,0,1,0,1,0,0,0,0,0,0,0,0,18,0,2,2,1
"2570",602503136,1,1,0,0,1,0,1,0,0,0,0,0,0,0,0,17,0,2,2,1
"2571",602503146,1,1,0,0,1,0,1,0,0,0,0,0,0,0,0,17,0,2,2,1
"2572",602503153,1,1,0,0,1,0,1,0,0,0,0,0,0,0,0,17,0,2,2,1
"2573",602504020,1,1,0,0,1,0,1,0,0,0,0,0,0,0,1,16,0,2,2,1
"2574",602504076,1,1,0,0,1,0,1,0,0,0,0,0,0,0,1,16,0,2,2,1
"2575",605111321,1,1,0,0,1,0,0,1,0,0,0,0,0,0,0,12,0,2,2,1
"2576",605114237,1,1,0,0,1,0,0,1,0,0,0,0,0,0,1,17,0,2,2,3
"2577",605132248,1,1,0,0,1,0,0,1,0,0,0,0,0,0,1,11,0,1,1,1
"2578",605134219,1,1,0,0,1,0,0,1,0,0,0,0,0,0,1,17,0,2,2,1
"2579",605191273,1,1,0,0,1,0,0,1,0,0,0,0,0,0,0,12,0,2,2,1
"2580",605192313,1,1,0,0,1,0,0,1,0,0,0,0,0,0,1,11,0,2,2,1
"2581",605193270,1,1,0,0,1,0,0,1,0,0,0,0,0,0,0,16,0,2,2,1
"2582",605194311,1,1,0,0,1,0,0,1,0,0,0,0,0,0,1,16,0,5,1,1
"2583",605201219,1,1,0,0,1,0,0,1,0,0,0,0,0,0,0,12,0,2,2,1
"2584",605201231,1,1,0,0,1,0,0,1,0,0,0,0,0,0,0,11,0,2,2,1
"2585",605201232,1,1,0,0,1,0,0,1,0,0,0,0,0,0,0,10,0,2,2,1
"2586",605201235,1,1,0,0,1,0,0,1,0,0,0,0,0,0,0,11,0,2,2,1
"2587",605201244,1,1,0,0,1,0,0,1,0,0,0,0,0,0,0,11,0,2,2,1
"2588",605201300,1,1,0,0,1,0,0,1,0,0,0,0,0,0,0,10,0,2,2,1
"2589",605201312,1,1,0,0,1,0,0,1,0,0,0,0,0,0,0,11,0,2,2,1
"2590",605202220,1,1,0,0,1,0,0,1,0,0,0,0,0,0,1,12,0,1,1,1
"2591",605202227,1,1,0,0,1,0,0,1,0,0,0,0,0,0,1,10,0,2,2,1
"2592",605202233,1,1,0,0,1,0,0,1,0,0,0,0,0,0,1,11,0,2,2,1
"2593",605202259,1,1,0,0,1,0,0,1,0,0,0,0,0,0,1,11,0,2,2,1
"2594",605202285,1,1,0,0,1,0,0,1,0,0,0,0,0,0,1,12,0,2,2,1
"2595",605202294,1,1,0,0,1,0,0,1,0,0,0,0,0,0,1,12,0,1,1,1
"2596",605202295,1,1,0,0,1,0,0,1,0,0,0,0,0,0,1,11,0,1,1,1
"2597",605202296,1,1,0,0,1,0,0,1,0,0,0,0,0,0,1,11,0,1,1,1
"2598",605202298,1,1,0,0,1,0,0,1,0,0,0,0,0,0,1,12,0,2,2,1
"2599",605202309,1,1,0,0,1,0,0,1,0,0,0,0,0,0,1,12,0,2,2,1
"2600",605202326,1,1,0,0,1,0,0,1,0,0,0,0,0,0,1,12,0,2,2,1
"2601",605203258,1,1,0,0,1,0,0,1,0,0,0,0,0,0,0,17,0,1,1,2
"2602",605203288,1,1,0,0,1,0,0,1,0,0,0,0,0,0,0,16,0,2,2,1
"2603",605203290,1,1,0,0,1,0,0,1,0,0,0,0,0,0,0,17,0,2,2,1
"2604",605203314,1,1,0,0,1,0,0,1,0,0,0,0,0,0,0,17,0,2,2,1
"2605",605204231,1,1,0,0,1,0,0,1,0,0,0,0,0,0,1,17,0,2,2,4
"2606",605204233,1,1,0,0,1,0,0,1,0,0,0,0,0,0,1,17,0,2,2,1
"2607",605204238,1,1,0,0,1,0,0,1,0,0,0,0,0,0,1,16,0,2,2,1
"2608",605204241,1,1,0,0,1,0,0,1,0,0,0,0,0,0,1,17,0,2,2,1
"2609",605204250,1,1,0,0,1,0,0,1,0,0,0,0,0,0,1,17,0,1,1,1
"2610",605204258,1,1,0,0,1,0,0,1,0,0,0,0,0,0,1,16,0,2,2,1
"2611",605204270,1,1,0,0,1,0,0,1,0,0,0,0,0,0,1,16,0,2,2,1
"2612",605204271,1,1,0,0,1,0,0,1,0,0,0,0,0,0,1,16,0,2,2,1
"2613",605204288,1,1,0,0,1,0,0,1,0,0,0,0,0,0,1,17,0,2,2,2
"2614",605204298,1,1,0,0,1,0,0,1,0,0,0,0,0,0,1,17,0,2,2,1
"2615",605204305,1,1,0,0,1,0,0,1,0,0,0,0,0,0,1,17,0,2,2,1
"2616",605251212,1,1,0,0,1,0,0,1,0,0,0,0,0,0,0,11,0,2,2,1
"2617",605251267,1,1,0,0,1,0,0,1,0,0,0,0,0,0,0,12,0,2,2,1
"2618",605251277,1,1,0,0,1,0,0,1,0,0,0,0,0,0,0,12,0,2,2,1
"2619",605251278,1,1,0,0,1,0,0,1,0,0,0,0,0,0,0,11,0,2,2,2
"2620",605251302,1,1,0,0,1,0,0,1,0,0,0,0,0,0,0,12,0,2,2,2
"2621",605251313,1,1,0,0,1,0,0,1,0,0,0,0,0,0,0,12,0,2,2,1
"2622",605251314,1,1,0,0,1,0,0,1,0,0,0,0,0,0,0,12,0,2,2,1
"2623",605252226,1,1,0,0,1,0,0,1,0,0,0,0,0,0,1,12,0,2,2,1
"2624",605252247,1,1,0,0,1,0,0,1,0,0,0,0,0,0,1,12,0,2,2,1
"2625",605252260,1,1,0,0,1,0,0,1,0,0,0,0,0,0,1,12,0,2,2,1
"2626",605252263,1,1,0,0,1,0,0,1,0,0,0,0,0,0,1,12,0,2,2,1
"2627",605252267,1,1,0,0,1,0,0,1,0,0,0,0,0,0,1,12,0,2,2,1
"2628",605252274,1,1,0,0,1,0,0,1,0,0,0,0,0,0,1,12,0,1,1,1
"2629",605252289,1,1,0,0,1,0,0,1,0,0,0,0,0,0,1,12,0,2,2,1
"2630",605252329,1,1,0,0,1,0,0,1,0,0,0,0,0,0,1,12,0,2,2,1
"2631",605253211,1,1,0,0,1,0,0,1,0,0,0,0,0,0,0,16,0,2,2,1
"2632",605253225,1,1,0,0,1,0,0,1,0,0,0,0,0,0,0,15,0,2,2,1
"2633",605253239,1,1,0,0,1,0,0,1,0,0,0,0,0,0,0,16,0,2,2,1
"2634",605253249,1,1,0,0,1,0,0,1,0,0,0,0,0,0,0,17,0,2,2,1
"2635",605253255,1,1,0,0,1,0,0,1,0,0,0,0,0,0,0,15,0,2,2,1
"2636",605253279,1,1,0,0,1,0,0,1,0,0,0,0,0,0,0,16,0,1,1,2
"2637",605253306,1,1,0,0,1,0,0,1,0,0,0,0,0,0,0,16,0,2,2,1
"2638",605254229,1,1,0,0,1,0,0,1,0,0,0,0,0,0,1,17,0,2,2,1
"2639",605254247,1,1,0,0,1,0,0,1,0,0,0,0,0,0,1,17,0,2,2,1
"2640",605254301,0,1,0,0,1,0,0,1,0,0,0,0,0,0,1,16,0,NA,1,1
"2641",605254304,1,1,0,0,1,0,0,1,0,0,0,0,0,0,1,16,0,2,2,1
"2642",605254306,1,1,0,0,1,0,0,1,0,0,0,0,0,0,1,15,0,2,2,1
"2643",605262239,1,1,0,0,1,0,0,1,0,0,0,0,0,0,1,12,0,2,1,1
"2644",605262269,1,1,0,0,1,0,0,1,0,0,0,0,0,0,1,11,0,2,2,1
"2645",605263220,1,1,0,0,1,0,0,1,0,0,0,0,0,0,0,18,0,1,1,1
"2646",605263250,1,1,0,0,1,0,0,1,0,0,0,0,0,0,0,16,0,2,2,1
"2647",605263265,1,1,0,0,1,0,0,1,0,0,0,0,0,0,0,16,0,2,2,1
"2648",605441214,1,1,0,0,1,0,0,1,0,0,0,0,0,0,0,12,0,2,2,1
"2649",605441220,1,1,0,0,1,0,0,1,0,0,0,0,0,0,0,12,0,2,2,1
"2650",605441222,1,1,0,0,1,0,0,1,0,0,0,0,0,0,0,11,0,2,2,1
"2651",605441223,1,1,0,0,1,0,0,1,0,0,0,0,0,0,0,12,0,2,2,1
"2652",605441234,1,1,0,0,1,0,0,1,0,0,0,0,0,0,0,12,0,2,2,1
"2653",605441240,1,1,0,0,1,0,0,1,0,0,0,0,0,0,0,12,0,1,1,1
"2654",605441242,1,1,0,0,1,0,0,1,0,0,0,0,0,0,0,12,0,2,2,1
"2655",605441246,1,1,0,0,1,0,0,1,0,0,0,0,0,0,0,12,0,1,1,1
"2656",605441248,1,1,0,0,1,0,0,1,0,0,0,0,0,0,0,11,0,2,2,1
"2657",605441251,1,1,0,0,1,0,0,1,0,0,0,0,0,0,0,10,0,2,2,1
"2658",605441254,1,1,0,0,1,0,0,1,0,0,0,0,0,0,0,12,0,2,2,1
"2659",605441256,1,1,0,0,1,0,0,1,0,0,0,0,0,0,0,10,0,2,2,1
"2660",605441259,1,1,0,0,1,0,0,1,0,0,0,0,0,0,0,12,0,2,2,1
"2661",605441268,1,0,0,0,1,0,0,1,0,0,0,0,0,0,0,10,0,2,NA,NA
"2662",605441274,1,1,0,0,1,0,0,1,0,0,0,0,0,0,0,11,0,2,2,1
"2663",605441275,1,1,0,0,1,0,0,1,0,0,0,0,0,0,0,11,0,2,2,1
"2664",605441279,1,1,0,0,1,0,0,1,0,0,0,0,0,0,0,11,0,2,2,1
"2665",605441281,1,1,0,0,1,0,0,1,0,0,0,0,0,0,0,11,0,2,2,1
"2666",605441289,1,1,0,0,1,0,0,1,0,0,0,0,0,0,0,10,0,2,2,1
"2667",605441293,1,1,0,0,1,0,0,1,0,0,0,0,0,0,0,10,0,2,2,1
"2668",605441303,1,1,0,0,1,0,0,1,0,0,0,0,0,0,0,11,0,2,2,1
"2669",605441304,1,1,0,0,1,0,0,1,0,0,0,0,0,0,0,10,0,2,2,1
"2670",605441309,1,1,0,0,1,0,0,1,0,0,0,0,0,0,0,10,0,2,2,1
"2671",605441310,1,1,0,0,1,0,0,1,0,0,0,0,0,0,0,12,0,1,2,1
"2672",605441311,1,1,0,0,1,0,0,1,0,0,0,0,0,0,0,12,0,2,2,1
"2673",605441315,1,1,0,0,1,0,0,1,0,0,0,0,0,0,0,12,0,3,1,1
"2674",605441318,1,1,0,0,1,0,0,1,0,0,0,0,0,0,0,12,0,2,2,1
"2675",605441323,1,1,0,0,1,0,0,1,0,0,0,0,0,0,0,11,0,2,2,1
"2676",605441324,1,1,0,0,1,0,0,1,0,0,0,0,0,0,0,12,0,2,2,1
"2677",605441325,1,1,0,0,1,0,0,1,0,0,0,0,0,0,0,11,0,1,1,2
"2678",605442216,1,0,0,0,1,0,0,1,0,0,0,0,0,0,1,11,0,2,NA,NA
"2679",605442217,1,1,0,0,1,0,0,1,0,0,0,0,0,0,1,11,0,2,2,1
"2680",605442219,1,1,0,0,1,0,0,1,0,0,0,0,0,0,1,11,0,2,2,1
"2681",605442223,1,1,0,0,1,0,0,1,0,0,0,0,0,0,1,12,0,1,1,1
"2682",605442224,1,1,0,0,1,0,0,1,0,0,0,0,0,0,1,11,0,2,2,1
"2683",605442228,1,1,0,0,1,0,0,1,0,0,0,0,0,0,1,12,0,1,1,1
"2684",605442230,1,1,0,0,1,0,0,1,0,0,0,0,0,0,1,12,0,2,2,1
"2685",605442234,1,1,0,0,1,0,0,1,0,0,0,0,0,0,1,12,0,2,2,1
"2686",605442242,1,1,0,0,1,0,0,1,0,0,0,0,0,0,1,12,0,2,2,1
"2687",605442243,1,1,0,0,1,0,0,1,0,0,0,0,0,0,1,11,0,2,2,1
"2688",605442244,1,1,0,0,1,0,0,1,0,0,0,0,0,0,1,11,0,2,2,1
"2689",605442249,1,1,0,0,1,0,0,1,0,0,0,0,0,0,1,12,0,2,2,1
"2690",605442255,1,1,0,0,1,0,0,1,0,0,0,0,0,0,1,12,0,2,2,1
"2691",605442256,1,1,0,0,1,0,0,1,0,0,0,0,0,0,1,12,0,2,2,1
"2692",605442257,1,1,0,0,1,0,0,1,0,0,0,0,0,0,1,12,0,2,2,1
"2693",605442264,1,1,0,0,1,0,0,1,0,0,0,0,0,0,1,13,0,2,2,1
"2694",605442266,1,1,0,0,1,0,0,1,0,0,0,0,0,0,1,11,0,2,2,1
"2695",605442268,1,1,0,0,1,0,0,1,0,0,0,0,0,0,1,12,0,2,2,1
"2696",605442270,1,1,0,0,1,0,0,1,0,0,0,0,0,0,1,11,0,1,1,1
"2697",605442271,1,1,0,0,1,0,0,1,0,0,0,0,0,0,1,11,0,2,2,1
"2698",605442272,1,1,0,0,1,0,0,1,0,0,0,0,0,0,1,11,0,2,2,1
"2699",605442273,1,1,0,0,1,0,0,1,0,0,0,0,0,0,1,11,0,2,2,1
"2700",605442277,1,1,0,0,1,0,0,1,0,0,0,0,0,0,1,10,0,2,2,2
"2701",605442279,1,1,0,0,1,0,0,1,0,0,0,0,0,0,1,11,0,2,2,1
"2702",605442280,1,1,0,0,1,0,0,1,0,0,0,0,0,0,1,11,0,2,2,1
"2703",605442283,1,1,0,0,1,0,0,1,0,0,0,0,0,0,1,13,0,2,2,1
"2704",605442286,1,1,0,0,1,0,0,1,0,0,0,0,0,0,1,11,0,2,2,1
"2705",605442290,1,1,0,0,1,0,0,1,0,0,0,0,0,0,1,10,0,2,2,1
"2706",605442297,1,1,0,0,1,0,0,1,0,0,0,0,0,0,1,10,0,2,2,1
"2707",605442305,1,1,0,0,1,0,0,1,0,0,0,0,0,0,1,11,0,2,2,1
"2708",605442311,1,1,0,0,1,0,0,1,0,0,0,0,0,0,1,11,0,2,2,1
"2709",605442312,1,1,0,0,1,0,0,1,0,0,0,0,0,0,1,12,0,1,1,1
"2710",605442315,1,1,0,0,1,0,0,1,0,0,0,0,0,0,1,12,0,2,2,1
"2711",605442317,1,1,0,0,1,0,0,1,0,0,0,0,0,0,1,11,0,2,2,1
"2712",605442320,1,1,0,0,1,0,0,1,0,0,0,0,0,0,1,12,0,2,2,1
"2713",605442323,1,1,0,0,1,0,0,1,0,0,0,0,0,0,1,10,0,2,2,1
"2714",605442324,1,1,0,0,1,0,0,1,0,0,0,0,0,0,1,12,0,2,2,1
"2715",605442328,1,1,0,0,1,0,0,1,0,0,0,0,0,0,1,11,0,2,2,1
"2716",605443212,0,1,0,0,1,0,0,1,0,0,0,0,0,0,0,16,0,NA,2,1
"2717",605443215,1,1,0,0,1,0,0,1,0,0,0,0,0,0,0,16,0,2,2,2
"2718",605443221,1,1,0,0,1,0,0,1,0,0,0,0,0,0,0,18,0,2,2,1
"2719",605443222,1,1,0,0,1,0,0,1,0,0,0,0,0,0,0,17,0,2,2,2
"2720",605443226,1,1,0,0,1,0,0,1,0,0,0,0,0,0,0,15,0,2,2,1
"2721",605443228,1,1,0,0,1,0,0,1,0,0,0,0,0,0,0,15,0,2,2,1
"2722",605443231,1,1,0,0,1,0,0,1,0,0,0,0,0,0,0,16,0,2,2,1
"2723",605443232,1,1,0,0,1,0,0,1,0,0,0,0,0,0,0,17,0,2,2,1
"2724",605443240,1,1,0,0,1,0,0,1,0,0,0,0,0,0,0,16,0,2,2,1
"2725",605443242,1,1,0,0,1,0,0,1,0,0,0,0,0,0,0,17,0,2,2,1
"2726",605443247,1,1,0,0,1,0,0,1,0,0,0,0,0,0,0,16,0,2,2,1
"2727",605443256,1,0,0,0,1,0,0,1,0,0,0,0,0,0,0,17,0,1,NA,NA
"2728",605443257,1,1,0,0,1,0,0,1,0,0,0,0,0,0,0,16,0,1,1,3
"2729",605443259,1,1,0,0,1,0,0,1,0,0,0,0,0,0,0,16,0,2,2,1
"2730",605443260,1,1,0,0,1,0,0,1,0,0,0,0,0,0,0,16,0,1,1,1
"2731",605443264,1,1,0,0,1,0,0,1,0,0,0,0,0,0,0,17,0,2,2,2
"2732",605443266,1,1,0,0,1,0,0,1,0,0,0,0,0,0,0,17,0,2,2,1
"2733",605443272,1,1,0,0,1,0,0,1,0,0,0,0,0,0,0,16,0,2,2,1
"2734",605443275,1,1,0,0,1,0,0,1,0,0,0,0,0,0,0,17,0,2,2,2
"2735",605443277,1,1,0,0,1,0,0,1,0,0,0,0,0,0,0,16,0,2,2,2
"2736",605443278,1,1,0,0,1,0,0,1,0,0,0,0,0,0,0,16,0,2,2,1
"2737",605443282,1,1,0,0,1,0,0,1,0,0,0,0,0,0,0,17,0,2,2,1
"2738",605443285,1,1,0,0,1,0,0,1,0,0,0,0,0,0,0,16,0,1,1,1
"2739",605443291,1,1,0,0,1,0,0,1,0,0,0,0,0,0,0,16,0,2,2,1
"2740",605443297,1,1,0,0,1,0,0,1,0,0,0,0,0,0,0,17,1,2,2,1
"2741",605443302,1,1,0,0,1,0,0,1,0,0,0,0,0,0,0,15,0,2,2,1
"2742",605443303,1,1,0,0,1,0,0,1,0,0,0,0,0,0,0,16,0,2,2,1
"2743",605443304,1,1,0,0,1,0,0,1,0,0,0,0,0,0,0,17,0,2,2,1
"2744",605443305,1,1,0,0,1,0,0,1,0,0,0,0,0,0,0,15,0,2,2,1
"2745",605443307,1,1,0,0,1,0,0,1,0,0,0,0,0,0,0,17,0,2,2,1
"2746",605443308,1,1,0,0,1,0,0,1,0,0,0,0,0,0,0,17,0,2,2,1
"2747",605443309,1,1,0,0,1,0,0,1,0,0,0,0,0,0,0,17,0,2,2,3
"2748",605443310,1,1,0,0,1,0,0,1,0,0,0,0,0,0,0,16,0,2,2,1
"2749",605443313,1,1,0,0,1,0,0,1,0,0,0,0,0,0,0,17,0,2,2,1
"2750",605444215,1,1,0,0,1,0,0,1,0,0,0,0,0,0,1,16,0,2,2,1
"2751",605444216,1,1,0,0,1,0,0,1,0,0,0,0,0,0,1,16,0,2,2,1
"2752",605444217,1,1,0,0,1,0,0,1,0,0,0,0,0,0,1,17,0,2,2,1
"2753",605444220,1,1,0,0,1,0,0,1,0,0,0,0,0,0,1,17,0,1,1,1
"2754",605444224,1,1,0,0,1,0,0,1,0,0,0,0,0,0,1,17,0,1,1,1
"2755",605444225,1,1,0,0,1,0,0,1,0,0,0,0,0,0,1,16,0,2,2,1
"2756",605444226,1,1,0,0,1,0,0,1,0,0,0,0,0,0,1,16,0,2,2,4
"2757",605444232,1,1,0,0,1,0,0,1,0,0,0,0,0,0,1,17,0,2,2,1
"2758",605444242,1,1,0,0,1,0,0,1,0,0,0,0,0,0,1,17,0,2,2,1
"2759",605444245,1,1,0,0,1,0,0,1,0,0,0,0,0,0,1,16,0,1,1,1
"2760",605444249,1,1,0,0,1,0,0,1,0,0,0,0,0,0,1,17,0,2,2,1
"2761",605444252,1,1,0,0,1,0,0,1,0,0,0,0,0,0,1,17,0,2,2,1
"2762",605444253,1,1,0,0,1,0,0,1,0,0,0,0,0,0,1,17,0,2,2,2
"2763",605444255,1,1,0,0,1,0,0,1,0,0,0,0,0,0,1,16,0,2,2,1
"2764",605444257,1,1,0,0,1,0,0,1,0,0,0,0,0,0,1,16,0,2,2,1
"2765",605444259,1,1,0,0,1,0,0,1,0,0,0,0,0,0,1,16,0,2,2,1
"2766",605444261,1,1,0,0,1,0,0,1,0,0,0,0,0,0,1,17,0,1,1,2
"2767",605444264,1,1,0,0,1,0,0,1,0,0,0,0,0,0,1,17,0,2,2,1
"2768",605444265,1,1,0,0,1,0,0,1,0,0,0,0,0,0,1,16,0,2,2,1
"2769",605444266,1,1,0,0,1,0,0,1,0,0,0,0,0,0,1,17,0,2,2,1
"2770",605444280,1,1,0,0,1,0,0,1,0,0,0,0,0,0,1,15,0,2,2,1
"2771",605444282,1,1,0,0,1,0,0,1,0,0,0,0,0,0,1,16,0,2,2,1
"2772",605444286,1,1,0,0,1,0,0,1,0,0,0,0,0,0,1,16,0,1,1,4
"2773",605444287,1,1,0,0,1,0,0,1,0,0,0,0,0,0,1,15,0,2,2,1
"2774",605444293,1,1,0,0,1,0,0,1,0,0,0,0,0,0,1,16,0,2,2,1
"2775",605444294,1,1,0,0,1,0,0,1,0,0,0,0,0,0,1,17,0,2,2,1
"2776",605444296,1,1,0,0,1,0,0,1,0,0,0,0,0,0,1,17,0,2,2,1
"2777",605444299,1,1,0,0,1,0,0,1,0,0,0,0,0,0,1,16,0,2,2,1
"2778",605444303,1,1,0,0,1,0,0,1,0,0,0,0,0,0,1,15,0,2,2,2
"2779",605444309,1,1,0,0,1,0,0,1,0,0,0,0,0,0,1,17,0,2,2,1
"2780",605444310,1,1,0,0,1,0,0,1,0,0,0,0,0,0,1,17,0,2,2,1
"2781",605444313,1,1,0,0,1,0,0,1,0,0,0,0,0,0,1,16,0,2,2,1
"2782",605444315,1,1,0,0,1,0,0,1,0,0,0,0,0,0,1,16,0,2,2,1
"2783",605444316,1,1,0,0,1,0,0,1,0,0,0,0,0,0,1,16,0,2,2,1
"2784",605444319,1,1,0,0,1,0,0,1,0,0,0,0,0,0,1,17,0,2,2,1
"2785",606442001,1,1,1,1,0,0,0,0,0,0,0,0,0,1,1,11,1,3,1,1
"2786",606442002,1,1,1,1,0,0,0,0,0,0,0,0,0,1,1,11,0,3,3,1
"2787",606442003,1,1,1,1,0,0,0,0,0,0,0,0,0,1,1,10,0,3,3,1
"2788",606443002,1,1,1,1,0,0,0,0,0,0,0,0,0,1,0,16,0,3,3,1
"2789",606444003,1,1,1,1,0,0,0,0,0,0,0,0,0,1,1,15,1,3,3,1
"2790",606444004,1,1,1,1,0,0,0,0,0,0,0,0,0,1,1,17,0,3,3,1
"2791",606691421,1,1,0,0,1,0,0,0,1,0,0,0,0,0,0,11,0,2,2,1
"2792",606691422,1,1,0,0,1,0,0,0,1,0,0,0,0,0,0,12,0,2,2,2
"2793",606691424,1,1,0,0,1,0,0,0,1,0,0,0,0,0,0,10,0,2,2,1
"2794",606691425,1,1,0,0,1,0,0,0,1,0,0,0,0,0,0,12,0,2,2,1
"2795",606691427,1,1,0,0,1,0,0,0,1,0,0,0,0,0,0,10,0,2,2,1
"2796",606691428,1,1,0,0,1,0,0,0,1,0,0,0,0,0,0,12,0,2,2,1
"2797",606691430,1,1,0,0,1,0,0,0,1,0,0,0,0,0,0,10,0,2,2,1
"2798",606691431,1,1,0,0,1,0,0,0,1,0,0,0,0,0,0,12,0,2,2,1
"2799",606691432,1,1,0,0,1,0,0,0,1,0,0,0,0,0,0,13,0,2,2,1
"2800",606691433,1,1,0,0,1,0,0,0,1,0,0,0,0,0,0,11,0,2,2,1
"2801",606691434,1,1,0,0,1,0,0,0,1,0,0,0,0,0,0,12,0,2,2,1
"2802",606691436,1,1,0,0,1,0,0,0,1,0,0,0,0,0,0,12,0,2,1,1
"2803",606691438,1,1,0,0,1,0,0,0,1,0,0,0,0,0,0,10,0,2,2,1
"2804",606691439,1,1,0,0,1,0,0,0,1,0,0,0,0,0,0,11,0,2,2,1
"2805",606691443,1,1,0,0,1,0,0,0,1,0,0,0,0,0,0,11,0,2,2,1
"2806",606691444,1,1,0,0,1,0,0,0,1,0,0,0,0,0,0,12,0,2,2,1
"2807",606691447,1,1,0,0,1,0,0,0,1,0,0,0,0,0,0,11,0,2,2,1
"2808",606691448,1,1,0,0,1,0,0,0,1,0,0,0,0,0,0,11,0,2,2,1
"2809",606691450,1,1,0,0,1,0,0,0,1,0,0,0,0,0,0,12,0,2,2,1
"2810",606691451,1,1,0,0,1,0,0,0,1,0,0,0,0,0,0,12,0,2,2,1
"2811",606691453,1,1,0,0,1,0,0,0,1,0,0,0,0,0,0,11,0,2,2,1
"2812",606691454,1,1,0,0,1,0,0,0,1,0,0,0,0,0,0,11,0,2,2,1
"2813",606691455,1,1,0,0,1,0,0,0,1,0,0,0,0,0,0,10,0,3,1,1
"2814",606691456,1,1,0,0,1,0,0,0,1,0,0,0,0,0,0,12,0,2,2,1
"2815",606691457,1,1,0,0,1,0,0,0,1,0,0,0,0,0,0,10,0,2,1,1
"2816",606691458,1,1,0,0,1,0,0,0,1,0,0,0,0,0,0,12,0,2,2,1
"2817",606691459,1,1,0,0,1,0,0,0,1,0,0,0,0,0,0,11,0,2,2,1
"2818",606691460,1,1,0,0,1,0,0,0,1,0,0,0,0,0,0,12,0,2,2,1
"2819",606691461,1,1,0,0,1,0,0,0,1,0,0,0,0,0,0,12,0,2,2,2
"2820",606691463,1,1,0,0,1,0,0,0,1,0,0,0,0,0,0,11,0,2,2,1
"2821",606691464,1,1,0,0,1,0,0,0,1,0,0,0,0,0,0,11,0,2,2,1
"2822",606691465,1,1,0,0,1,0,0,0,1,0,0,0,0,0,0,11,0,2,2,1
"2823",606691466,1,1,0,0,1,0,0,0,1,0,0,0,0,0,0,10,0,2,2,1
"2824",606691468,1,1,0,0,1,0,0,0,1,0,0,0,0,0,0,12,0,5,1,1
"2825",606691470,1,1,0,0,1,0,0,0,1,0,0,0,0,0,0,12,0,2,2,1
"2826",606691473,1,1,0,0,1,0,0,0,1,0,0,0,0,0,0,12,0,2,2,1
"2827",606691474,1,1,0,0,1,0,0,0,1,0,0,0,0,0,0,12,0,2,2,1
"2828",606691475,1,1,0,0,1,0,0,0,1,0,0,0,0,0,0,11,0,2,2,1
"2829",606691477,1,1,0,0,1,0,0,0,1,0,0,0,0,0,0,10,0,2,2,1
"2830",606691478,1,1,0,0,1,0,0,0,1,0,0,0,0,0,0,10,0,2,2,1
"2831",606691480,1,1,0,0,1,0,0,0,1,0,0,0,0,0,0,11,0,2,2,1
"2832",606691483,1,1,0,0,1,0,0,0,1,0,0,0,0,0,0,12,0,2,2,1
"2833",606691484,1,1,0,0,1,0,0,0,1,0,0,0,0,0,0,11,0,1,1,1
"2834",606691485,1,1,0,0,1,0,0,0,1,0,0,0,0,0,0,12,0,1,1,1
"2835",606691487,1,1,0,0,1,0,0,0,1,0,0,0,0,0,0,12,0,2,2,1
"2836",606691488,1,1,0,0,1,0,0,0,1,0,0,0,0,0,0,12,0,2,2,1
"2837",606692421,1,1,0,0,1,0,0,0,1,0,0,0,0,0,1,12,0,2,2,1
"2838",606692422,1,1,0,0,1,0,0,0,1,0,0,0,0,0,1,12,0,2,2,1
"2839",606692424,1,1,0,0,1,0,0,0,1,0,0,0,0,0,1,12,0,2,2,1
"2840",606692425,1,1,0,0,1,0,0,0,1,0,0,0,0,0,1,12,0,2,2,1
"2841",606692426,1,1,0,0,1,0,0,0,1,0,0,0,0,0,1,12,0,2,2,1
"2842",606692427,1,1,0,0,1,0,0,0,1,0,0,0,0,0,1,10,0,2,2,1
"2843",606692428,1,1,0,0,1,0,0,0,1,0,0,0,0,0,1,12,0,2,2,1
"2844",606692430,1,1,0,0,1,0,0,0,1,0,0,0,0,0,1,12,0,2,2,1
"2845",606692432,1,1,0,0,1,0,0,0,1,0,0,0,0,0,1,12,0,2,2,1
"2846",606692436,1,1,0,0,1,0,0,0,1,0,0,0,0,0,1,11,0,2,2,1
"2847",606692438,1,1,0,0,1,0,0,0,1,0,0,0,0,0,1,11,0,2,2,1
"2848",606692440,1,1,0,0,1,0,0,0,1,0,0,0,0,0,1,12,0,2,2,1
"2849",606692441,1,1,0,0,1,0,0,0,1,0,0,0,0,0,1,11,0,2,2,1
"2850",606692443,1,1,0,0,1,0,0,0,1,0,0,0,0,0,1,11,0,2,2,1
"2851",606692445,1,1,0,0,1,0,0,0,1,0,0,0,0,0,1,11,0,2,2,1
"2852",606692447,1,1,0,0,1,0,0,0,1,0,0,0,0,0,1,11,0,2,2,1
"2853",606692449,1,0,0,0,1,0,0,0,1,0,0,0,0,0,1,13,0,2,NA,NA
"2854",606692452,1,1,0,0,1,0,0,0,1,0,0,0,0,0,1,12,0,1,1,1
"2855",606692454,1,1,0,0,1,0,0,0,1,0,0,0,0,0,1,11,0,2,2,3
"2856",606692456,1,1,0,0,1,0,0,0,1,0,0,0,0,0,1,11,0,2,2,1
"2857",606692457,1,1,0,0,1,0,0,0,1,0,0,0,0,0,1,12,0,1,1,1
"2858",606692462,1,1,0,0,1,0,0,0,1,0,0,0,0,0,1,12,0,2,2,1
"2859",606692463,1,1,0,0,1,0,0,0,1,0,0,0,0,0,1,11,0,2,2,1
"2860",606692469,1,1,0,0,1,0,0,0,1,0,0,0,0,0,1,10,0,2,2,1
"2861",606692471,1,1,0,0,1,0,0,0,1,0,0,0,0,0,1,10,0,2,2,1
"2862",606692472,1,1,0,0,1,0,0,0,1,0,0,0,0,0,1,10,0,2,2,1
"2863",606692473,1,1,0,0,1,0,0,0,1,0,0,0,0,0,1,11,0,2,2,1
"2864",606692474,1,1,0,0,1,0,0,0,1,0,0,0,0,0,1,12,0,2,2,1
"2865",606692476,1,1,0,0,1,0,0,0,1,0,0,0,0,0,1,11,0,2,2,1
"2866",606692478,1,1,0,0,1,0,0,0,1,0,0,0,0,0,1,11,0,2,2,1
"2867",606692479,1,1,0,0,1,0,0,0,1,0,0,0,0,0,1,12,0,2,2,1
"2868",606692480,1,1,0,0,1,0,0,0,1,0,0,0,0,0,1,11,0,2,2,1
"2869",606692481,1,1,0,0,1,0,0,0,1,0,0,0,0,0,1,11,0,2,2,1
"2870",606692482,1,1,0,0,1,0,0,0,1,0,0,0,0,0,1,11,0,2,2,2
"2871",606692484,1,1,0,0,1,0,0,0,1,0,0,0,0,0,1,11,0,2,2,1
"2872",606693422,1,1,0,0,1,0,0,0,1,0,0,0,0,0,0,16,0,2,2,1
"2873",606693423,1,1,0,0,1,0,0,0,1,0,0,0,0,0,0,18,0,2,2,1
"2874",606693426,1,1,0,0,1,0,0,0,1,0,0,0,0,0,0,17,0,2,2,1
"2875",606693427,1,1,0,0,1,0,0,0,1,0,0,0,0,0,0,16,0,2,2,1
"2876",606693428,1,1,0,0,1,0,0,0,1,0,0,0,0,0,0,16,0,2,2,1
"2877",606693429,1,1,0,0,1,0,0,0,1,0,0,0,0,0,0,17,0,2,2,3
"2878",606693430,1,1,0,0,1,0,0,0,1,0,0,0,0,0,0,17,0,2,2,1
"2879",606693432,1,1,0,0,1,0,0,0,1,0,0,0,0,0,0,16,0,2,2,2
"2880",606693434,1,1,0,0,1,0,0,0,1,0,0,0,0,0,0,15,0,2,2,1
"2881",606693435,1,1,0,0,1,0,0,0,1,0,0,0,0,0,0,17,0,2,2,1
"2882",606693437,1,1,0,0,1,0,0,0,1,0,0,0,0,0,0,16,0,2,2,1
"2883",606693438,1,1,0,0,1,0,0,0,1,0,0,0,0,0,0,16,0,2,2,1
"2884",606693439,1,1,0,0,1,0,0,0,1,0,0,0,0,0,0,16,0,2,2,1
"2885",606693442,1,1,0,0,1,0,0,0,1,0,0,0,0,0,0,16,0,2,2,1
"2886",606693445,1,1,0,0,1,0,0,0,1,0,0,0,0,0,0,17,0,2,2,1
"2887",606693447,1,1,0,0,1,0,0,0,1,0,0,0,0,0,0,17,0,2,2,1
"2888",606693448,1,1,0,0,1,0,0,0,1,0,0,0,0,0,0,16,0,2,2,1
"2889",606693450,1,1,0,0,1,0,0,0,1,0,0,0,0,0,0,15,0,2,2,1
"2890",606693451,1,1,0,0,1,0,0,0,1,0,0,0,0,0,0,15,0,2,2,1
"2891",606693455,1,1,0,0,1,0,0,0,1,0,0,0,0,0,0,16,0,2,2,1
"2892",606693456,1,1,0,0,1,0,0,0,1,0,0,0,0,0,0,16,0,2,2,1
"2893",606693458,1,1,0,0,1,0,0,0,1,0,0,0,0,0,0,16,0,2,2,1
"2894",606693460,1,1,0,0,1,0,0,0,1,0,0,0,0,0,0,16,0,2,2,1
"2895",606693461,1,1,0,0,1,0,0,0,1,0,0,0,0,0,0,15,0,2,2,1
"2896",606694421,1,1,0,0,1,0,0,0,1,0,0,0,0,0,1,16,0,2,2,1
"2897",606694422,1,1,0,0,1,0,0,0,1,0,0,0,0,0,1,17,0,2,2,1
"2898",606694423,1,1,0,0,1,0,0,0,1,0,0,0,0,0,1,16,0,2,2,1
"2899",606694425,1,1,0,0,1,0,0,0,1,0,0,0,0,0,1,17,0,2,2,1
"2900",606694426,1,1,0,0,1,0,0,0,1,0,0,0,0,0,1,16,0,2,2,1
"2901",606694428,1,1,0,0,1,0,0,0,1,0,0,0,0,0,1,17,0,2,2,1
"2902",606694429,1,1,0,0,1,0,0,0,1,0,0,0,0,0,1,17,0,2,2,1
"2903",606694430,1,1,0,0,1,0,0,0,1,0,0,0,0,0,1,16,0,2,2,1
"2904",606694431,1,1,0,0,1,0,0,0,1,0,0,0,0,0,1,17,0,2,2,1
"2905",606694432,1,1,0,0,1,0,0,0,1,0,0,0,0,0,1,17,0,2,2,1
"2906",606694433,1,1,0,0,1,0,0,0,1,0,0,0,0,0,1,17,0,2,2,1
"2907",606694435,1,1,0,0,1,0,0,0,1,0,0,0,0,0,1,17,0,2,2,1
"2908",606694439,1,1,0,0,1,0,0,0,1,0,0,0,0,0,1,15,0,2,2,2
"2909",606694443,1,1,0,0,1,0,0,0,1,0,0,0,0,0,1,17,0,2,2,1
"2910",606694444,1,1,0,0,1,0,0,0,1,0,0,0,0,0,1,17,0,2,2,1
"2911",606694446,1,1,0,0,1,0,0,0,1,0,0,0,0,0,1,16,1,2,2,1
"2912",606694447,1,1,0,0,1,0,0,0,1,0,0,0,0,0,1,15,0,2,2,1
"2913",606694448,1,1,0,0,1,0,0,0,1,0,0,0,0,0,1,16,0,1,1,1
"2914",606694449,1,1,0,0,1,0,0,0,1,0,0,0,0,0,1,16,0,2,2,1
"2915",606694450,1,1,0,0,1,0,0,0,1,0,0,0,0,0,1,17,0,2,2,1
"2916",606694453,1,1,0,0,1,0,0,0,1,0,0,0,0,0,1,17,0,2,2,1
"2917",606694455,1,1,0,0,1,0,0,0,1,0,0,0,0,0,1,16,0,2,2,1
"2918",606694456,1,1,0,0,1,0,0,0,1,0,0,0,0,0,1,16,0,2,2,1
"2919",606694457,1,1,0,0,1,0,0,0,1,0,0,0,0,0,1,16,0,2,2,1
"2920",606694461,1,1,0,0,1,0,0,0,1,0,0,0,0,0,1,17,0,2,2,1
"2921",606694462,1,1,0,0,1,0,0,0,1,0,0,0,0,0,1,16,0,2,2,1
"2922",610321215,1,1,0,0,1,0,0,0,0,1,0,0,0,0,0,12,0,2,2,1
"2923",610321217,1,1,0,0,1,0,0,0,0,1,0,0,0,0,0,12,0,2,2,1
"2924",610321224,1,1,0,0,1,0,0,0,0,1,0,0,0,0,0,12,0,2,2,1
"2925",610321229,1,1,0,0,1,0,0,0,0,1,0,0,0,0,0,11,0,2,2,1
"2926",610321239,1,1,0,0,1,0,0,0,0,1,0,0,0,0,0,12,0,2,2,1
"2927",610321260,1,1,0,0,1,0,0,0,0,1,0,0,0,0,0,12,0,2,2,1
"2928",610321270,1,0,0,0,1,0,0,0,0,1,0,0,0,0,0,11,0,2,NA,NA
"2929",610321280,1,1,0,0,1,0,0,0,0,1,0,0,0,0,0,12,0,2,2,1
"2930",610321282,1,1,0,0,1,0,0,0,0,1,0,0,0,0,0,11,0,2,2,1
"2931",610321288,1,1,0,0,1,0,0,0,0,1,0,0,0,0,0,12,0,2,2,1
"2932",610321292,1,1,0,0,1,0,0,0,0,1,0,0,0,0,0,12,0,2,2,1
"2933",610322214,1,1,0,0,1,0,0,0,0,1,0,0,0,0,1,12,0,2,2,1
"2934",610322221,1,1,0,0,1,0,0,0,0,1,0,0,0,0,1,12,0,2,2,1
"2935",610322240,1,1,0,0,1,0,0,0,0,1,0,0,0,0,1,12,0,1,1,1
"2936",610322251,1,1,0,0,1,0,0,0,0,1,0,0,0,0,1,12,0,2,2,1
"2937",610322262,1,1,0,0,1,0,0,0,0,1,0,0,0,0,1,11,0,2,2,1
"2938",610322275,1,1,0,0,1,0,0,0,0,1,0,0,0,0,1,11,0,2,2,1
"2939",610322281,1,1,0,0,1,0,0,0,0,1,0,0,0,0,1,12,0,2,2,1
"2940",610322299,1,1,0,0,1,0,0,0,0,1,0,0,0,0,1,11,0,2,2,1
"2941",610322302,1,1,0,0,1,0,0,0,0,1,0,0,0,0,1,12,0,2,2,1
"2942",610322318,1,1,0,0,1,0,0,0,0,1,0,0,0,0,1,12,0,2,2,1
"2943",610322321,1,1,0,0,1,0,0,0,0,1,0,0,0,0,1,11,0,2,2,1
"2944",610323213,1,1,0,0,1,0,0,0,0,1,0,0,0,0,0,17,0,2,2,1
"2945",610323214,1,1,0,0,1,0,0,0,0,1,0,0,0,0,0,16,0,2,2,1
"2946",610323218,1,1,0,0,1,0,0,0,0,1,0,0,0,0,0,16,0,2,2,1
"2947",610323219,1,1,0,0,1,0,0,0,0,1,0,0,0,0,0,17,0,2,2,1
"2948",610323223,1,1,0,0,1,0,0,0,0,1,0,0,0,0,0,18,0,2,2,1
"2949",610323224,1,1,0,0,1,0,0,0,0,1,0,0,0,0,0,16,0,2,2,1
"2950",610323238,1,1,0,0,1,0,0,0,0,1,0,0,0,0,0,18,0,2,2,1
"2951",610323268,1,1,0,0,1,0,0,0,0,1,0,0,0,0,0,16,0,2,2,1
"2952",610323271,1,1,0,0,1,0,0,0,0,1,0,0,0,0,0,17,0,2,2,1
"2953",610323292,1,1,0,0,1,0,0,0,0,1,0,0,0,0,0,17,0,2,2,1
"2954",610323293,1,1,0,0,1,0,0,0,0,1,0,0,0,0,0,16,0,3,1,1
"2955",610323295,1,1,0,0,1,0,0,0,0,1,0,0,0,0,0,18,0,2,2,1
"2956",610323301,1,1,0,0,1,0,0,0,0,1,0,0,0,0,0,16,0,2,2,1
"2957",610323315,1,1,0,0,1,0,0,0,0,1,0,0,0,0,0,17,0,2,2,1
"2958",610323317,1,1,0,0,1,0,0,0,0,1,0,0,0,0,0,17,0,2,2,1
"2959",610324213,1,1,0,0,1,0,0,0,0,1,0,0,0,0,1,17,0,2,2,1
"2960",610324214,1,1,0,0,1,0,0,0,0,1,0,0,0,0,1,16,0,2,2,1
"2961",610324228,1,1,0,0,1,0,0,0,0,1,0,0,0,0,1,16,0,2,2,1
"2962",610324268,1,1,0,0,1,0,0,0,0,1,0,0,0,0,1,17,0,2,2,1
"2963",610324273,1,1,0,0,1,0,0,0,0,1,0,0,0,0,1,16,0,2,2,1
"2964",610324291,1,1,0,0,1,0,0,0,0,1,0,0,0,0,1,15,0,2,2,1
"2965",610361252,1,1,0,0,1,0,0,1,0,0,0,0,0,0,0,12,0,2,2,2
"2966",610361295,1,1,0,0,1,0,0,0,0,1,0,0,0,0,0,11,0,2,2,1
"2967",610363254,1,1,0,0,1,0,0,0,0,1,0,0,0,0,0,16,0,2,2,1
"2968",610363263,1,1,0,0,1,0,0,0,0,1,0,0,0,0,0,18,0,2,1,1
"2969",610364267,1,1,0,0,1,0,0,0,0,1,0,0,0,0,1,15,0,2,2,1
"2970",610364307,1,1,0,0,1,0,0,0,0,1,0,0,0,0,1,16,0,2,2,1
"2971",610483296,1,1,0,0,1,0,0,0,0,1,0,0,0,0,0,17,0,2,2,1
"2972",610511213,1,1,0,0,1,0,0,0,0,1,0,0,0,0,0,12,0,2,2,1
"2973",610511225,1,1,0,0,1,0,0,0,0,1,0,0,0,0,0,11,0,2,2,1
"2974",610511241,1,1,0,0,1,0,0,0,0,1,0,0,0,0,0,11,0,2,2,1
"2975",610511245,1,1,0,0,1,0,0,0,0,1,0,0,0,0,0,11,0,2,2,1
"2976",610511250,1,1,0,0,1,0,0,0,0,1,0,0,0,0,0,12,0,2,2,1
"2977",610511257,1,1,0,0,1,0,0,0,0,1,0,0,0,0,0,12,0,2,2,1
"2978",610511286,1,1,0,0,1,0,0,0,0,1,0,0,0,0,0,11,0,2,2,1
"2979",610511297,1,1,0,0,1,0,0,0,0,1,0,0,0,0,0,12,0,2,2,1
"2980",610511307,1,1,0,0,1,0,0,0,0,1,0,0,0,0,0,10,0,2,2,1
"2981",610511319,1,1,0,0,1,0,0,0,0,1,0,0,0,0,0,11,0,2,2,1
"2982",610512215,1,1,0,0,1,0,0,0,0,1,0,0,0,0,1,11,0,2,2,1
"2983",610512245,1,1,0,0,1,0,0,0,0,1,0,0,0,0,1,11,0,2,2,1
"2984",610512250,1,1,0,0,1,0,0,0,0,1,0,0,0,0,1,12,0,2,2,1
"2985",610512261,1,1,0,0,1,0,0,0,0,1,0,0,0,0,1,12,0,2,2,1
"2986",610512282,1,1,0,0,1,0,0,0,0,1,0,0,0,0,1,11,0,2,2,1
"2987",610512307,1,1,0,0,1,0,0,0,0,1,0,0,0,0,1,11,0,2,2,1
"2988",610513216,1,1,0,0,1,0,0,0,0,1,0,0,0,0,0,17,0,2,2,1
"2989",610513229,1,0,0,0,1,0,0,0,0,1,0,0,0,0,0,17,0,2,NA,NA
"2990",610513262,1,1,0,0,1,0,0,0,0,1,0,0,0,0,0,17,0,2,2,1
"2991",610513299,1,1,0,0,1,0,0,0,0,1,0,0,0,0,0,17,0,2,2,1
"2992",610513316,1,1,0,0,1,0,0,0,0,1,0,0,0,0,0,17,0,2,2,1
"2993",610514236,1,1,0,0,1,0,0,0,0,1,0,0,0,0,1,17,0,2,2,2
"2994",610514274,1,1,0,0,1,0,0,0,0,1,0,0,0,0,1,16,0,2,2,1
"2995",610514290,1,1,0,0,1,0,0,0,0,1,0,0,0,0,1,17,0,2,2,1
"2996",610514308,1,1,0,0,1,0,0,0,0,1,0,0,0,0,1,17,0,1,1,1
"2997",702091004,1,1,0,0,1,0,1,0,0,0,0,0,0,0,0,11,0,2,2,1
"2998",702091008,1,1,0,0,1,0,1,0,0,0,0,0,0,0,0,12,0,2,2,1
"2999",702091012,1,1,0,0,1,0,1,0,0,0,0,0,0,0,0,11,0,2,2,1
"3000",702091022,1,1,0,0,1,0,1,0,0,0,0,0,0,0,0,11,0,2,2,1
"3001",702091023,1,1,0,0,1,0,1,0,0,0,0,0,0,0,0,12,0,2,2,1
"3002",702091033,1,1,0,0,1,0,1,0,0,0,0,0,0,0,0,12,0,2,2,1
"3003",702091035,1,1,0,0,1,0,1,0,0,0,0,0,0,0,0,11,0,2,2,1
"3004",702091036,1,1,0,0,1,0,1,0,0,0,0,0,0,0,0,10,0,2,2,1
"3005",702091037,1,1,0,0,1,0,1,0,0,0,0,0,0,0,0,12,0,1,1,1
"3006",702091042,1,1,0,0,1,0,1,0,0,0,0,0,0,0,0,11,0,2,2,1
"3007",702091049,1,1,0,0,1,0,1,0,0,0,0,0,0,0,0,12,0,4,4,1
"3008",702091058,1,1,0,0,1,0,1,0,0,0,0,0,0,0,0,12,0,2,1,1
"3009",702091070,1,1,0,0,1,0,1,0,0,0,0,0,0,0,0,10,0,2,2,1
"3010",702091099,1,1,0,0,1,0,1,0,0,0,0,0,0,0,0,11,0,2,2,1
"3011",702091107,1,1,0,0,1,0,1,0,0,0,0,0,0,0,0,12,0,2,2,1
"3012",702091134,1,1,0,0,1,0,1,0,0,0,0,0,0,0,0,12,0,2,2,1
"3013",702091135,1,1,0,0,1,0,1,0,0,0,0,0,0,0,0,11,0,4,4,1
"3014",702092002,1,1,0,0,1,0,1,0,0,0,0,0,0,0,1,11,0,2,2,1
"3015",702092007,1,1,0,0,1,0,1,0,0,0,0,0,0,0,1,12,0,2,2,1
"3016",702092014,1,1,0,0,1,0,1,0,0,0,0,0,0,0,1,11,0,4,4,1
"3017",702092024,1,1,0,0,1,0,1,0,0,0,0,0,0,0,1,11,0,2,2,1
"3018",702092052,1,1,0,0,1,0,1,0,0,0,0,0,0,0,1,11,0,2,2,1
"3019",702092060,1,1,0,0,1,0,1,0,0,0,0,0,0,0,1,11,0,2,2,1
"3020",702092081,1,1,0,0,1,0,1,0,0,0,0,0,0,0,1,10,0,2,2,1
"3021",702092096,1,1,0,0,1,0,1,0,0,0,0,0,0,0,1,12,0,2,2,1
"3022",702093004,1,1,0,0,1,0,1,0,0,0,0,0,0,0,0,17,0,-96,-96,1
"3023",702093005,1,1,0,0,1,0,1,0,0,0,0,0,0,0,0,17,0,-96,-96,1
"3024",702093014,1,1,0,0,1,0,1,0,0,0,0,0,0,0,0,16,0,2,2,1
"3025",702093023,1,1,0,0,1,0,1,0,0,0,0,0,0,0,0,17,0,2,2,1
"3026",702093040,1,1,0,0,1,0,1,0,0,0,0,0,0,0,0,17,0,5,1,1
"3027",702093041,1,1,0,0,1,0,1,0,0,0,0,0,0,0,0,16,0,2,2,1
"3028",702093050,1,1,0,0,1,0,1,0,0,0,0,0,0,0,0,16,0,2,2,1
"3029",702093051,1,1,0,0,1,0,1,0,0,0,0,0,0,0,0,16,0,2,2,1
"3030",702093052,1,1,0,0,1,0,1,0,0,0,0,0,0,0,0,15,0,2,2,1
"3031",702093071,1,1,0,0,1,0,1,0,0,0,0,0,0,0,0,18,0,2,2,1
"3032",702094007,1,1,0,0,1,0,1,0,0,0,0,0,0,0,1,16,0,2,2,1
"3033",702094013,1,1,0,0,1,0,1,0,0,0,0,0,0,0,1,16,0,2,2,1
"3034",702094017,1,1,0,0,1,0,1,0,0,0,0,0,0,0,1,15,0,2,2,1
"3035",702094036,1,1,0,0,1,0,1,0,0,0,0,0,0,0,1,17,0,1,1,1
"3036",702094037,1,1,0,0,1,0,1,0,0,0,0,0,0,0,1,15,0,2,2,1
"3037",702094051,1,1,0,0,1,0,1,0,0,0,0,0,0,0,1,17,0,2,2,1
"3038",702101002,1,1,0,0,1,0,1,0,0,0,0,0,0,0,0,11,0,2,2,1
"3039",702101013,1,1,0,0,1,0,1,0,0,0,0,0,0,0,0,11,0,2,2,1
"3040",702141011,1,1,0,0,1,0,1,0,0,0,0,0,0,0,0,10,0,2,2,1
"3041",702141052,1,1,0,0,1,0,1,0,0,0,0,0,0,0,0,10,0,2,2,1
"3042",702142102,1,1,0,0,1,0,1,0,0,0,0,0,0,0,1,11,0,2,2,1
"3043",702142117,1,1,0,0,1,0,1,0,0,0,0,0,0,0,1,13,0,2,2,1
"3044",702143021,1,1,0,0,1,0,1,0,0,0,0,0,0,0,0,16,0,2,2,1
"3045",702143037,1,1,0,0,1,0,1,0,0,0,0,0,0,0,0,17,0,2,2,1
"3046",702143075,1,1,0,0,1,0,1,0,0,0,0,0,0,0,0,16,0,2,2,1
"3047",702144032,1,1,0,0,1,0,1,0,0,0,0,0,0,0,1,16,0,2,2,1
"3048",702144052,1,1,0,0,1,0,1,0,0,0,0,0,0,0,1,15,0,2,2,1
"3049",702181009,1,1,0,0,1,0,1,0,0,0,0,0,0,0,0,12,0,1,1,1
"3050",702181017,1,1,0,0,1,0,1,0,0,0,0,0,0,0,0,12,0,2,1,1
"3051",702181024,1,1,0,0,1,0,1,0,0,0,0,0,0,0,0,10,0,2,2,1
"3052",702181028,1,1,0,0,1,0,1,0,0,0,0,0,0,0,0,10,1,2,2,1
"3053",702181034,1,1,0,0,1,0,1,0,0,0,0,0,0,0,0,12,0,2,2,1
"3054",702181041,1,1,0,0,1,0,1,0,0,0,0,0,0,0,0,11,0,2,2,1
"3055",702181055,1,1,0,0,1,0,1,0,0,0,0,0,0,0,0,12,0,2,2,1
"3056",702181056,1,1,0,0,1,0,1,0,0,0,0,0,0,0,0,11,0,2,2,1
"3057",702181060,1,1,0,0,1,0,1,0,0,0,0,0,0,0,0,11,0,2,2,1
"3058",702181061,1,1,0,0,1,0,1,0,0,0,0,0,0,0,0,11,0,2,2,1
"3059",702181063,1,1,0,0,1,0,1,0,0,0,0,0,0,0,0,12,0,2,2,1
"3060",702181065,1,1,0,0,1,0,1,0,0,0,0,0,0,0,0,12,0,2,2,1
"3061",702181069,1,1,0,0,1,0,1,0,0,0,0,0,0,0,0,12,0,2,2,1
"3062",702181074,1,1,0,0,1,0,1,0,0,0,0,0,0,0,0,11,0,2,2,1
"3063",702181075,1,1,0,0,1,0,1,0,0,0,0,0,0,0,0,11,0,2,2,1
"3064",702181078,1,1,0,0,1,0,1,0,0,0,0,0,0,0,0,10,0,2,2,1
"3065",702181079,1,1,0,0,1,0,1,0,0,0,0,0,0,0,0,12,0,2,2,1
"3066",702181081,1,1,0,0,1,0,1,0,0,0,0,0,0,0,0,12,0,2,2,1
"3067",702181101,1,1,0,0,1,0,1,0,0,0,0,0,0,0,0,12,0,2,2,1
"3068",702181123,1,1,0,0,1,0,1,0,0,0,0,0,0,0,0,12,0,2,2,1
"3069",702181127,1,1,0,0,1,0,1,0,0,0,0,0,0,0,0,12,0,2,2,1
"3070",702181131,1,1,0,0,1,0,1,0,0,0,0,0,0,0,0,10,0,2,2,1
"3071",702181136,1,1,0,0,1,0,1,0,0,0,0,0,0,0,0,10,0,2,2,1
"3072",702182005,1,1,0,0,1,0,1,0,0,0,0,0,0,0,1,12,0,1,1,1
"3073",702182027,1,1,0,0,1,0,1,0,0,0,0,0,0,0,1,11,0,2,2,1
"3074",702182042,1,1,0,0,1,0,1,0,0,0,0,0,0,0,1,11,0,2,2,1
"3075",702182045,1,1,0,0,1,0,1,0,0,0,0,0,0,0,1,10,0,2,2,1
"3076",702182061,1,1,0,0,1,0,1,0,0,0,0,0,0,0,1,10,0,2,2,1
"3077",702182063,1,1,0,0,1,0,1,0,0,0,0,0,0,0,1,11,0,2,2,1
"3078",702182068,1,1,0,0,1,0,1,0,0,0,0,0,0,0,1,10,0,2,2,1
"3079",702182091,1,1,0,0,1,0,1,0,0,0,0,0,0,0,1,11,0,3,3,1
"3080",702182097,1,1,0,0,1,0,1,0,0,0,0,0,0,0,1,10,0,2,2,1
"3081",702182105,1,1,0,0,1,0,1,0,0,0,0,0,0,0,1,12,0,2,2,1
"3082",702182110,1,1,0,0,1,0,1,0,0,0,0,0,0,0,1,11,0,2,2,1
"3083",702182112,1,1,0,0,1,0,1,0,0,0,0,0,0,0,1,11,0,2,2,1
"3084",702182113,1,1,0,0,1,0,1,0,0,0,0,0,0,0,1,11,0,2,2,1
"3085",702182115,1,1,0,0,1,0,1,0,0,0,0,0,0,0,1,11,0,1,1,1
"3086",702182122,1,1,0,0,1,0,1,0,0,0,0,0,0,0,1,12,0,2,2,1
"3087",702183001,1,1,0,0,1,0,1,0,0,0,0,0,0,0,0,17,0,2,2,1
"3088",702183030,1,1,0,0,1,0,1,0,0,0,0,0,0,0,0,16,0,2,1,1
"3089",702183031,1,1,0,0,1,0,1,0,0,0,0,0,0,0,0,18,0,2,2,1
"3090",702183036,1,1,0,0,1,0,1,0,0,0,0,0,0,0,0,15,0,2,2,1
"3091",702183039,1,1,0,0,1,0,1,0,0,0,0,0,0,0,0,16,0,2,2,1
"3092",702183048,1,1,0,0,1,0,1,0,0,0,0,0,0,0,0,16,0,1,1,1
"3093",702183057,1,1,0,0,1,0,1,0,0,0,0,0,0,0,0,15,0,2,2,1
"3094",702183059,1,1,0,0,1,0,1,0,0,0,0,0,0,0,0,17,0,2,2,1
"3095",702183066,1,1,0,0,1,0,1,0,0,0,0,0,0,0,0,16,0,2,2,1
"3096",702183073,1,1,0,0,1,0,1,0,0,0,0,0,0,0,0,15,0,2,2,1
"3097",702183077,1,1,0,0,1,0,1,0,0,0,0,0,0,0,0,17,0,2,2,1
"3098",702183079,1,1,0,0,1,0,1,0,0,0,0,0,0,0,0,15,0,2,2,2
"3099",702184001,1,1,0,0,1,0,1,0,0,0,0,0,0,0,1,17,0,2,2,1
"3100",702184014,1,1,0,0,1,0,1,0,0,0,0,0,0,0,1,16,0,2,2,1
"3101",702184020,1,1,0,0,1,0,1,0,0,0,0,0,0,0,1,16,0,2,2,1
"3102",702184022,1,1,0,0,1,0,1,0,0,0,0,0,0,0,1,16,0,2,2,1
"3103",702184025,1,1,0,0,1,0,1,0,0,0,0,0,0,0,1,17,0,2,2,1
"3104",702184027,1,1,0,0,1,0,1,0,0,0,0,0,0,0,1,17,0,2,2,1
"3105",702184035,1,1,0,0,1,0,1,0,0,0,0,0,0,0,1,17,0,2,2,1
"3106",702184043,1,1,0,0,1,0,1,0,0,0,0,0,0,0,1,18,0,2,2,1
"3107",702184047,1,1,0,0,1,0,1,0,0,0,0,0,0,0,1,16,0,2,2,1
"3108",702184048,1,1,0,0,1,0,1,0,0,0,0,0,0,0,1,17,0,2,2,1
"3109",702184056,1,1,0,0,1,0,1,0,0,0,0,0,0,0,1,17,0,2,2,1
"3110",702184060,1,1,0,0,1,0,1,0,0,0,0,0,0,0,1,15,0,2,2,1
"3111",702184061,1,0,0,0,1,0,1,0,0,0,0,0,0,0,1,16,0,2,NA,NA
"3112",702184069,1,1,0,0,1,0,1,0,0,0,0,0,0,0,1,16,0,2,2,1
"3113",702184072,1,1,0,0,1,0,1,0,0,0,0,0,0,0,1,17,0,2,2,1
"3114",702341005,1,1,0,0,1,0,1,0,0,0,0,0,0,0,0,12,0,2,2,1
"3115",702341016,1,1,0,0,1,0,1,0,0,0,0,0,0,0,0,12,0,2,2,1
"3116",702341026,1,0,0,0,1,0,1,0,0,0,0,0,0,0,0,12,0,2,NA,NA
"3117",702341030,1,1,0,0,1,0,1,0,0,0,0,0,0,0,0,12,0,2,2,1
"3118",702341047,1,1,0,0,1,0,1,0,0,0,0,0,0,0,0,11,0,4,4,1
"3119",702341059,1,1,0,0,1,0,1,0,0,0,0,0,0,0,0,11,0,4,4,1
"3120",702341089,1,1,0,0,1,0,1,0,0,0,0,0,0,0,0,11,0,2,2,1
"3121",702341112,1,1,0,0,1,0,1,0,0,0,0,0,0,0,0,11,0,2,2,1
"3122",702341117,1,1,0,0,1,0,1,0,0,0,0,0,0,0,0,12,0,2,2,1
"3123",702341125,1,1,0,0,1,0,1,0,0,0,0,0,0,0,0,11,0,2,1,1
"3124",702341128,1,1,0,0,1,0,1,0,0,0,0,0,0,0,0,11,0,2,2,1
"3125",702341130,1,1,0,0,1,0,1,0,0,0,0,0,0,0,0,12,0,2,2,1
"3126",702341133,1,1,0,0,1,0,1,0,0,0,0,0,0,0,0,10,0,2,2,1
"3127",702341137,1,1,0,0,1,0,1,0,0,0,0,0,0,0,0,10,0,2,2,1
"3128",702341187,1,1,1,0,1,0,1,0,0,0,0,0,0,0,0,12,0,1,1,1
"3129",702342001,1,1,1,0,1,0,1,0,0,0,0,0,0,0,1,13,0,2,2,1
"3130",702342037,1,1,0,0,1,0,1,0,0,0,0,0,0,0,1,10,0,2,2,1
"3131",702342046,1,1,0,0,1,0,1,0,0,0,0,0,0,0,1,12,0,2,2,1
"3132",702342047,1,1,1,0,1,0,1,0,0,0,0,0,0,0,1,13,0,1,2,1
"3133",702342057,1,1,1,0,1,0,1,0,0,0,0,0,0,0,1,13,0,2,2,1
"3134",702342064,1,1,0,0,1,0,1,0,0,0,0,0,0,0,1,12,0,2,2,1
"3135",702342073,1,1,0,0,1,0,1,0,0,0,0,0,0,0,1,11,0,2,2,1
"3136",702342077,1,1,0,0,1,0,1,0,0,0,0,0,0,0,1,10,0,4,4,1
"3137",702342082,1,1,0,0,1,0,1,0,0,0,0,0,0,0,1,12,0,2,2,1
"3138",702342084,1,1,0,0,1,0,1,0,0,0,0,0,0,0,1,11,0,2,2,1
"3139",702342095,1,1,0,0,1,0,1,0,0,0,0,0,0,0,1,11,0,2,2,1
"3140",702342099,1,1,0,0,1,0,1,0,0,0,0,0,0,0,1,10,0,2,2,1
"3141",702342101,1,1,0,0,1,0,1,0,0,0,0,0,0,0,1,11,0,2,2,1
"3142",702342125,1,1,0,0,1,0,1,0,0,0,0,0,0,0,1,11,0,2,2,1
"3143",702342126,1,1,0,0,1,0,1,0,0,0,0,0,0,0,1,12,0,2,2,1
"3144",702343018,1,1,0,0,1,0,1,0,0,0,0,0,0,0,0,17,0,2,2,1
"3145",702343046,1,1,0,0,1,0,1,0,0,0,0,0,0,0,0,17,0,2,2,1
"3146",702343047,1,1,0,0,1,0,1,0,0,0,0,0,0,0,0,16,0,2,2,1
"3147",702343053,1,1,0,0,1,0,1,0,0,0,0,0,0,0,0,17,0,2,2,1
"3148",702343062,1,1,0,0,1,0,1,0,0,0,0,0,0,0,0,17,0,2,2,1
"3149",702343070,1,1,0,0,1,0,1,0,0,0,0,0,0,0,0,17,0,2,2,1
"3150",702343074,1,1,0,0,1,0,1,0,0,0,0,0,0,0,0,17,0,2,2,1
"3151",702343086,1,1,0,0,1,0,1,0,0,0,0,0,0,0,0,15,0,2,2,2
"3152",702344002,1,1,0,0,1,0,1,0,0,0,0,0,0,0,1,16,0,4,4,1
"3153",702344004,1,1,0,0,1,0,1,0,0,0,0,0,0,0,1,15,0,2,2,1
"3154",702344005,1,1,0,0,1,0,1,0,0,0,0,0,0,0,1,17,0,4,4,1
"3155",702344010,1,1,0,0,1,0,1,0,0,0,0,0,0,0,1,17,0,4,4,1
"3156",702344015,1,1,0,0,1,0,1,0,0,0,0,0,0,0,1,17,0,2,2,1
"3157",702344019,1,1,0,0,1,0,1,0,0,0,0,0,0,0,1,16,0,1,1,1
"3158",702344021,1,1,0,0,1,0,1,0,0,0,0,0,0,0,1,16,0,4,1,1
"3159",702344030,1,1,0,0,1,0,1,0,0,0,0,0,0,0,1,16,0,1,1,1
"3160",702344044,1,1,0,0,1,0,1,0,0,0,0,0,0,0,1,17,0,2,2,1
"3161",702344064,1,1,0,0,1,0,1,0,0,0,0,0,0,0,1,17,0,2,2,1
"3162",702344066,1,1,0,0,1,0,1,0,0,0,0,0,0,0,1,17,0,4,1,1
"3163",702344067,1,1,0,0,1,0,1,0,0,0,0,0,0,0,1,17,0,2,2,1
"3164",702344073,1,1,0,0,1,0,1,0,0,0,0,0,0,0,1,16,0,2,2,1
"3165",702351007,1,1,0,0,1,0,1,0,0,0,0,0,0,0,0,12,0,2,2,1
"3166",702352019,1,1,0,0,1,0,1,0,0,0,0,0,0,0,1,11,0,2,2,1
"3167",702352066,1,1,0,0,1,0,1,0,0,0,0,0,0,0,1,10,0,2,2,1
"3168",702353063,1,1,0,0,1,0,1,0,0,0,0,0,0,0,0,17,0,1,1,1
"3169",702381006,1,1,0,0,1,0,1,0,0,0,0,0,0,0,0,12,0,4,1,1
"3170",702381015,1,1,0,0,1,0,1,0,0,0,0,0,0,0,0,12,0,2,2,1
"3171",702381054,1,1,0,0,1,0,1,0,0,0,0,0,0,0,0,11,0,2,2,1
"3172",702381062,1,1,0,0,1,0,1,0,0,0,0,0,0,0,0,12,0,2,2,1
"3173",702381076,1,1,0,0,1,0,1,0,0,0,0,0,0,0,0,12,0,2,2,1
"3174",702381087,1,1,0,0,1,0,1,0,0,0,0,0,0,0,0,11,0,2,2,1
"3175",702381090,1,1,0,0,1,0,1,0,0,0,0,0,0,0,0,12,0,2,2,1
"3176",702381096,1,1,0,0,1,0,1,0,0,0,0,0,0,0,0,12,0,2,2,1
"3177",702381104,1,1,0,0,1,0,1,0,0,0,0,0,0,0,0,11,0,2,2,1
"3178",702381108,1,1,0,0,1,0,1,0,0,0,0,0,0,0,0,12,0,2,2,1
"3179",702382003,1,1,0,0,1,0,1,0,0,0,0,0,0,0,1,11,0,2,2,1
"3180",702382023,1,1,0,0,1,0,1,0,0,0,0,0,0,0,1,11,0,2,2,1
"3181",702382026,1,1,0,0,1,0,1,0,0,0,0,0,0,0,1,11,0,2,2,1
"3182",702382035,1,1,0,0,1,0,1,0,0,0,0,0,0,0,1,12,0,2,2,1
"3183",702382038,1,1,0,0,1,0,1,0,0,0,0,0,0,0,1,11,0,2,2,1
"3184",702382044,1,1,0,0,1,0,1,0,0,0,0,0,0,0,1,11,0,2,2,1
"3185",702382049,1,1,0,0,1,0,1,0,0,0,0,0,0,0,1,11,0,2,2,1
"3186",702382051,1,1,0,0,1,0,1,0,0,0,0,0,0,0,1,10,0,2,2,1
"3187",702382056,1,1,0,0,1,0,1,0,0,0,0,0,0,0,1,11,0,2,2,1
"3188",702382062,1,1,0,0,1,0,1,0,0,0,0,0,0,0,1,12,0,2,2,1
"3189",702382083,1,1,0,0,1,0,1,0,0,0,0,0,0,0,1,12,0,2,2,1
"3190",702382086,1,1,0,0,1,0,1,0,0,0,0,0,0,0,1,11,0,2,2,1
"3191",702382093,1,1,0,0,1,0,1,0,0,0,0,0,0,0,1,11,0,2,2,1
"3192",702382094,1,1,0,0,1,0,1,0,0,0,0,0,0,0,1,12,0,1,1,1
"3193",702382119,1,1,0,0,1,0,1,0,0,0,0,0,0,0,1,12,0,2,2,1
"3194",702382120,1,1,0,0,1,0,1,0,0,0,0,0,0,0,1,12,0,2,2,1
"3195",702382127,1,1,0,0,1,0,1,0,0,0,0,0,0,0,1,12,0,2,2,1
"3196",702383002,1,1,0,0,1,0,1,0,0,0,0,0,0,0,0,16,0,2,2,1
"3197",702383007,1,1,0,0,1,0,1,0,0,0,0,0,0,0,0,15,0,2,2,1
"3198",702383010,1,1,0,0,1,0,1,0,0,0,0,0,0,0,0,17,0,2,2,1
"3199",702383027,1,1,0,0,1,0,1,0,0,0,0,0,0,0,0,16,0,2,2,1
"3200",702383058,1,1,0,0,1,0,1,0,0,0,0,0,0,0,0,16,0,2,2,1
"3201",702383060,1,1,0,0,1,0,1,0,0,0,0,0,0,0,0,17,0,2,2,1
"3202",702383067,1,1,0,0,1,0,1,0,0,0,0,0,0,0,0,16,0,2,2,1
"3203",702383082,1,1,0,0,1,0,1,0,0,0,0,0,0,0,0,15,0,2,2,1
"3204",702384024,1,1,0,0,1,0,1,0,0,0,0,0,0,0,1,17,0,2,2,1
"3205",702384026,1,1,0,0,1,0,1,0,0,0,0,0,0,0,1,16,0,2,2,1
"3206",702384028,1,1,0,0,1,0,1,0,0,0,0,0,0,0,1,17,0,2,2,1
"3207",702384053,1,1,0,0,1,0,1,0,0,0,0,0,0,0,1,16,0,2,2,3
"3208",702384059,1,1,0,0,1,0,1,0,0,0,0,0,0,0,1,16,0,2,2,1
"3209",702384071,1,1,0,0,1,0,1,0,0,0,0,0,0,0,1,17,0,2,2,1
"3210",702491020,1,1,0,0,1,0,1,0,0,0,0,0,0,0,0,11,0,2,2,1
"3211",702491051,1,1,0,0,1,0,1,0,0,0,0,0,0,0,0,12,0,2,2,1
"3212",702491082,1,1,0,0,1,0,1,0,0,0,0,0,0,0,0,11,0,2,2,1
"3213",702491088,1,1,0,0,1,0,1,0,0,0,0,0,0,0,0,12,0,2,1,1
"3214",702491091,1,1,0,0,1,0,1,0,0,0,0,0,0,0,0,11,0,2,2,1
"3215",702491109,1,1,0,0,1,0,1,0,0,0,0,0,0,0,0,12,0,2,2,1
"3216",702492034,1,1,0,0,1,0,1,0,0,0,0,0,0,0,1,12,0,2,2,1
"3217",702492059,1,1,0,0,1,0,1,0,0,0,0,0,0,0,1,11,0,2,2,1
"3218",702492076,1,1,0,0,1,0,1,0,0,0,0,0,0,0,1,11,0,1,1,1
"3219",702492104,1,1,0,0,1,0,1,0,0,0,0,0,0,0,1,11,0,2,2,1
"3220",702493008,1,1,0,0,1,0,1,0,0,0,0,0,0,0,0,16,0,2,2,1
"3221",702493020,1,1,0,0,1,0,1,0,0,0,0,0,0,0,0,17,0,2,2,1
"3222",702493022,1,1,0,0,1,0,1,0,0,0,0,0,0,0,0,16,0,2,2,1
"3223",702493044,1,1,0,0,1,0,1,0,0,0,0,0,0,0,0,18,0,2,2,1
"3224",702493061,1,1,0,0,1,0,1,0,0,0,0,0,0,0,0,16,0,2,2,1
"3225",702493081,1,1,0,0,1,0,1,0,0,0,0,0,0,0,0,17,0,2,2,1
"3226",702493085,1,1,0,0,1,0,1,0,0,0,0,0,0,0,0,15,0,2,1,1
"3227",702494041,1,1,0,0,1,0,1,0,0,0,0,0,0,0,1,15,0,2,2,1
"3228",702501027,1,1,0,0,1,0,1,0,0,0,0,0,0,0,0,10,0,2,2,1
"3229",702501032,1,1,0,0,1,0,1,0,0,0,0,0,0,0,0,10,0,2,2,1
"3230",702501067,1,1,0,0,1,0,1,0,0,0,0,0,0,0,0,10,0,2,2,1
"3231",702501094,1,1,0,0,1,0,1,0,0,0,0,0,0,0,0,12,0,4,4,1
"3232",702501095,1,1,0,0,1,0,1,0,0,0,0,0,0,0,0,11,0,2,2,1
"3233",702501116,1,1,0,0,1,0,1,0,0,0,0,0,0,0,0,12,0,2,2,1
"3234",702501124,1,1,0,0,1,0,1,0,0,0,0,0,0,0,0,11,0,2,2,1
"3235",702501126,1,1,0,0,1,0,1,0,0,0,0,0,0,0,0,12,0,2,2,1
"3236",702501132,1,1,0,0,1,0,1,0,0,0,0,0,0,0,0,12,0,2,2,1
"3237",702501141,1,1,0,0,1,0,1,0,0,0,0,0,0,0,0,11,0,2,2,1
"3238",702502006,1,1,0,0,1,0,1,0,0,0,0,0,0,0,1,11,0,2,2,1
"3239",702502009,1,1,0,0,1,0,1,0,0,0,0,0,0,0,1,11,0,2,1,1
"3240",702502020,1,1,0,0,1,0,1,0,0,0,0,0,0,0,1,10,0,2,2,1
"3241",702502025,1,1,0,0,1,0,1,0,0,0,0,0,0,0,1,12,0,2,1,1
"3242",702502028,1,1,0,0,1,0,1,0,0,0,0,0,0,0,1,10,0,2,2,1
"3243",702502031,1,1,0,0,1,0,1,0,0,0,0,0,0,0,1,12,0,2,2,1
"3244",702502039,1,1,0,0,1,0,1,0,0,0,0,0,0,0,1,12,0,2,2,1
"3245",702502072,1,1,0,0,1,0,1,0,0,0,0,0,0,0,1,12,0,2,2,1
"3246",702502100,1,1,0,0,1,0,1,0,0,0,0,0,0,0,1,10,0,2,2,1
"3247",702502111,1,1,0,0,1,0,1,0,0,0,0,0,0,0,1,11,0,1,1,1
"3248",702502121,1,1,0,0,1,0,1,0,0,0,0,0,0,0,1,11,0,2,2,1
"3249",702503012,1,1,0,0,1,0,1,0,0,0,0,0,0,0,0,17,0,2,2,1
"3250",702503016,1,1,0,0,1,0,1,0,0,0,0,0,0,0,0,17,0,2,2,1
"3251",702503024,1,1,0,0,1,0,1,0,0,0,0,0,0,0,0,17,0,2,2,1
"3252",702503038,1,1,0,0,1,0,1,0,0,0,0,0,0,0,0,15,0,2,2,2
"3253",702503054,1,1,0,0,1,0,1,0,0,0,0,0,0,0,0,17,0,4,4,1
"3254",702503069,1,1,0,0,1,0,1,0,0,0,0,0,0,0,0,16,0,2,2,1
"3255",702503078,1,1,0,0,1,0,1,0,0,0,0,0,0,0,0,16,0,2,2,1
"3256",702503084,1,1,0,0,1,0,1,0,0,0,0,0,0,0,0,17,0,2,2,1
"3257",702504006,1,1,0,0,1,0,1,0,0,0,0,0,0,0,1,16,0,2,2,1
"3258",702504011,1,1,0,0,1,0,1,0,0,0,0,0,0,0,1,16,0,2,2,1
"3259",702504012,1,1,0,0,1,0,1,0,0,0,0,0,0,0,1,16,0,2,2,1
"3260",702504034,1,1,0,0,1,0,1,0,0,0,0,0,0,0,1,15,0,2,2,1
"3261",702504039,1,1,0,0,1,0,1,0,0,0,0,0,0,0,1,17,0,2,2,1
"3262",702504074,1,1,0,0,1,0,1,0,0,0,0,0,0,0,1,15,0,2,2,1
"3263",705111288,1,1,0,0,1,0,0,1,0,0,0,0,0,0,0,11,0,2,2,1
"3264",705113106,1,1,0,0,1,0,0,1,0,0,0,0,0,0,0,16,0,2,2,1
"3265",705131299,1,1,0,0,1,0,0,1,0,0,0,0,0,0,0,11,0,2,2,3
"3266",705192232,1,1,0,0,1,0,0,1,0,0,0,0,0,0,1,11,0,1,1,1
"3267",705193110,1,1,0,0,1,0,0,1,0,0,0,0,0,0,0,17,0,2,2,1
"3268",705193143,1,1,0,0,1,0,0,1,0,0,0,0,0,0,0,17,0,2,2,1
"3269",705201189,1,1,0,0,1,0,0,1,0,0,0,0,0,0,0,10,0,2,2,1
"3270",705201202,1,1,0,0,1,0,0,1,0,0,0,0,0,0,0,10,0,2,2,1
"3271",705201222,1,1,0,0,1,0,0,1,0,0,0,0,0,0,0,10,0,2,2,1
"3272",705201289,1,1,0,0,1,0,0,1,0,0,0,0,0,0,0,11,0,2,2,1
"3273",705201296,1,1,0,0,1,0,0,1,0,0,0,0,0,0,0,11,0,2,2,1
"3274",705201325,1,1,0,0,1,0,0,1,0,0,0,0,0,0,0,11,0,2,2,1
"3275",705201330,1,1,0,0,1,0,0,1,0,0,0,0,0,0,0,12,0,1,1,1
"3276",705201331,1,1,0,0,1,0,0,1,0,0,0,0,0,0,0,11,0,2,2,1
"3277",705202198,1,1,0,0,1,0,0,1,0,0,0,0,0,0,1,10,0,2,2,1
"3278",705202220,1,1,0,0,1,0,0,1,0,0,0,0,0,0,1,10,0,2,2,1
"3279",705202228,1,1,0,0,1,0,0,1,0,0,0,0,0,0,1,11,0,1,1,1
"3280",705202229,1,1,0,0,1,0,0,1,0,0,0,0,0,0,1,11,0,2,2,1
"3281",705202234,1,1,0,0,1,0,0,1,0,0,0,0,0,0,1,11,0,2,2,1
"3282",705202250,1,1,0,0,1,0,0,1,0,0,0,0,0,0,1,10,0,2,2,1
"3283",705202251,1,1,0,0,1,0,0,1,0,0,0,0,0,0,1,11,0,2,2,1
"3284",705202252,1,1,0,0,1,0,0,1,0,0,0,0,0,0,1,11,0,1,1,1
"3285",705202254,1,1,0,0,1,0,0,1,0,0,0,0,0,0,1,11,0,2,2,1
"3286",705202258,1,1,0,0,1,0,0,1,0,0,0,0,0,0,1,10,0,2,2,1
"3287",705202287,1,1,0,0,1,0,0,1,0,0,0,0,0,0,1,11,1,2,2,1
"3288",705202291,1,1,0,0,1,0,0,1,0,0,0,0,0,0,1,12,0,2,2,1
"3289",705202298,1,1,0,0,1,0,0,1,0,0,0,0,0,0,1,11,0,2,2,1
"3290",705202311,1,1,0,0,1,0,0,1,0,0,0,0,0,0,1,11,0,2,2,1
"3291",705202322,1,1,0,0,1,0,0,1,0,0,0,0,0,0,1,10,0,2,2,1
"3292",705203092,1,1,0,0,1,0,0,1,0,0,0,0,0,0,0,17,0,2,2,1
"3293",705203098,1,1,0,0,1,0,0,1,0,0,0,0,0,0,0,17,0,2,2,1
"3294",705203128,1,1,0,0,1,0,0,1,0,0,0,0,0,0,0,16,0,2,2,1
"3295",705203138,1,1,0,0,1,0,0,1,0,0,0,0,0,0,0,17,0,2,2,1
"3296",705203146,1,1,0,0,1,0,0,1,0,0,0,0,0,0,0,17,0,2,2,1
"3297",705203152,1,1,0,0,1,0,0,1,0,0,0,0,0,0,0,16,0,2,2,2
"3298",705203156,1,1,0,0,1,0,0,1,0,0,0,0,0,0,0,15,0,2,2,1
"3299",705203158,1,1,0,0,1,0,0,1,0,0,0,0,0,0,0,15,0,1,2,1
"3300",705203193,1,1,0,0,1,0,0,1,0,0,0,0,0,0,0,16,0,2,2,1
"3301",705203197,1,1,0,0,1,0,0,1,0,0,0,0,0,0,0,16,0,2,2,1
"3302",705204114,1,1,0,0,1,0,0,1,0,0,0,0,0,0,1,17,0,2,2,1
"3303",705204125,1,1,0,0,1,0,0,1,0,0,0,0,0,0,1,16,0,2,2,3
"3304",705204128,1,1,0,0,1,0,0,1,0,0,0,0,0,0,1,16,0,2,2,1
"3305",705204140,1,1,0,0,1,0,0,1,0,0,0,0,0,0,1,16,0,2,2,1
"3306",705204143,1,1,0,0,1,0,0,1,0,0,0,0,0,0,1,17,0,2,2,1
"3307",705204154,1,1,0,0,1,0,0,1,0,0,0,0,0,0,1,15,0,1,2,1
"3308",705204169,1,1,0,0,1,0,0,1,0,0,0,0,0,0,1,16,0,2,2,1
"3309",705204173,1,1,0,0,1,0,0,1,0,0,0,0,0,0,1,15,0,2,2,1
"3310",705204184,1,1,0,0,1,0,0,1,0,0,0,0,0,0,1,17,0,2,2,3
"3311",705204191,1,1,0,0,1,0,0,1,0,0,0,0,0,0,1,17,0,2,2,1
"3312",705204196,1,1,0,0,1,0,0,1,0,0,0,0,0,0,1,16,0,2,2,1
"3313",705204199,1,1,0,0,1,0,0,1,0,0,0,0,0,0,1,15,0,2,2,1
"3314",705251226,1,1,0,0,1,0,0,1,0,0,0,0,0,0,0,12,0,2,2,1
"3315",705251269,1,1,0,0,1,0,0,1,0,0,0,0,0,0,0,12,0,2,2,2
"3316",705251284,1,1,0,0,1,0,0,1,0,0,0,0,0,0,0,12,0,2,2,1
"3317",705251313,1,1,0,0,1,0,0,1,0,0,0,0,0,0,0,11,0,2,2,2
"3318",705252207,1,1,0,0,1,0,0,1,0,0,0,0,0,0,1,11,0,2,2,1
"3319",705252224,1,1,0,0,1,0,0,1,0,0,0,0,0,0,1,12,0,2,2,1
"3320",705252245,1,1,0,0,1,0,0,1,0,0,0,0,0,0,1,12,0,2,2,1
"3321",705252273,1,1,0,0,1,0,0,1,0,0,0,0,0,0,1,10,0,2,2,1
"3322",705252306,1,1,0,0,1,0,0,1,0,0,0,0,0,0,1,11,0,2,2,1
"3323",705252313,1,1,0,0,1,0,0,1,0,0,0,0,0,0,1,11,0,2,2,1
"3324",705253090,1,1,0,0,1,0,0,1,0,0,0,0,0,0,0,15,0,2,2,1
"3325",705253116,1,1,0,0,1,0,0,1,0,0,0,0,0,0,0,17,0,2,2,2
"3326",705253122,1,1,0,0,1,0,0,1,0,0,0,0,0,0,0,17,0,2,2,1
"3327",705253135,1,1,0,0,1,0,0,1,0,0,0,0,0,0,0,16,0,2,2,1
"3328",705253149,1,1,0,0,1,0,0,1,0,0,0,0,0,0,0,16,0,2,2,2
"3329",705254144,1,1,0,0,1,0,0,1,0,0,0,0,0,0,1,16,0,2,2,1
"3330",705254181,1,1,0,0,1,0,0,1,0,0,0,0,0,0,1,16,0,2,2,1
"3331",705254188,1,1,0,0,1,0,0,1,0,0,0,0,0,0,1,17,0,4,1,1
"3332",705254194,1,1,0,0,1,0,0,1,0,0,0,0,0,0,1,17,0,2,2,1
"3333",705254201,1,1,0,0,1,0,0,1,0,0,0,0,0,0,1,17,0,2,2,1
"3334",705261210,1,1,0,0,1,0,0,1,0,0,0,0,0,0,0,12,0,2,2,1
"3335",705261230,1,1,0,0,1,0,0,1,0,0,0,0,0,0,0,12,0,2,2,1
"3336",705261259,1,1,0,0,1,0,0,1,0,0,0,0,0,0,0,10,0,2,2,1
"3337",705261268,1,1,0,0,1,0,0,1,0,0,0,0,0,0,0,11,0,1,1,1
"3338",705262256,1,1,0,0,1,0,0,1,0,0,0,0,0,0,1,12,0,1,1,1
"3339",705263154,1,1,0,0,1,0,0,1,0,0,0,0,0,0,0,16,0,2,2,1
"3340",705263165,1,1,0,0,1,0,0,1,0,0,0,0,0,0,0,16,0,2,2,1
"3341",705264185,1,1,0,0,1,0,0,1,0,0,0,0,0,0,1,16,0,2,2,1
"3342",705441188,1,1,0,0,1,0,0,1,0,0,0,0,0,0,0,11,0,2,2,1
"3343",705441190,1,1,0,0,1,0,0,1,0,0,0,0,0,0,0,11,0,2,2,1
"3344",705441196,1,1,0,0,1,0,0,1,0,0,0,0,0,0,0,12,0,2,2,1
"3345",705441199,1,1,0,0,1,0,0,1,0,0,0,0,0,0,0,12,0,2,2,1
"3346",705441200,1,1,0,0,1,0,0,1,0,0,0,0,0,0,0,12,0,2,2,1
"3347",705441205,1,1,0,0,1,0,0,1,0,0,0,0,0,0,0,12,0,2,2,1
"3348",705441206,1,1,0,0,1,0,0,1,0,0,0,0,0,0,0,13,1,2,2,1
"3349",705441209,1,1,0,0,1,0,0,1,0,0,0,0,0,0,0,12,0,2,2,1
"3350",705441211,1,1,0,0,1,0,0,1,0,0,0,0,0,0,0,11,0,2,2,1
"3351",705441215,1,1,0,0,1,0,0,1,0,0,0,0,0,0,0,11,0,2,2,1
"3352",705441232,1,1,0,0,1,0,0,1,0,0,0,0,0,0,0,11,0,2,2,2
"3353",705441236,1,1,0,0,1,0,0,1,0,0,0,0,0,0,0,10,0,2,2,1
"3354",705441239,1,1,0,0,1,0,0,1,0,0,0,0,0,0,0,12,0,2,3,1
"3355",705441240,1,1,0,0,1,0,0,1,0,0,0,0,0,0,0,11,0,2,2,1
"3356",705441243,1,1,0,0,1,0,0,1,0,0,0,0,0,0,0,11,0,2,2,1
"3357",705441249,1,1,0,0,1,0,0,1,0,0,0,0,0,0,0,11,0,2,2,1
"3358",705441256,1,1,0,0,1,0,0,1,0,0,0,0,0,0,0,11,0,2,2,1
"3359",705441257,1,1,0,0,1,0,0,1,0,0,0,0,0,0,0,12,0,2,2,1
"3360",705441258,1,1,0,0,1,0,0,1,0,0,0,0,0,0,0,11,0,2,2,1
"3361",705441260,1,1,0,0,1,0,0,1,0,0,0,0,0,0,0,12,0,2,2,1
"3362",705441263,1,1,0,0,1,0,0,1,0,0,0,0,0,0,0,10,0,2,2,1
"3363",705441276,1,1,0,0,1,0,0,1,0,0,0,0,0,0,0,12,0,2,2,1
"3364",705441277,1,1,0,0,1,0,0,1,0,0,0,0,0,0,0,11,0,2,2,1
"3365",705441278,1,1,0,0,1,0,0,1,0,0,0,0,0,0,0,12,0,2,2,1
"3366",705441281,1,1,0,0,1,0,0,1,0,0,0,0,0,0,0,12,0,2,2,2
"3367",705441283,1,1,0,0,1,0,0,1,0,0,0,0,0,0,0,12,0,2,2,1
"3368",705441285,1,1,0,0,1,0,0,1,0,0,0,0,0,0,0,11,0,2,1,1
"3369",705441287,1,1,0,0,1,0,0,1,0,0,0,0,0,0,0,12,0,2,2,1
"3370",705441294,1,1,0,0,1,0,0,1,0,0,0,0,0,0,0,11,0,2,2,1
"3371",705441298,1,1,0,0,1,0,0,1,0,0,0,0,0,0,0,10,0,2,2,1
"3372",705441300,1,1,0,0,1,0,0,1,0,0,0,0,0,0,0,12,0,2,2,1
"3373",705441303,1,1,0,0,1,0,0,1,0,0,0,0,0,0,0,12,0,2,2,1
"3374",705441304,1,1,0,0,1,0,0,1,0,0,0,0,0,0,0,12,0,2,2,1
"3375",705441305,1,1,0,0,1,0,0,1,0,0,0,0,0,0,0,11,0,2,2,1
"3376",705441317,1,1,0,0,1,0,0,1,0,0,0,0,0,0,0,10,0,3,1,1
"3377",705441318,1,1,0,0,1,0,0,1,0,0,0,0,0,0,0,11,0,2,2,1
"3378",705441322,1,1,0,0,1,0,0,1,0,0,0,0,0,0,0,13,0,2,2,1
"3379",705441323,1,1,0,0,1,0,0,1,0,0,0,0,0,0,0,12,0,2,2,1
"3380",705441326,1,1,0,0,1,0,0,1,0,0,0,0,0,0,0,10,0,2,2,1
"3381",705441333,1,1,0,0,1,0,0,1,0,0,0,0,0,0,0,11,0,2,2,1
"3382",705441334,1,1,0,0,1,0,0,1,0,0,0,0,0,0,0,12,0,2,2,1
"3383",705441335,1,1,0,0,1,0,0,1,0,0,0,0,0,0,0,11,0,2,2,1
"3384",705441336,1,1,0,0,1,0,0,1,0,0,0,0,0,0,0,11,0,2,2,1
"3385",705442195,1,1,0,0,1,0,0,1,0,0,0,0,0,0,1,11,0,2,2,1
"3386",705442196,1,1,0,0,1,0,0,1,0,0,0,0,0,0,1,11,0,2,2,1
"3387",705442201,1,1,0,0,1,0,0,1,0,0,0,0,0,0,1,11,0,2,2,1
"3388",705442202,1,1,0,0,1,0,0,1,0,0,0,0,0,0,1,11,0,2,2,1
"3389",705442212,1,1,0,0,1,0,0,1,0,0,0,0,0,0,1,11,0,2,2,1
"3390",705442213,1,1,0,0,1,0,0,1,0,0,0,0,0,0,1,10,0,2,2,1
"3391",705442218,1,1,0,0,1,0,0,1,0,0,0,0,0,0,1,12,0,2,2,1
"3392",705442221,1,1,0,0,1,0,0,1,0,0,0,0,0,0,1,11,0,2,2,1
"3393",705442225,1,1,0,0,1,0,0,1,0,0,0,0,0,0,1,12,0,2,2,1
"3394",705442226,1,1,0,0,1,0,0,1,0,0,0,0,0,0,1,11,0,2,2,1
"3395",705442230,1,1,0,0,1,0,0,1,0,0,0,0,0,0,1,11,0,2,2,1
"3396",705442253,1,1,0,0,1,0,0,1,0,0,0,0,0,0,1,11,0,2,2,1
"3397",705442262,1,1,0,0,1,0,0,1,0,0,0,0,0,0,1,12,0,2,2,2
"3398",705442268,1,1,0,0,1,0,0,1,0,0,0,0,0,0,1,11,0,2,2,1
"3399",705442269,1,1,0,0,1,0,0,1,0,0,0,0,0,0,1,11,0,2,2,1
"3400",705442275,1,1,0,0,1,0,0,1,0,0,0,0,0,0,1,12,0,2,2,1
"3401",705442293,1,1,0,0,1,0,0,1,0,0,0,0,0,0,1,12,0,2,2,1
"3402",705442294,1,1,0,0,1,0,0,1,0,0,0,0,0,0,1,12,0,2,2,1
"3403",705442299,1,1,0,0,1,0,0,1,0,0,0,0,0,0,1,10,0,2,2,1
"3404",705442300,1,1,0,0,1,0,0,1,0,0,0,0,0,0,1,12,0,2,2,1
"3405",705442302,1,1,0,0,1,0,0,1,0,0,0,0,0,0,1,12,0,2,2,1
"3406",705442308,1,1,0,0,1,0,0,1,0,0,0,0,0,0,1,10,0,2,2,1
"3407",705442310,1,1,0,0,1,0,0,1,0,0,0,0,0,0,1,11,0,2,2,2
"3408",705442316,1,1,0,0,1,0,0,1,0,0,0,0,0,0,1,10,0,2,2,1
"3409",705442320,1,1,0,0,1,0,0,1,0,0,0,0,0,0,1,11,0,2,2,1
"3410",705443094,1,1,0,0,1,0,0,1,0,0,0,0,0,0,0,17,0,2,2,1
"3411",705443095,1,1,0,0,1,0,0,1,0,0,0,0,0,0,0,16,0,2,2,1
"3412",705443096,1,1,0,0,1,0,0,1,0,0,0,0,0,0,0,16,0,2,2,2
"3413",705443100,1,1,0,0,1,0,0,1,0,0,0,0,0,0,0,16,0,2,2,1
"3414",705443103,1,1,0,0,1,0,0,1,0,0,0,0,0,0,0,16,0,2,2,1
"3415",705443104,1,1,0,0,1,0,0,1,0,0,0,0,0,0,0,18,0,2,2,2
"3416",705443105,1,1,0,0,1,0,0,1,0,0,0,0,0,0,0,16,0,2,2,3
"3417",705443108,1,1,0,0,1,0,0,1,0,0,0,0,0,0,0,16,0,2,2,1
"3418",705443111,1,1,0,0,1,0,0,1,0,0,0,0,0,0,0,15,0,2,2,1
"3419",705443117,1,1,0,0,1,0,0,1,0,0,0,0,0,0,0,18,0,2,2,1
"3420",705443126,1,1,0,0,1,0,0,1,0,0,0,0,0,0,0,16,0,2,2,1
"3421",705443127,1,1,0,0,1,0,0,1,0,0,0,0,0,0,0,15,0,2,2,1
"3422",705443129,1,1,0,0,1,0,0,1,0,0,0,0,0,0,0,16,0,2,2,1
"3423",705443131,1,1,0,0,1,0,0,1,0,0,0,0,0,0,0,17,0,2,2,1
"3424",705443132,1,1,0,0,1,0,0,1,0,0,0,0,0,0,0,16,0,2,2,2
"3425",705443134,1,1,0,0,1,0,0,1,0,0,0,0,0,0,0,17,0,1,1,1
"3426",705443139,1,1,0,0,1,0,0,1,0,0,0,0,0,0,0,17,0,2,2,1
"3427",705443144,1,1,0,0,1,0,0,1,0,0,0,0,0,0,0,16,0,2,2,1
"3428",705443155,1,1,0,0,1,0,0,1,0,0,0,0,0,0,0,16,0,2,2,1
"3429",705443167,1,1,0,0,1,0,0,1,0,0,0,0,0,0,0,15,0,2,2,1
"3430",705443168,1,1,0,0,1,0,0,1,0,0,0,0,0,0,0,16,0,2,2,2
"3431",705443172,1,1,0,0,1,0,0,1,0,0,0,0,0,0,0,16,0,2,2,1
"3432",705443174,1,1,0,0,1,0,0,1,0,0,0,0,0,0,0,16,0,2,2,1
"3433",705443175,1,1,0,0,1,0,0,1,0,0,0,0,0,0,0,17,0,2,2,1
"3434",705443176,1,1,0,0,1,0,0,1,0,0,0,0,0,0,0,16,0,2,2,1
"3435",705443181,1,1,0,0,1,0,0,1,0,0,0,0,0,0,0,16,0,2,2,1
"3436",705443182,1,1,0,0,1,0,0,1,0,0,0,0,0,0,0,15,0,2,2,1
"3437",705443184,1,1,0,0,1,0,0,1,0,0,0,0,0,0,0,16,0,2,2,1
"3438",705443186,1,1,0,0,1,0,0,1,0,0,0,0,0,0,0,18,0,2,2,1
"3439",705443188,1,1,0,0,1,0,0,1,0,0,0,0,0,0,0,15,0,2,2,1
"3440",705443200,1,1,0,0,1,0,0,1,0,0,0,0,0,0,0,17,0,2,2,1
"3441",705443203,1,1,0,0,1,0,0,1,0,0,0,0,0,0,0,17,0,2,3,1
"3442",705443204,1,1,0,0,1,0,0,1,0,0,0,0,0,0,0,17,0,2,2,1
"3443",705443206,1,1,0,0,1,0,0,1,0,0,0,0,0,0,0,18,0,2,2,1
"3444",705443208,1,1,0,0,1,0,0,1,0,0,0,0,0,0,0,18,0,2,2,1
"3445",705443210,1,1,0,0,1,0,0,1,0,0,0,0,0,0,0,18,0,2,2,1
"3446",705444078,1,1,0,0,1,0,0,1,0,0,0,0,0,0,1,16,0,2,2,1
"3447",705444085,1,1,0,0,1,0,0,1,0,0,0,0,0,0,1,17,0,2,2,1
"3448",705444089,1,1,0,0,1,0,0,1,0,0,0,0,0,0,1,17,0,2,2,1
"3449",705444092,1,1,0,0,1,0,0,1,0,0,0,0,0,0,1,16,0,2,2,1
"3450",705444100,1,1,0,0,1,0,0,1,0,0,0,0,0,0,1,17,0,2,2,1
"3451",705444102,1,1,0,0,1,0,0,1,0,0,0,0,0,0,1,17,0,2,2,1
"3452",705444103,1,1,0,0,1,0,0,1,0,0,0,0,0,0,1,16,0,2,2,1
"3453",705444107,1,1,0,0,1,0,0,1,0,0,0,0,0,0,1,17,0,2,2,1
"3454",705444112,1,1,0,0,1,0,0,1,0,0,0,0,0,0,1,17,0,2,2,1
"3455",705444120,1,1,0,0,1,0,0,1,0,0,0,0,0,0,1,17,0,2,2,1
"3456",705444123,1,1,0,0,1,0,0,1,0,0,0,0,0,0,1,16,0,2,2,1
"3457",705444127,1,1,0,0,1,0,0,1,0,0,0,0,0,0,1,18,0,2,2,1
"3458",705444132,1,1,0,0,1,0,0,1,0,0,0,0,0,0,1,17,0,2,2,1
"3459",705444135,1,1,0,0,1,0,0,1,0,0,0,0,0,0,1,17,0,2,2,1
"3460",705444136,1,1,0,0,1,0,0,1,0,0,0,0,0,0,1,16,0,2,2,1
"3461",705444139,1,1,0,0,1,0,0,1,0,0,0,0,0,0,1,16,0,2,2,1
"3462",705444146,1,1,0,0,1,0,0,1,0,0,0,0,0,0,1,17,0,2,2,2
"3463",705444149,1,1,0,0,1,0,0,1,0,0,0,0,0,0,1,15,0,2,2,1
"3464",705444155,1,1,0,0,1,0,0,1,0,0,0,0,0,0,1,15,0,2,2,1
"3465",705444156,1,1,0,0,1,0,0,1,0,0,0,0,0,0,1,16,0,1,1,1
"3466",705444159,1,1,0,0,1,0,0,1,0,0,0,0,0,0,1,17,0,2,2,2
"3467",705444167,1,1,0,0,1,0,0,1,0,0,0,0,0,0,1,17,0,2,2,1
"3468",705444178,1,1,0,0,1,0,0,1,0,0,0,0,0,0,1,17,0,2,2,1
"3469",705444179,1,1,0,0,1,0,0,1,0,0,0,0,0,0,1,17,0,2,2,1
"3470",705444183,1,1,0,0,1,0,0,1,0,0,0,0,0,0,1,17,0,2,2,1
"3471",705444187,1,1,0,0,1,0,0,1,0,0,0,0,0,0,1,15,0,2,2,1
"3472",705444206,1,1,0,0,1,0,0,1,0,0,0,0,0,0,1,15,0,1,1,2
"3473",705444207,1,1,0,0,1,0,0,1,0,0,0,0,0,0,1,17,0,2,2,1
"3474",705444211,1,1,0,0,1,0,0,1,0,0,0,0,0,0,1,15,0,2,2,1
"3475",705444214,1,1,0,0,1,0,0,1,0,0,0,0,0,0,1,18,0,2,2,1
"3476",706691398,1,1,0,0,1,0,0,0,1,0,0,0,0,0,0,12,0,1,1,1
"3477",706691401,1,1,0,0,1,0,0,0,1,0,0,0,0,0,0,10,0,2,2,2
"3478",706691404,1,1,0,0,1,0,0,0,1,0,0,0,0,0,0,12,0,2,2,1
"3479",706692403,1,1,0,0,1,0,0,0,1,0,0,0,0,0,1,12,0,1,1,1
"3480",706692404,1,1,0,0,1,0,0,0,1,0,0,0,0,0,1,12,0,2,2,1
"3481",706692405,1,1,0,0,1,0,0,0,1,0,0,0,0,0,1,11,0,2,2,1
"3482",706692406,1,1,0,0,1,0,0,0,1,0,0,0,0,0,1,11,0,2,2,1
"3483",706692408,1,1,0,0,1,0,0,0,1,0,0,0,0,0,1,11,0,2,2,1
"3484",706692410,1,0,0,0,1,0,0,0,1,0,0,0,0,0,1,12,0,1,NA,NA
"3485",706692412,1,1,0,0,1,0,0,0,1,0,0,0,0,0,1,12,0,2,2,1
"3486",706692413,1,1,0,0,1,0,0,0,1,0,0,0,0,0,1,11,0,2,2,1
"3487",706692415,1,1,0,0,1,0,0,0,1,0,0,0,0,0,1,11,0,1,1,1
"3488",706692417,1,1,0,0,1,0,0,0,1,0,0,0,0,0,1,13,0,1,1,1
"3489",706692418,1,1,0,0,1,0,0,0,1,0,0,0,0,0,1,12,0,2,2,1
"3490",706692419,1,1,0,0,1,0,0,0,1,0,0,0,0,0,1,11,0,2,2,1
"3491",706693267,1,1,0,0,1,0,0,0,1,0,0,0,0,0,0,15,0,2,1,1
"3492",706694215,1,1,0,0,1,0,0,0,1,0,0,0,0,0,1,16,0,2,2,1
"3493",706694216,1,1,0,0,1,0,0,0,1,0,0,0,0,0,1,16,0,2,2,1
"3494",710321191,1,1,0,0,1,0,0,0,0,1,0,0,0,0,0,12,0,2,2,1
"3495",710321194,1,1,0,0,1,0,0,0,0,1,0,0,0,0,0,11,0,2,2,1
"3496",710321195,1,1,0,0,1,0,0,0,0,1,0,0,0,0,0,11,0,2,2,1
"3497",710321218,1,1,0,0,1,0,0,0,0,1,0,0,0,0,0,12,0,2,2,1
"3498",710321229,1,1,0,0,1,0,0,0,0,1,0,0,0,0,0,10,0,2,2,1
"3499",710321238,1,1,0,0,1,0,0,0,0,1,0,0,0,0,0,12,0,2,2,1
"3500",710321247,1,1,0,0,1,0,0,0,0,1,0,0,0,0,0,11,0,4,1,1
"3501",710321265,1,1,0,0,1,0,0,0,0,1,0,0,0,0,0,10,0,2,2,1
"3502",710321266,1,1,0,0,1,0,0,0,0,1,0,0,0,0,0,11,0,2,2,1
"3503",710321267,1,1,0,0,1,0,0,0,0,1,0,0,0,0,0,12,0,2,2,1
"3504",710321275,1,1,0,0,1,0,0,0,0,1,0,0,0,0,0,10,0,2,2,1
"3505",710321286,1,1,0,0,1,0,0,0,0,1,0,0,0,0,0,12,0,2,2,1
"3506",710321290,1,1,0,0,1,0,0,0,0,1,0,0,0,0,0,12,0,2,2,1
"3507",710321301,1,1,0,0,1,0,0,0,0,1,0,0,0,0,0,12,0,2,2,1
"3508",710321309,1,1,0,0,1,0,0,0,0,1,0,0,0,0,0,11,0,2,2,1
"3509",710321316,1,1,0,0,1,0,0,0,0,1,0,0,0,0,0,10,0,2,2,1
"3510",710322205,1,1,0,0,1,0,0,0,0,1,0,0,0,0,1,12,0,2,2,1
"3511",710322240,1,1,1,0,1,0,0,0,0,1,0,0,0,0,1,11,0,2,2,1
"3512",710322242,1,1,0,0,1,0,0,0,0,1,0,0,0,0,1,12,0,2,2,1
"3513",710322246,1,1,0,0,1,0,0,0,0,1,0,0,0,0,1,11,0,2,2,1
"3514",710322248,1,1,1,0,1,0,0,0,0,1,0,0,0,0,1,12,0,2,2,1
"3515",710322261,1,1,0,0,1,0,0,0,0,1,0,0,0,0,1,11,0,2,2,1
"3516",710322265,1,1,0,0,1,0,0,0,0,1,0,0,0,0,1,12,0,2,2,1
"3517",710322271,1,1,0,0,1,0,0,0,0,1,0,0,0,0,1,12,0,2,2,1
"3518",710322277,1,1,0,0,1,0,0,0,0,1,0,0,0,0,1,11,0,2,2,1
"3519",710322281,1,1,0,0,1,0,0,0,0,1,0,0,0,0,1,11,0,2,2,1
"3520",710322295,1,1,0,0,1,0,0,0,0,1,0,0,0,0,1,12,0,2,2,1
"3521",710322315,1,1,0,0,1,0,0,0,0,1,0,0,0,0,1,12,0,2,2,1
"3522",710322324,1,1,0,0,1,0,0,0,0,1,0,0,0,0,1,12,0,2,2,1
"3523",710322368,1,1,1,0,1,0,0,0,0,1,0,0,0,0,1,13,0,1,1,1
"3524",710323101,1,1,0,0,1,0,0,0,0,1,0,0,0,0,0,15,0,2,2,1
"3525",710323121,1,1,0,0,1,0,0,0,0,1,0,0,0,0,0,16,0,2,2,1
"3526",710323157,1,1,0,0,1,0,0,0,0,1,0,0,0,0,0,16,0,2,2,1
"3527",710323162,1,1,0,0,1,0,0,0,0,1,0,0,0,0,0,17,0,2,2,1
"3528",710323163,1,1,0,0,1,0,0,0,0,1,0,0,0,0,0,17,0,2,2,1
"3529",710323164,1,1,0,0,1,0,0,0,0,1,0,0,0,0,0,17,0,2,2,1
"3530",710323173,1,1,0,0,1,0,0,0,0,1,0,0,0,0,0,16,0,2,2,1
"3531",710323183,1,1,0,0,1,0,0,0,0,1,0,0,0,0,0,15,0,2,2,1
"3532",710323185,1,1,0,0,1,0,0,0,0,1,0,0,0,0,0,16,0,2,2,1
"3533",710323196,1,1,0,0,1,0,0,0,0,1,0,0,0,0,0,15,0,2,2,1
"3534",710323209,1,1,0,0,1,0,0,0,0,1,0,0,0,0,0,16,0,2,2,1
"3535",710324077,1,1,0,0,1,0,0,0,0,1,0,0,0,0,1,15,0,2,2,1
"3536",710324080,1,1,0,0,1,0,0,0,0,1,0,0,0,0,1,17,0,2,2,1
"3537",710324083,1,1,0,0,1,0,0,0,0,1,0,0,0,0,1,17,0,2,2,1
"3538",710324086,1,1,0,0,1,0,0,0,0,1,0,0,0,0,1,16,0,2,1,1
"3539",710324091,1,1,0,0,1,0,0,0,0,1,0,0,0,0,1,16,0,2,2,1
"3540",710324109,1,1,0,0,1,0,0,0,0,1,0,0,0,0,1,17,0,2,2,1
"3541",710324117,1,1,0,0,1,0,0,0,0,1,0,0,0,0,1,17,0,4,4,1
"3542",710324119,1,1,0,0,1,0,0,0,0,1,0,0,0,0,1,16,0,2,2,1
"3543",710324171,1,1,0,0,1,0,0,0,0,1,0,0,0,0,1,17,0,2,2,1
"3544",710324192,1,1,0,0,1,0,0,0,0,1,0,0,0,0,1,17,0,2,2,3
"3545",710324195,1,1,0,0,1,0,0,0,0,1,0,0,0,0,1,16,0,1,1,1
"3546",710324210,1,1,0,0,1,0,0,0,0,1,0,0,0,0,1,17,0,1,1,1
"3547",710361198,1,1,0,0,1,0,0,0,0,1,0,0,0,0,0,10,0,2,2,1
"3548",710361203,1,1,0,0,1,0,0,0,0,1,0,0,0,0,0,12,0,2,2,1
"3549",710362200,1,1,0,0,1,0,0,0,0,1,0,0,0,0,1,12,0,2,2,1
"3550",710362208,1,1,0,0,1,0,0,0,0,1,0,0,0,0,1,11,0,2,2,1
"3551",710362244,1,1,0,0,1,0,1,0,0,0,0,0,0,0,1,10,0,2,2,1
"3552",710362257,1,1,0,0,1,0,0,0,0,1,0,0,0,0,1,11,0,2,2,1
"3553",710362274,1,1,0,0,1,0,0,0,0,1,0,0,0,0,1,10,0,2,2,1
"3554",710362297,1,1,0,0,1,0,0,0,0,1,0,0,0,0,1,11,0,2,2,1
"3555",710362305,1,1,0,0,1,0,0,0,0,1,0,0,0,0,1,12,0,2,2,1
"3556",710363097,1,1,0,0,1,0,0,0,0,1,0,0,0,0,0,16,0,2,2,1
"3557",710363151,1,1,0,0,1,0,0,0,0,1,0,0,0,0,0,17,0,2,2,1
"3558",710364097,1,1,0,0,1,0,0,0,0,1,0,0,0,0,1,17,0,2,2,1
"3559",710364104,1,1,0,0,1,0,0,0,0,1,0,0,0,0,1,15,0,2,2,1
"3560",710364122,1,1,0,0,1,0,0,0,0,1,0,0,0,0,1,16,0,2,2,1
"3561",710364148,1,1,0,0,1,0,0,0,0,1,0,0,0,0,1,18,0,2,2,1
"3562",710364157,1,1,0,0,1,0,0,0,0,1,0,0,0,0,1,16,0,2,2,1
"3563",710511214,1,1,0,0,1,0,0,0,0,1,0,0,0,0,0,11,0,2,2,1
"3564",710511216,1,1,0,0,1,0,0,0,0,1,0,0,0,0,0,11,0,2,2,1
"3565",710511220,1,1,0,0,1,0,0,0,0,1,0,0,0,0,0,10,0,2,2,1
"3566",710511235,1,1,0,0,1,0,0,0,0,1,0,0,0,0,0,10,0,2,2,1
"3567",710511250,1,1,0,0,1,0,0,0,0,1,0,0,0,0,0,10,0,2,2,1
"3568",710511261,1,1,0,0,1,0,0,0,0,1,0,0,0,0,0,13,0,2,2,1
"3569",710511264,1,1,0,0,1,0,0,0,0,1,0,0,0,0,0,12,0,2,2,1
"3570",710511282,1,1,0,0,1,0,0,0,0,1,0,0,0,0,0,11,0,2,2,1
"3571",710511292,1,1,0,0,1,0,0,0,0,1,0,0,0,0,0,10,0,2,2,1
"3572",710512193,1,1,0,0,1,0,0,0,0,1,0,0,0,0,1,10,0,2,2,1
"3573",710512194,1,1,0,0,1,0,0,0,0,1,0,0,0,0,1,10,0,2,2,1
"3574",710512206,1,1,0,0,1,0,0,0,0,1,0,0,0,0,1,11,0,2,2,1
"3575",710512214,1,1,0,0,1,0,0,0,0,1,0,0,0,0,1,10,0,2,2,1
"3576",710512215,1,1,0,0,1,0,0,0,0,1,0,0,0,0,1,11,0,2,2,1
"3577",710512260,1,1,0,0,1,0,0,0,0,1,0,0,0,0,1,10,0,2,2,1
"3578",710512267,1,1,0,0,1,0,0,0,0,1,0,0,0,0,1,11,0,2,2,1
"3579",710513115,1,1,0,0,1,0,0,0,0,1,0,0,0,0,0,16,0,2,2,1
"3580",710513124,1,1,0,0,1,0,0,0,0,1,0,0,0,0,0,15,0,2,2,1
"3581",710513169,1,1,0,0,1,0,0,0,0,1,0,0,0,0,0,16,0,2,2,1
"3582",710513177,1,1,0,0,1,0,0,0,0,1,0,0,0,0,0,16,0,2,2,1
"3583",710513180,1,1,0,0,1,0,0,0,0,1,0,0,0,0,0,17,0,2,2,1
"3584",710513191,1,1,0,0,1,0,0,0,0,1,0,0,0,0,0,16,0,2,2,1
"3585",710513195,1,1,0,0,1,0,0,0,0,1,0,0,0,0,0,15,0,2,2,1
"3586",710514133,1,1,0,0,1,0,0,0,0,1,0,0,0,0,1,15,0,2,2,1
"3587",710514174,1,1,0,0,1,0,0,0,0,1,0,0,0,0,1,16,0,2,2,1
"3588",710514176,1,1,0,0,1,0,0,0,0,1,0,0,0,0,1,16,0,2,2,1
"3589",800000001,1,1,1,0,1,0,1,0,0,0,0,0,0,0,1,18,0,2,2,3
"3590",800000002,1,1,1,0,1,0,1,0,0,0,0,0,0,0,1,13,0,2,2,3
"3591",800000003,1,1,1,0,1,0,1,0,0,0,0,0,0,0,1,18,0,2,2,3
"3592",800000004,1,1,1,0,1,0,1,0,0,0,0,0,0,0,1,16,0,2,2,2
"3593",800000005,1,1,1,0,1,0,0,0,0,1,0,0,0,0,1,16,0,2,2,1
"3594",800000006,1,1,1,0,1,0,1,0,0,0,0,0,0,0,1,11,0,1,1,1
"3595",800000008,1,1,1,0,1,0,1,0,0,0,0,0,0,0,0,11,0,2,2,1
"3596",800000014,1,1,1,0,1,0,0,0,0,1,0,0,0,0,1,16,0,1,1,1
"3597",800000020,1,1,1,0,1,0,0,0,0,1,0,0,0,0,0,17,0,2,2,1
"3598",800000021,1,1,1,0,1,0,0,1,0,0,0,0,0,0,1,15,0,2,2,1
"3599",800000025,0,1,1,0,1,0,0,0,1,0,0,0,0,0,0,11,0,NA,3,1
"3600",800000026,1,1,1,0,1,0,0,0,1,0,0,0,0,0,1,16,0,3,3,2
"3601",800000027,1,1,1,0,1,0,0,0,1,0,0,0,0,0,1,13,0,3,3,3
"3602",800000028,1,1,1,0,1,0,0,0,1,0,0,0,0,0,1,14,0,3,3,1
"3603",800000029,1,1,1,0,1,0,1,0,0,0,0,0,0,0,0,18,0,1,1,1
"3604",800000030,1,1,1,0,1,0,0,0,1,0,0,0,0,0,1,17,0,3,3,1
"3605",800000035,1,1,1,0,1,0,0,1,0,0,0,0,0,0,0,18,0,2,2,1
"3606",800000036,1,1,1,0,1,0,0,1,0,0,0,0,0,0,0,16,1,2,2,1
"3607",800000037,1,1,1,0,1,0,1,0,0,0,0,0,0,0,0,11,0,1,1,1
"3608",800000038,1,1,1,0,1,0,0,0,0,1,0,0,0,0,0,17,0,2,2,1
"3609",800000040,1,1,1,0,1,0,0,0,0,1,0,0,0,0,1,16,1,2,2,1
"3610",800000056,1,1,1,1,0,0,0,0,0,0,0,0,0,1,1,13,0,3,3,1
"3611",800000057,1,1,1,1,0,0,0,0,0,0,0,0,0,1,1,12,0,3,3,1
"3612",800000059,1,1,1,0,1,0,0,0,0,1,0,0,0,0,0,17,0,1,1,1
"3613",800000060,1,1,1,0,1,0,0,1,0,0,0,0,0,0,1,17,0,2,2,1
"3614",800000064,0,1,1,0,1,0,0,0,0,1,0,0,0,0,0,11,0,NA,2,1
"3615",800000067,1,1,1,0,1,0,0,0,0,1,0,0,0,0,1,17,0,1,1,1
"3616",800000080,1,1,1,1,0,0,0,0,0,0,0,1,0,0,1,17,0,2,2,3
"3617",800000082,1,1,1,1,0,0,0,0,0,0,0,1,0,0,1,17,0,2,2,1
"3618",800000083,1,1,1,1,0,0,0,0,0,0,0,1,0,0,1,17,0,2,2,1
"3619",800000100,1,1,1,0,1,0,0,1,0,0,0,0,0,0,1,11,0,2,2,1
"3620",800000101,1,1,1,0,1,0,1,0,0,0,0,0,0,0,1,17,0,2,2,1
"3621",800000102,1,1,1,0,1,0,0,0,0,1,0,0,0,0,1,10,1,2,2,2
"3622",800000103,1,1,1,0,1,0,0,0,0,1,0,0,0,0,1,17,0,2,2,1
"3623",800000105,1,1,1,1,0,0,0,0,0,0,0,0,0,1,0,10,0,3,3,1
"3624",800000106,1,1,1,1,0,0,0,0,0,0,0,0,0,1,1,12,0,3,1,1
"3625",800000110,1,1,1,1,0,0,0,0,0,0,0,0,0,1,1,12,0,3,3,1
"3626",800000113,1,1,1,0,1,0,1,0,0,0,0,0,0,0,0,11,0,1,1,1
"3627",800000115,0,1,1,1,0,0,0,0,0,0,0,0,0,1,0,15,0,NA,3,1
"3628",800000117,1,1,0,1,0,0,0,0,0,0,0,0,0,1,0,12,0,3,3,1
"3629",800000119,1,1,0,1,0,0,0,0,0,0,0,0,0,1,1,13,0,3,3,1
"3630",800000120,1,1,0,1,0,0,0,0,0,0,0,0,0,1,0,10,0,3,3,1
"3631",800000125,1,1,1,0,1,0,0,0,0,0,1,0,0,0,1,17,0,2,2,1
"3632",800000126,1,1,1,0,1,0,0,0,0,0,1,0,0,0,1,16,0,2,2,3
"3633",800000127,1,1,1,0,1,0,0,0,0,0,1,0,0,0,1,15,0,2,2,3
"3634",800000128,1,1,1,0,1,0,0,0,0,0,1,0,0,0,1,17,0,2,2,1
"3635",800000129,1,1,1,0,1,0,0,0,0,0,1,0,0,0,1,15,0,2,2,3
"3636",800000130,0,1,1,0,1,0,0,0,0,0,1,0,0,0,1,18,0,NA,2,1
"3637",800000131,1,1,1,0,1,0,0,0,0,1,0,0,0,0,1,17,0,2,2,3
"3638",800000132,1,1,1,0,1,0,0,0,0,1,0,0,0,0,1,17,0,2,2,3
"3639",800000133,1,1,1,0,1,0,0,0,0,1,0,0,0,0,1,17,0,2,2,3
"3640",800000134,1,1,1,0,1,0,0,0,0,1,0,0,0,0,1,17,0,2,2,3
"3641",800000135,1,1,1,0,1,0,0,0,0,1,0,0,0,0,1,17,0,2,2,3
"3642",800000136,1,1,1,0,1,0,0,0,0,0,1,0,0,0,1,15,0,2,2,3
"3643",800000137,1,1,1,0,1,0,0,0,0,0,1,0,0,0,1,17,0,2,2,3
"3644",800000139,1,1,1,0,1,0,0,0,0,0,1,0,0,0,1,17,0,2,2,1
"3645",800000140,1,1,1,0,1,0,0,0,0,1,0,0,0,0,1,17,0,2,2,3
"3646",800000141,1,1,1,0,1,0,0,0,0,1,0,0,0,0,1,13,0,2,2,1
"3647",800000142,1,1,1,0,1,0,0,0,0,0,1,0,0,0,1,16,0,2,2,3
"3648",800000143,1,1,1,0,1,0,0,0,0,1,0,0,0,0,1,16,0,2,2,1
"3649",800000145,1,1,1,0,1,0,0,0,0,0,1,0,0,0,1,17,1,2,2,3
"3650",800000146,1,1,1,0,1,0,0,0,0,0,1,0,0,0,1,16,0,2,2,3
"3651",800000147,1,1,1,0,1,0,0,0,0,0,1,0,0,0,1,13,1,2,2,1
"3652",800000148,1,1,1,0,1,0,0,0,0,1,0,0,0,0,1,18,0,2,2,3
"3653",800000149,1,1,1,0,1,0,0,0,0,1,0,0,0,0,1,17,0,2,2,1
"3654",800000150,1,1,1,0,1,0,0,0,0,1,0,0,0,0,1,17,0,1,1,1
"3655",800000151,1,1,1,0,1,0,0,0,0,0,1,0,0,0,1,17,0,2,2,3
"3656",800000152,1,1,1,0,1,0,0,0,0,0,1,0,0,0,1,16,0,2,2,3
"3657",800000153,1,1,1,0,1,0,0,0,0,0,1,0,0,0,1,16,0,2,2,3
"3658",800000154,1,1,1,0,1,0,1,0,0,0,0,0,0,0,1,15,0,2,2,3
"3659",800000155,1,1,1,0,1,0,0,0,0,0,1,0,0,0,1,17,0,2,2,3
"3660",800000156,1,1,1,0,1,0,0,0,0,0,1,0,0,0,1,16,0,2,2,1
"3661",800000157,1,1,1,0,1,0,0,0,0,1,0,0,0,0,1,16,0,2,2,1
"3662",800000158,1,1,1,0,1,0,0,0,0,0,1,0,0,0,1,17,0,2,2,2
"3663",800000159,1,1,1,0,1,0,0,0,0,0,1,0,0,0,1,15,0,1,1,3
"3664",800000160,1,1,1,0,1,0,0,0,0,0,1,0,0,0,1,13,1,2,2,1
"3665",800000161,1,1,1,0,1,0,0,0,0,0,1,0,0,0,1,16,0,2,2,1
"3666",800000165,1,1,1,0,1,0,0,0,0,1,0,0,0,0,1,16,0,2,2,3
"3667",800000166,1,1,1,0,1,0,0,0,0,1,0,0,0,0,1,17,0,2,2,1
"3668",800000167,1,1,1,0,1,0,0,0,0,1,0,0,0,0,1,17,0,2,2,3
"3669",800000168,1,1,1,0,1,0,0,0,0,1,0,0,0,0,1,17,0,2,2,1
"3670",800000169,1,1,1,0,1,0,0,0,0,1,0,0,0,0,1,18,0,2,2,1
"3671",800000170,1,1,1,0,1,0,0,0,0,1,0,0,0,0,1,16,0,2,2,1
"3672",800000172,1,1,1,0,1,0,0,0,0,1,0,0,0,0,1,13,0,2,2,3
"3673",800000173,1,1,1,0,1,0,0,0,0,1,0,0,0,0,1,18,0,2,2,3
"3674",800000174,1,1,1,0,1,0,0,0,0,1,0,0,0,0,1,17,0,2,2,1
"3675",800000175,1,1,1,0,1,0,0,0,0,1,0,0,0,0,1,18,0,2,2,1
"3676",800000176,1,1,1,0,1,0,0,0,0,0,1,0,0,0,1,17,0,2,2,1
"3677",800000178,1,1,1,0,1,0,0,0,0,1,0,0,0,0,1,16,0,2,2,1
"3678",800000179,1,1,1,0,1,0,0,0,0,1,0,0,0,0,1,16,0,1,1,2
"3679",800000200,1,1,0,1,0,0,0,0,0,0,0,0,1,0,0,13,0,2,2,1
"3680",800000201,1,1,0,1,0,0,0,0,0,0,0,0,1,0,0,13,0,2,2,1
"3681",800000203,1,0,0,1,0,0,0,0,0,0,0,0,1,0,1,10,0,2,NA,NA
"3682",800000204,1,1,0,1,0,0,0,0,0,0,0,0,1,0,1,12,0,2,2,1
"3683",800000210,1,1,1,1,0,0,0,0,0,0,0,0,1,0,1,17,0,2,2,1
"3684",800000211,1,1,1,1,0,0,0,0,0,0,0,0,1,0,1,17,0,2,2,1
"3685",800000212,1,1,1,1,0,0,0,0,0,0,0,0,1,0,1,17,0,2,2,1
"3686",800000213,1,1,1,1,0,0,0,0,0,0,0,0,1,0,1,16,0,2,2,3
"3687",800000214,1,1,1,1,0,0,0,0,0,0,0,0,1,0,1,16,0,2,2,1
"3688",800000217,1,1,1,1,0,0,0,0,0,0,0,0,1,0,1,17,0,2,2,3
"3689",800000220,1,1,1,1,0,0,0,0,0,0,0,0,1,0,1,16,1,2,2,1
"3690",800000221,1,1,1,1,0,0,0,0,0,0,0,0,1,0,1,16,0,2,2,1
"3691",800000222,1,0,1,1,0,0,0,0,0,0,0,0,1,0,1,17,0,2,NA,NA
"3692",800000223,1,1,1,1,0,0,0,0,0,0,0,0,1,0,1,16,0,2,2,1
"3693",800000224,1,1,1,1,0,0,0,0,0,0,0,0,1,0,1,15,0,2,2,1
"3694",800000301,1,1,1,0,1,0,0,0,0,1,0,0,0,0,1,18,0,2,2,4
"3695",800000304,1,1,1,0,1,0,0,1,0,0,0,0,0,0,1,18,0,2,2,4
"3696",800000305,1,1,1,0,1,0,0,0,0,1,0,0,0,0,1,15,1,2,2,1
"3697",800000306,1,1,1,0,1,0,0,0,0,1,0,0,0,0,1,18,0,2,2,1
"3698",800000309,1,1,1,0,1,0,0,0,0,1,0,0,0,0,1,18,0,2,2,3
"3699",800000310,1,1,1,0,1,0,0,0,0,1,0,0,0,0,1,13,1,2,2,1
"3700",800000311,1,1,1,0,1,0,0,0,0,1,0,0,0,0,1,17,0,2,2,1
"3701",800000312,1,1,1,0,1,0,0,0,0,1,0,0,0,0,1,17,0,2,2,1
"3702",800000313,1,1,1,0,1,0,0,0,0,1,0,0,0,0,1,17,0,2,2,1
"3703",800000314,1,1,1,0,1,0,0,0,0,1,0,0,0,0,1,18,0,2,2,3
"3704",800000315,1,1,1,0,1,0,0,0,0,1,0,0,0,0,1,17,0,2,2,1
"3705",800000316,1,1,1,0,1,0,0,0,0,1,0,0,0,0,1,18,0,2,1,1
"3706",800000317,1,1,1,0,1,0,0,1,0,0,0,0,0,0,1,17,0,1,1,1
"3707",800000319,1,1,1,0,1,0,0,1,0,0,0,0,0,0,1,16,0,1,1,1
"3708",800000320,1,1,1,0,1,0,0,1,0,0,0,0,0,0,1,17,0,1,1,1
"3709",800000321,1,1,1,0,1,0,0,1,0,0,0,0,0,0,1,17,0,1,1,1
"3710",800000323,1,1,1,0,1,0,0,1,0,0,0,0,0,0,1,15,0,1,1,1
"3711",800000326,1,1,1,0,1,0,0,1,0,0,0,0,0,0,1,17,0,1,1,1
"3712",800000327,1,1,1,0,1,0,0,1,0,0,0,0,0,0,1,17,0,1,3,1
"3713",800000328,1,1,1,0,1,0,0,1,0,0,0,0,0,0,1,15,1,1,1,1
"3714",800000329,1,1,1,0,1,0,0,1,0,0,0,0,0,0,1,17,0,5,5,2
"3715",800000330,1,1,1,0,1,0,0,1,0,0,0,0,0,0,1,17,0,1,1,1
"3716",800000333,1,1,1,0,1,0,0,1,0,0,0,0,0,0,1,17,0,1,1,1
"3717",800000334,1,1,1,0,1,0,0,1,0,0,0,0,0,0,1,16,0,1,1,1
"3718",800000335,1,1,1,0,1,0,0,1,0,0,0,0,0,0,1,16,0,3,1,3
"3719",800000337,1,1,1,0,1,0,0,1,0,0,0,0,0,0,1,17,0,1,1,1
"3720",800000338,1,1,1,0,1,0,0,1,0,0,0,0,0,0,1,17,0,1,1,2
"3721",800000339,1,1,1,0,1,0,0,1,0,0,0,0,0,0,1,17,0,1,1,1
"3722",800000340,1,1,1,0,1,0,0,1,0,0,0,0,0,0,1,17,0,1,1,1
"3723",800000341,1,1,1,0,1,0,0,1,0,0,0,0,0,0,1,17,0,1,1,1
"3724",800000343,1,1,1,0,1,0,0,1,0,0,0,0,0,0,1,16,0,3,1,1
"3725",800000344,1,1,1,0,1,0,0,1,0,0,0,0,0,0,1,16,0,1,1,3
"3726",800000345,1,1,1,0,1,0,0,1,0,0,0,0,0,0,1,17,0,1,1,2
"3727",800000346,1,1,1,0,1,0,0,1,0,0,0,0,0,0,1,16,0,1,1,1
"3728",800000347,1,1,1,0,1,0,0,1,0,0,0,0,0,0,1,17,0,1,1,3
"3729",800000348,1,1,1,0,1,0,0,1,0,0,0,0,0,0,1,17,0,1,1,2
"3730",800000349,1,1,1,0,1,0,0,1,0,0,0,0,0,0,1,18,0,1,1,1
"3731",800000351,1,1,1,0,1,0,0,0,0,0,1,0,0,0,1,16,0,2,2,3
"3732",800000355,1,1,1,0,1,0,0,0,0,0,1,0,0,0,1,15,0,2,2,1
"3733",800000356,1,1,1,0,1,0,0,0,0,0,1,0,0,0,1,18,0,2,2,3
"3734",800000357,1,1,1,0,1,0,0,0,0,0,1,0,0,0,1,17,0,2,2,1
"3735",800000358,1,1,1,0,1,0,0,0,0,0,1,0,0,0,1,16,0,2,2,1
"3736",800000359,1,1,1,0,1,0,0,0,0,0,1,0,0,0,1,16,0,2,2,3
"3737",800000360,1,1,1,0,1,0,0,0,0,0,1,0,0,0,1,18,0,2,2,1
"3738",800000362,1,1,1,0,1,0,0,0,0,0,1,0,0,0,1,17,0,2,2,1
"3739",800000363,1,1,1,0,1,0,0,0,0,0,1,0,0,0,1,18,0,2,2,1
"3740",800000364,1,1,1,0,1,0,0,0,0,0,1,0,0,0,1,16,1,2,2,1
"3741",800000366,1,1,1,0,1,0,0,0,0,0,1,0,0,0,1,15,1,2,2,1
"3742",800000369,1,1,1,0,1,0,0,0,0,0,1,0,0,0,1,15,0,2,2,1
"3743",800000370,1,1,1,0,1,0,0,1,0,0,0,0,0,0,1,17,0,1,1,1
"3744",800000372,1,1,1,0,1,0,0,1,0,0,0,0,0,0,1,16,0,1,1,1
"3745",800000373,1,1,1,0,1,0,0,1,0,0,0,0,0,0,1,17,0,1,1,1
"3746",800000374,1,1,1,0,1,0,0,1,0,0,0,0,0,0,1,17,0,1,1,1
"3747",800000375,1,1,1,0,1,0,0,1,0,0,0,0,0,0,1,16,1,1,3,1
"3748",800000376,1,1,1,0,1,0,0,1,0,0,0,0,0,0,1,15,0,1,1,1
"3749",800000377,1,1,1,0,1,0,0,1,0,0,0,0,0,0,1,17,1,1,1,3
"3750",800000380,1,1,1,0,1,0,0,1,0,0,0,0,0,0,1,16,0,1,1,1
"3751",800000381,1,1,1,0,1,0,0,1,0,0,0,0,0,0,1,18,0,3,1,1
"3752",800000383,1,1,1,0,1,0,0,0,0,1,0,0,0,0,1,18,0,2,2,3
"3753",800000384,1,1,1,0,1,0,0,0,0,1,0,0,0,0,1,18,0,2,2,1
"3754",800000385,1,1,1,0,1,0,0,0,0,1,0,0,0,0,1,18,0,2,2,1
"3755",800000390,1,1,1,0,1,0,0,1,0,0,0,0,0,0,1,17,0,1,1,1
"3756",800000391,1,1,1,0,1,0,0,1,0,0,0,0,0,0,1,17,0,1,1,1
"3757",800000392,1,1,1,0,1,0,0,1,0,0,0,0,0,0,1,17,0,1,1,1
"3758",800000393,1,1,1,0,1,0,0,1,0,0,0,0,0,0,1,16,0,1,1,2
"3759",800000394,1,1,1,0,1,0,0,1,0,0,0,0,0,0,1,17,0,2,2,1
"3760",800000396,1,1,1,0,1,0,0,1,0,0,0,0,0,0,1,18,0,1,1,3
"3761",800000397,1,1,1,0,1,0,0,1,0,0,0,0,0,0,1,15,0,1,1,1
"3762",800000398,1,1,1,0,1,0,0,1,0,0,0,0,0,0,1,17,0,1,1,1
"3763",800000399,1,1,1,0,1,0,0,1,0,0,0,0,0,0,1,16,0,1,1,1
"3764",800000401,1,1,1,0,1,0,0,1,0,0,0,0,0,0,1,16,1,1,1,1
"3765",800000403,1,1,1,0,1,0,0,1,0,0,0,0,0,0,1,18,0,1,1,3
"3766",800000406,1,1,1,0,1,0,0,1,0,0,0,0,0,0,1,16,0,1,1,2
"3767",800000409,1,1,1,0,1,0,0,1,0,0,0,0,0,0,1,17,0,2,2,2
"3768",800000411,1,1,1,0,1,0,0,1,0,0,0,0,0,0,1,17,0,1,1,1
"3769",800000412,1,1,1,0,1,0,0,1,0,0,0,0,0,0,1,17,0,1,2,1
"3770",800000413,1,1,1,0,1,0,0,1,0,0,0,0,0,0,1,16,0,1,1,1
"3771",800000415,1,1,1,0,1,0,0,1,0,0,0,0,0,0,1,15,1,1,1,1
"3772",800000416,1,1,1,0,1,0,0,1,0,0,0,0,0,0,1,17,0,2,2,1
"3773",800000417,1,1,1,0,1,0,0,1,0,0,0,0,0,0,1,17,0,2,2,1
"3774",800000427,1,1,1,0,1,0,0,1,0,0,0,0,0,0,1,16,0,1,1,1
"3775",800000428,1,1,1,0,1,0,0,1,0,0,0,0,0,0,1,17,0,1,1,1
"3776",800000500,1,1,1,1,0,0,0,0,0,0,0,1,0,0,1,17,0,2,2,1
"3777",800000501,1,1,1,1,0,0,0,0,0,0,0,1,0,0,1,16,0,2,2,3
"3778",800000502,1,1,1,1,0,0,0,0,0,0,0,1,0,0,1,16,0,2,2,3
"3779",800000503,1,1,1,1,0,0,0,0,0,0,0,1,0,0,1,17,0,2,2,3
"3780",800000507,1,1,1,1,0,0,0,0,0,0,0,1,0,0,1,15,0,2,2,1
"3781",800000508,1,1,1,1,0,0,0,0,0,0,0,1,0,0,1,15,0,2,2,3
"3782",800000511,1,1,1,1,0,0,0,0,0,0,0,1,0,0,1,14,1,2,2,3
"3783",800000513,1,1,1,1,0,0,0,0,0,0,0,1,0,0,1,15,0,2,2,1
"3784",800000515,1,1,1,1,0,0,0,0,0,0,0,1,0,0,1,15,0,2,2,1
"3785",800000516,1,1,1,1,0,0,0,0,0,0,0,1,0,0,1,15,0,2,2,1
"3786",800000517,1,1,1,1,0,0,0,0,0,0,0,1,0,0,1,15,0,2,2,1
"3787",800000519,1,1,1,1,0,0,0,0,0,0,0,1,0,0,1,15,0,2,2,1
"3788",800000520,1,1,1,1,0,0,0,0,0,0,0,1,0,0,1,15,0,2,2,1
"3789",800000521,1,1,1,1,0,0,0,0,0,0,0,1,0,0,1,13,1,2,2,1
"3790",800000525,1,1,1,1,0,0,0,0,0,0,0,1,0,0,1,15,0,2,2,1
"3791",800000536,1,1,1,1,0,0,0,0,0,0,0,1,0,0,1,16,0,2,2,1
"3792",800000537,1,1,1,1,0,0,0,0,0,0,0,1,0,0,1,16,0,2,2,1
"3793",800000539,1,1,1,1,0,0,0,0,0,0,0,1,0,0,1,16,0,2,2,1
"3794",800000540,1,1,1,1,0,0,0,0,0,0,0,1,0,0,1,16,0,2,2,1
"3795",800000541,1,1,1,1,0,0,0,0,0,0,0,1,0,0,1,16,0,2,2,1
"3796",800000542,1,1,1,1,0,0,0,0,0,0,0,1,0,0,1,16,0,2,2,1
"3797",800000544,1,1,1,1,0,0,0,0,0,0,0,1,0,0,1,16,0,2,2,1
"3798",800000545,1,1,1,1,0,0,0,0,0,0,0,1,0,0,1,16,0,2,2,1
"3799",800000547,1,1,1,1,0,0,0,0,0,0,0,1,0,0,1,16,0,2,2,1
"3800",800000548,1,1,1,1,0,0,0,0,0,0,0,1,0,0,1,16,0,2,2,1
"3801",800000550,1,1,1,1,0,0,0,0,0,0,0,1,0,0,1,16,0,2,2,1
"3802",800000553,1,1,1,1,0,0,0,0,0,0,0,1,0,0,1,16,0,2,2,1
"3803",800000555,1,1,1,1,0,0,0,0,0,0,0,1,0,0,1,16,0,2,2,1
"3804",800000567,1,1,1,1,0,0,0,0,0,0,0,1,0,0,1,17,0,2,2,1
"3805",800000568,1,1,1,1,0,0,0,0,0,0,0,1,0,0,1,17,0,2,2,1
"3806",800000569,1,1,1,1,0,0,0,0,0,0,0,1,0,0,1,17,0,2,2,1
"3807",800000570,1,1,1,1,0,0,0,0,0,0,0,1,0,0,1,17,0,2,2,1
"3808",800000572,1,1,1,1,0,0,0,0,0,0,0,1,0,0,1,17,0,2,2,1
"3809",800000573,1,1,1,1,0,0,0,0,0,0,0,1,0,0,1,17,0,2,2,1
"3810",800000574,1,1,1,1,0,0,0,0,0,0,0,1,0,0,1,16,1,2,2,3
"3811",800000578,1,1,1,1,0,0,0,0,0,0,0,1,0,0,1,17,0,2,2,1
"3812",800000579,1,1,1,1,0,0,0,0,0,0,0,1,0,0,1,16,1,2,2,1
"3813",800000582,1,1,1,1,0,0,0,0,0,0,0,1,0,0,1,17,0,2,2,1
"3814",800000583,1,1,1,1,0,0,0,0,0,0,0,1,0,0,1,17,0,2,2,1
"3815",800000584,1,1,1,1,0,0,0,0,0,0,0,1,0,0,1,17,0,2,2,1
"3816",800000585,1,1,1,1,0,0,0,0,0,0,0,1,0,0,1,17,0,2,2,3
"3817",800000586,1,1,1,1,0,0,0,0,0,0,0,1,0,0,1,17,0,2,2,1
"3818",800000589,1,1,1,1,0,0,0,0,0,0,0,1,0,0,1,17,0,2,2,3
"3819",800000598,1,1,1,1,0,0,0,0,0,0,0,1,0,0,1,18,0,2,2,1
"3820",800000599,1,1,1,1,0,0,0,0,0,0,0,1,0,0,1,18,0,2,2,1
"3821",800000601,1,1,1,1,0,0,0,0,0,0,0,1,0,0,1,18,0,2,2,1
"3822",800000604,1,1,1,1,0,0,0,0,0,0,0,1,0,0,1,18,0,2,2,3
"3823",800000612,1,1,1,1,0,0,0,0,0,0,0,1,0,0,1,18,0,2,2,1
"3824",800000629,1,1,1,1,0,0,0,0,0,0,0,1,0,0,0,13,1,2,2,1
"3825",800000630,1,1,1,1,0,0,0,0,0,0,0,1,0,0,0,15,0,2,2,1
"3826",800000631,1,1,1,1,0,0,0,0,0,0,0,1,0,0,0,15,0,2,2,1
"3827",800000632,1,1,1,1,0,0,0,0,0,0,0,1,0,0,0,15,0,2,2,1
"3828",800000635,1,1,1,1,0,0,0,0,0,0,0,1,0,0,0,15,0,2,2,1
"3829",800000640,1,1,1,1,0,0,0,0,0,0,0,1,0,0,0,15,0,2,2,1
"3830",800000646,1,1,1,1,0,0,0,0,0,0,0,1,0,0,0,15,0,2,2,1
"3831",800000661,1,1,1,1,0,0,0,0,0,0,0,1,0,0,0,16,0,2,2,1
"3832",800000663,1,1,1,1,0,0,0,0,0,0,0,1,0,0,0,16,0,2,2,1
"3833",800000664,1,1,1,1,0,0,0,0,0,0,0,1,0,0,0,16,0,2,2,1
"3834",800000665,1,1,1,1,0,0,0,0,0,0,0,1,0,0,0,16,0,2,2,1
"3835",800000666,1,1,1,1,0,0,0,0,0,0,0,1,0,0,0,16,0,2,2,1
"3836",800000667,1,1,1,1,0,0,0,0,0,0,0,1,0,0,0,16,0,2,2,1
"3837",800000669,1,1,1,1,0,0,0,0,0,0,0,1,0,0,0,16,0,2,2,1
"3838",800000670,1,1,1,1,0,0,0,0,0,0,0,1,0,0,0,16,0,2,2,1
"3839",800000672,1,1,1,1,0,0,0,0,0,0,0,1,0,0,0,16,0,2,2,1
"3840",800000673,1,1,1,1,0,0,0,0,0,0,0,1,0,0,0,16,0,2,2,1
"3841",800000674,1,1,1,1,0,0,0,0,0,0,0,1,0,0,0,16,0,2,2,1
"3842",800000676,1,1,1,1,0,0,0,0,0,0,0,1,0,0,0,16,0,2,2,1
"3843",800000692,1,1,1,1,0,0,0,0,0,0,0,1,0,0,0,17,0,2,2,1
"3844",800000693,1,1,1,1,0,0,0,0,0,0,0,1,0,0,0,17,0,2,2,1
"3845",800000695,1,1,1,1,0,0,0,0,0,0,0,1,0,0,0,17,0,2,2,1
"3846",800000697,1,1,1,1,0,0,0,0,0,0,0,1,0,0,0,17,0,2,2,1
"3847",800000699,1,1,1,1,0,0,0,0,0,0,0,1,0,0,0,17,0,2,2,1
"3848",800000700,1,1,1,1,0,0,0,0,0,0,0,1,0,0,0,17,0,2,2,1
"3849",800000701,1,1,1,1,0,0,0,0,0,0,0,1,0,0,0,16,1,2,2,2
"3850",800000702,1,1,1,1,0,0,0,0,0,0,0,1,0,0,0,17,0,2,2,3
"3851",800000703,1,1,1,1,0,0,0,0,0,0,0,1,0,0,0,17,0,2,2,1
"3852",800000704,1,1,1,1,0,0,0,0,0,0,0,1,0,0,0,17,0,2,2,1
"3853",800000705,1,1,1,1,0,0,0,0,0,0,0,1,0,0,0,17,0,2,2,1
"3854",800000706,1,1,1,1,0,0,0,0,0,0,0,1,0,0,0,17,0,2,2,1
"3855",800000708,1,1,1,1,0,0,0,0,0,0,0,1,0,0,0,17,0,2,2,1
"3856",800000713,1,1,1,1,0,0,0,0,0,0,0,1,0,0,0,17,0,2,2,1
"3857",800000723,1,1,1,1,0,0,0,0,0,0,0,1,0,0,0,18,0,2,2,1
"3858",800000726,1,1,1,1,0,0,0,0,0,0,0,1,0,0,0,18,0,2,2,1
"3859",800000727,1,1,1,1,0,0,0,0,0,0,0,1,0,0,0,18,0,2,2,1
"3860",800000734,1,1,1,1,0,0,0,0,0,0,0,1,0,0,0,18,0,2,2,1
"3861",800000740,1,1,1,1,0,0,0,0,0,0,0,1,0,0,0,18,0,2,2,3
"3862",900000019,1,1,0,1,0,0,0,0,0,0,0,0,0,1,0,11,0,3,1,1
"3863",900000153,1,1,0,1,0,0,0,0,0,0,0,0,0,1,0,10,0,3,3,1
"3864",900000157,1,1,0,1,0,0,0,0,0,0,0,0,0,1,0,15,1,3,3,1
"3865",900000158,1,1,0,1,0,0,0,0,0,0,0,0,0,1,0,11,0,3,3,1
"3866",900000159,1,1,0,1,0,0,0,0,0,0,0,0,0,1,0,10,0,3,3,1
"3867",900000162,1,1,0,1,0,0,0,0,0,0,0,0,0,1,0,11,0,3,1,1
"3868",900000167,1,1,0,1,0,0,0,0,0,0,0,0,0,1,0,10,0,3,3,2
"3869",900000168,1,1,0,1,0,0,0,0,0,0,0,0,0,1,0,12,0,3,3,1
"3870",900000171,1,1,0,1,0,0,0,0,0,0,0,0,0,1,0,10,0,3,3,1
"3871",900000172,1,1,0,1,0,0,0,0,0,0,0,0,0,1,0,11,0,3,3,1
"3872",900000174,1,1,0,1,0,0,0,0,0,0,0,0,0,1,0,11,1,3,1,1
"3873",900000175,1,1,0,1,0,0,0,0,0,0,0,0,0,1,0,12,1,3,3,1
"3874",900000176,1,1,0,1,0,0,0,0,0,0,0,0,0,1,0,11,0,3,3,1
"3875",900000179,1,1,0,1,0,0,0,0,0,0,0,0,0,1,0,12,0,3,3,1
"3876",900000181,1,1,0,1,0,0,0,0,0,0,0,0,0,1,0,12,0,3,1,1
"3877",900000184,1,1,0,1,0,0,0,0,0,0,0,0,0,1,0,11,0,3,3,1
"3878",900000185,1,1,0,1,0,0,0,0,0,0,0,0,0,1,0,12,0,3,3,1
"3879",900000186,1,1,0,1,0,0,0,0,0,0,0,0,0,1,0,11,0,3,3,1
"3880",900000187,1,1,0,1,0,0,0,0,0,0,0,0,0,1,0,12,0,3,3,1
"3881",900000188,1,1,0,1,0,0,0,0,0,0,0,0,0,1,0,12,0,3,3,1
"3882",900000190,1,1,0,1,0,0,0,0,0,0,0,1,0,0,1,16,1,2,2,1
"3883",900000192,1,1,0,1,0,0,0,0,0,0,0,0,0,1,0,12,0,3,3,1
"3884",900000194,1,1,0,1,0,0,0,0,0,0,0,0,0,1,1,12,0,3,3,1
"3885",900000196,1,1,0,1,0,0,0,0,0,0,0,0,0,1,1,12,0,3,3,1
"3886",900000197,1,1,0,1,0,0,0,0,0,0,0,0,0,1,1,10,0,3,1,1
"3887",900000198,1,1,0,1,0,0,0,0,0,0,0,0,0,1,1,10,0,3,3,1
"3888",900000199,1,1,0,1,0,0,0,0,0,0,0,0,0,1,1,10,0,3,3,1
"3889",900000200,1,1,0,1,0,0,0,0,0,0,0,0,0,1,1,12,0,3,3,1
"3890",900000202,1,1,0,1,0,0,0,0,0,0,0,0,0,1,1,11,0,3,3,1
"3891",900000205,1,1,0,1,0,0,0,0,0,0,0,0,0,1,1,12,0,3,3,1
"3892",900000206,1,1,0,1,0,0,0,0,0,0,0,0,0,1,1,12,0,3,3,1
"3893",900000208,1,1,0,1,0,0,0,0,0,0,0,0,0,1,1,11,0,1,1,1
"3894",900000209,1,0,0,1,0,0,0,0,0,0,0,0,0,1,1,11,1,3,NA,NA
"3895",900000212,1,1,0,1,0,0,0,0,0,0,0,0,0,1,1,12,0,3,3,1
"3896",900000213,1,1,0,1,0,0,0,0,0,0,0,0,0,1,1,12,0,3,3,1
"3897",900000217,1,1,0,1,0,0,0,0,0,0,0,0,0,1,1,11,0,3,3,1
"3898",900000222,1,1,0,1,0,0,0,0,0,0,0,0,0,1,1,12,0,3,3,1
"3899",900000223,1,1,0,1,0,0,0,0,0,0,0,0,0,1,1,11,0,3,3,1
"3900",900000225,1,1,0,1,0,0,0,0,0,0,0,0,0,1,1,10,0,3,3,1
"3901",900000227,1,1,0,1,0,0,0,0,0,0,0,0,0,1,1,12,1,3,3,2
"3902",900000228,1,1,0,1,0,0,0,0,0,0,0,0,0,1,1,11,0,1,1,1
"3903",900000229,1,1,0,1,0,0,0,0,0,0,0,0,0,1,1,11,0,1,1,1
"3904",900000230,1,1,0,1,0,0,0,0,0,0,0,0,0,1,1,12,0,3,3,1
"3905",900000231,1,1,0,1,0,0,0,0,0,0,0,0,0,1,0,15,0,3,3,1
"3906",900000233,1,1,0,1,0,0,0,0,0,0,0,0,0,1,0,16,0,3,3,1
"3907",900000238,1,1,0,1,0,0,0,0,0,0,0,0,0,1,0,17,0,3,1,1
"3908",900000239,1,1,0,1,0,0,0,0,0,0,0,0,0,1,0,15,0,3,3,1
"3909",900000240,1,1,0,1,0,0,0,0,0,0,0,0,0,1,0,16,0,3,3,1
"3910",900000242,1,1,0,1,0,0,0,0,0,0,0,0,0,1,0,17,0,3,1,1
"3911",900000245,1,1,0,1,0,0,0,0,0,0,0,0,0,1,0,16,0,1,1,1
"3912",900000246,1,1,0,1,0,0,0,0,0,0,0,0,0,1,0,15,1,3,3,1
"3913",900000252,1,1,0,1,0,0,0,0,0,0,0,0,0,1,0,16,0,3,3,1
"3914",900000253,1,1,0,1,0,0,0,0,0,0,0,0,0,1,0,16,0,3,3,1
"3915",900000259,1,1,0,1,0,0,0,0,0,0,0,0,0,1,0,16,0,3,1,2
"3916",900000260,1,1,0,1,0,0,0,0,0,0,0,0,0,1,0,15,0,3,3,1
"3917",900000261,1,1,0,1,0,0,0,0,0,0,0,0,0,1,0,16,0,3,3,1
"3918",900000264,1,1,0,1,0,0,0,0,0,0,0,0,0,1,0,15,0,3,3,1
"3919",900000265,1,1,0,1,0,0,0,0,0,0,0,0,0,1,0,16,0,3,3,1
"3920",900000269,1,1,0,1,0,0,0,0,0,0,0,0,0,1,0,15,0,3,3,1
"3921",900000270,0,1,0,1,0,0,0,0,0,0,0,0,0,1,0,15,0,NA,1,1
"3922",900000271,1,1,0,1,0,0,0,0,0,0,0,0,0,1,0,17,0,3,3,1
"3923",900000275,1,1,0,1,0,0,0,0,0,0,0,0,0,1,0,16,0,3,3,1
"3924",900000277,1,1,0,1,0,0,0,0,0,0,0,0,0,1,1,17,0,3,3,1
"3925",900000278,1,1,0,1,0,0,0,0,0,0,0,0,0,1,1,17,0,3,3,1
"3926",900000283,1,1,0,1,0,0,0,0,0,0,0,0,0,1,1,17,0,1,3,1
"3927",900000284,1,1,0,1,0,0,0,0,0,0,0,0,0,1,1,17,0,3,3,1
"3928",900000286,1,1,0,1,0,0,0,0,0,0,0,0,0,1,1,16,0,3,3,1
"3929",900000291,1,1,0,1,0,0,0,0,0,0,0,0,0,1,1,16,0,3,1,1
"3930",900000293,1,1,0,1,0,0,0,0,0,0,0,0,0,1,1,15,0,3,3,1
"3931",900000296,1,1,0,1,0,0,0,0,0,0,0,0,0,1,1,15,1,3,3,1
"3932",900000297,1,1,0,1,0,0,0,0,0,0,0,0,0,1,1,17,0,3,3,1
"3933",900000298,1,1,0,1,0,0,0,0,0,0,0,0,0,1,1,16,1,3,3,1
"3934",900000299,1,1,0,1,0,0,0,0,0,0,0,0,0,1,1,16,0,3,3,1
"3935",900000301,1,1,0,1,0,0,0,0,0,0,0,0,0,1,1,15,0,3,1,2
"3936",900000302,1,1,0,1,0,0,0,0,0,0,0,0,0,1,1,16,0,3,3,1
"3937",900000304,1,1,0,1,0,0,0,0,0,0,0,0,0,1,1,16,0,3,1,1
"3938",900000307,1,1,0,1,0,0,0,0,0,0,0,0,0,1,1,16,0,3,3,1
"3939",900000309,1,1,0,1,0,0,0,0,0,0,0,0,0,1,1,15,0,3,3,1
"3940",900000310,1,1,0,1,0,0,0,0,0,0,0,0,0,1,1,17,0,3,3,1
"3941",900000311,1,1,0,1,0,0,0,0,0,0,0,0,0,1,1,15,0,1,1,1
"3942",900000313,1,1,0,1,0,0,0,0,0,0,0,0,0,1,1,16,0,3,1,1
"3943",900000316,1,1,0,1,0,0,0,0,0,0,0,0,0,1,1,17,0,3,3,1
"3944",900000319,1,1,0,1,0,0,0,0,0,0,0,0,0,1,1,17,0,3,3,1
"3945",900000320,1,1,0,1,0,0,0,0,0,0,0,0,0,1,1,16,0,1,1,1
"3946",900000322,1,1,0,1,0,0,0,0,0,0,0,0,0,1,1,17,0,3,3,1
"3947",900000325,1,1,0,1,0,0,0,0,0,0,0,0,0,1,1,15,0,3,3,2
"3948",900000326,1,1,0,1,0,0,0,0,0,0,0,0,0,1,0,15,0,3,3,1
"3949",900000327,1,1,0,1,0,0,0,0,0,0,0,0,0,1,1,18,0,3,3,1
"3950",900000329,1,1,0,1,0,0,0,0,0,0,0,0,0,1,0,12,1,3,3,1
"3951",900000330,1,1,0,1,0,0,0,0,0,0,0,0,0,1,1,13,1,3,3,1
"3952",900000333,1,1,0,1,0,0,0,0,0,0,0,0,0,1,1,15,0,3,3,1
"3953",900000334,1,1,0,1,0,0,0,0,0,0,0,0,0,1,1,17,0,3,3,2
"3954",900000336,1,1,0,1,0,0,0,0,0,0,0,0,0,1,0,18,0,3,3,1
"3955",900000338,0,1,0,1,0,0,0,0,0,0,0,0,0,1,1,17,0,NA,3,1
"3956",900000339,1,1,0,1,0,0,0,0,0,0,0,0,0,1,1,15,0,3,3,2
"3957",900000340,1,1,0,1,0,0,0,0,0,0,0,0,0,1,0,18,0,3,3,1
"3958",900000341,1,1,0,1,0,0,0,0,0,0,0,0,0,1,1,15,0,3,3,1
"3959",900000343,1,1,0,1,0,0,0,0,0,0,0,0,0,1,0,15,0,3,3,1
"3960",900000344,1,1,0,1,0,0,0,0,0,0,0,0,0,1,1,17,0,3,3,1
"3961",900000345,1,1,0,1,0,0,0,0,0,0,0,0,0,1,0,17,0,3,3,1
"3962",900000346,1,1,0,1,0,0,0,0,0,0,0,0,0,1,0,16,0,3,3,1
"3963",900000347,1,1,0,1,0,0,0,0,0,0,0,0,0,1,0,18,0,3,3,2
"3964",900000348,1,1,0,1,0,0,0,0,0,0,0,0,0,1,1,15,0,3,3,1
"3965",900000351,1,1,0,1,0,0,0,0,0,0,0,0,0,1,0,17,1,3,1,1
"3966",900000353,1,1,0,1,0,0,0,0,0,0,0,0,0,1,1,16,0,1,1,1
"3967",900000354,1,1,0,1,0,0,0,0,0,0,0,0,0,1,1,17,0,3,3,1
"3968",900000355,1,1,0,1,0,0,0,0,0,0,0,0,0,1,1,16,0,3,3,1
"3969",900000357,1,1,0,1,0,0,0,0,0,0,0,0,0,1,1,17,0,3,3,1
"3970",900000360,1,1,0,1,0,0,0,0,0,0,0,0,0,1,0,10,0,3,3,1
"3971",900000362,1,1,0,1,0,0,0,0,0,0,0,0,0,1,0,10,0,3,3,1
"3972",900000363,1,1,0,1,0,0,0,0,0,0,0,0,0,1,1,12,0,3,3,1
"3973",900000364,1,1,0,1,0,0,0,0,0,0,0,0,0,1,1,12,0,3,1,1
"3974",900000365,1,1,0,1,0,0,0,0,0,0,0,0,0,1,0,12,0,3,3,1
"3975",900000366,1,1,0,1,0,0,0,0,0,0,0,0,0,1,0,11,0,3,3,1
"3976",900000367,1,1,0,1,0,0,0,0,0,0,0,0,0,1,0,10,0,3,3,1
"3977",900000368,1,1,0,1,0,0,0,0,0,0,0,0,0,1,1,10,0,3,3,1
"3978",900000369,1,1,0,1,0,0,0,0,0,0,0,0,0,1,1,12,0,3,1,1
"3979",900000371,1,1,0,1,0,0,0,0,0,0,0,0,0,1,0,13,0,1,1,1
"3980",900000376,1,1,0,1,0,0,0,0,0,0,0,0,0,1,1,12,0,3,3,1
"3981",900000377,1,1,0,1,0,0,0,0,0,0,0,0,0,1,1,11,0,3,3,1
"3982",900000379,1,1,0,1,0,0,0,0,0,0,0,0,0,1,0,11,0,3,3,1
"3983",900000380,1,1,0,1,0,0,0,0,0,0,0,0,0,1,0,12,0,3,3,1
"3984",900000381,1,1,0,1,0,0,0,0,0,0,0,0,0,1,0,12,0,3,3,1
"3985",900000382,1,1,0,1,0,0,0,0,0,0,0,0,0,1,1,12,0,3,3,1
"3986",900000383,1,1,0,1,0,0,0,0,0,0,0,0,0,1,1,12,0,3,3,3
"3987",900000388,1,1,0,1,0,0,0,0,0,0,0,0,0,1,1,11,0,3,1,1
"3988",900000390,1,1,0,1,0,0,0,0,0,0,0,0,0,1,1,12,0,3,3,1
"3989",900000391,1,1,0,1,0,0,0,0,0,0,0,0,0,1,1,12,0,3,1,1
"3990",900000393,1,1,0,1,0,0,0,0,0,0,0,0,0,1,0,10,0,3,1,1
"3991",900000395,1,1,0,1,0,0,0,0,0,0,0,0,0,1,0,10,0,3,3,1
"3992",900000396,1,1,0,1,0,0,0,0,0,0,0,0,0,1,0,11,0,3,3,1
"3993",900000399,1,1,0,1,0,0,0,0,0,0,0,0,0,1,0,12,0,3,1,1
"3994",900000401,1,1,0,1,0,0,0,0,0,0,0,0,0,1,1,11,0,1,3,1
"3995",900000404,1,1,0,1,0,0,0,0,0,0,0,0,0,1,0,16,0,3,3,1
"3996",900000405,1,1,0,1,0,0,0,0,0,0,0,0,0,1,0,16,0,3,1,1
"3997",900000406,1,1,0,1,0,0,0,0,0,0,0,0,0,1,0,16,0,3,3,1
"3998",900000408,1,1,0,1,0,0,0,0,0,0,0,0,0,1,0,18,0,1,1,1
"3999",900000409,1,1,0,1,0,0,0,0,0,0,0,0,0,1,0,18,0,3,3,1
"4000",900000412,1,1,0,1,0,0,0,0,0,0,0,0,0,1,0,16,0,3,3,1
"4001",900000413,1,1,0,1,0,0,0,0,0,0,0,0,0,1,0,17,0,3,3,1
"4002",900000414,1,1,0,1,0,0,0,0,0,0,0,0,0,1,0,16,0,3,3,1
"4003",900000416,1,1,0,1,0,0,0,0,0,0,0,0,0,1,0,18,0,3,3,1
"4004",900000422,1,1,0,1,0,0,0,0,0,0,0,0,0,1,1,17,0,3,3,1
"4005",900000424,1,1,0,1,0,0,0,0,0,0,0,0,0,1,1,17,0,3,3,1
"4006",900000430,1,1,0,1,0,0,0,0,0,0,0,0,0,1,0,15,0,3,3,2
"4007",900000432,1,1,0,1,0,0,0,0,0,0,0,0,0,1,0,18,1,1,3,2
"4008",900000435,1,1,0,1,0,0,0,0,0,0,0,0,0,1,1,17,0,3,3,1
"4009",900000436,1,1,0,1,0,0,0,0,0,0,0,0,0,1,1,17,0,3,1,1
"4010",900000437,1,1,0,1,0,0,0,0,0,0,0,0,0,1,1,17,0,3,3,1
"4011",900000501,1,1,1,1,0,0,0,0,0,0,0,1,0,0,1,17,0,2,2,1
"4012",900000503,1,1,1,1,0,0,0,0,0,0,0,0,1,0,1,15,0,2,2,1
"4013",900000504,1,1,1,1,0,0,0,0,0,0,0,0,1,0,1,16,0,2,2,1
"4014",900000511,1,1,1,1,0,0,0,0,0,0,0,0,1,0,1,16,0,2,2,1
"4015",900000514,1,1,1,1,0,0,0,0,0,0,0,0,1,0,0,15,0,2,2,3
"4016",900000517,1,1,1,1,0,0,0,0,0,0,0,0,1,0,0,17,0,2,2,1
"4017",900000522,1,1,1,1,0,0,0,0,0,0,0,1,0,0,0,16,0,2,2,1
"4018",900000523,1,1,1,1,0,0,0,0,0,0,0,0,1,0,0,15,0,2,2,1
"4019",900000527,1,1,1,1,0,0,0,0,0,0,0,0,1,0,0,16,0,2,2,1
"4020",900000535,1,1,1,1,0,0,0,0,0,0,0,0,1,0,0,16,0,2,2,1
"4021",900000536,1,1,1,1,0,0,0,0,0,0,0,0,1,0,0,15,0,2,2,1
"4022",900000540,1,1,1,1,0,0,0,0,0,0,0,0,1,0,1,15,0,2,2,1
"4023",900000542,1,1,1,1,0,0,0,0,0,0,0,0,1,0,0,16,0,2,2,1
"4024",900000543,1,1,1,1,0,0,0,0,0,0,0,0,1,0,1,15,0,2,2,1
"4025",900000548,1,1,1,1,0,0,0,0,0,0,0,0,1,0,0,16,0,2,2,1
"4026",900000552,1,1,1,1,0,0,0,0,0,0,0,0,1,0,0,15,0,2,2,1
"4027",900000555,1,1,1,1,0,0,0,0,0,0,0,0,1,0,1,17,0,2,2,1
"4028",900000558,1,1,1,1,0,0,0,0,0,0,0,0,1,0,1,15,0,2,2,1
"4029",900000559,1,1,1,1,0,0,0,0,0,0,0,0,1,0,1,18,0,2,2,3
"4030",900000560,1,1,1,1,0,0,0,0,0,0,0,0,1,0,1,17,0,2,2,1
"4031",900000561,1,1,1,1,0,0,0,0,0,0,0,0,1,0,1,16,0,2,2,1
"4032",900000562,1,1,1,1,0,0,0,0,0,0,0,0,1,0,1,17,0,2,2,1
"4033",900000563,1,1,1,1,0,0,0,0,0,0,0,0,1,0,1,15,0,2,2,1
"4034",900000564,1,1,1,1,0,0,0,0,0,0,0,0,1,0,0,16,0,2,2,1
"4035",900000567,1,1,1,1,0,0,0,0,0,0,0,0,1,0,0,17,0,2,2,1
"4036",900000577,1,1,1,1,0,0,0,0,0,0,0,0,1,0,1,17,0,2,2,1
"4037",900000579,1,1,1,1,0,0,0,0,0,0,0,0,1,0,0,16,0,2,2,1
"4038",900000583,1,1,1,1,0,0,0,0,0,0,0,0,1,0,1,18,0,2,2,1
"4039",900000585,1,1,1,1,0,0,0,0,0,0,0,0,1,0,0,16,0,2,2,1
"4040",900000591,1,1,1,1,0,0,0,0,0,0,0,0,1,0,1,16,0,2,2,1
"4041",900000592,1,1,1,1,0,0,0,0,0,0,0,0,1,0,0,16,0,2,2,1
"4042",900000594,1,1,1,1,0,0,0,0,0,0,0,0,1,0,1,15,0,2,2,1
"4043",900000598,1,1,1,1,0,0,0,0,0,0,0,0,1,0,1,15,0,2,2,1
"4044",900000600,1,1,1,1,0,0,0,0,0,0,0,0,1,0,1,17,0,2,2,1
"4045",900000601,1,1,1,1,0,0,0,0,0,0,0,0,1,0,0,15,0,2,2,1
"4046",900000602,1,1,0,1,0,0,0,0,0,0,0,0,0,1,1,17,0,3,3,1
"4047",900000603,1,1,1,1,0,0,0,0,0,0,0,0,1,0,0,18,0,2,2,1
"4048",900000604,1,1,1,1,0,0,0,0,0,0,0,0,1,0,0,15,0,2,2,1
"4049",900000605,1,1,0,1,0,0,0,0,0,0,0,0,0,1,1,16,0,3,1,1
"4050",900000606,1,1,0,1,0,0,0,0,0,0,0,0,0,1,1,16,0,3,3,1
"4051",900000607,1,1,0,1,0,0,0,0,0,0,0,0,0,1,1,16,1,3,3,1
"4052",900000608,1,1,1,1,0,0,0,0,0,0,0,0,1,0,0,16,0,2,2,1
"4053",900000611,1,1,1,1,0,0,0,0,0,0,0,0,1,0,0,16,0,2,2,1
"4054",900000615,1,1,1,1,0,0,0,0,0,0,0,0,1,0,0,16,0,2,2,1
"4055",900000616,1,1,1,1,0,0,0,0,0,0,0,0,1,0,0,17,0,2,2,1
"4056",900000624,1,1,1,1,0,0,0,0,0,0,0,1,0,0,0,15,0,2,2,1
"4057",900000631,1,1,1,1,0,0,0,0,0,0,0,0,1,0,1,15,0,2,2,1
"4058",900000634,1,1,1,1,0,0,0,0,0,0,0,1,0,0,1,15,0,2,2,1
"4059",900000637,1,1,1,1,0,0,0,0,0,0,0,0,1,0,1,17,0,2,2,1
"4060",900000641,1,1,1,1,0,0,0,0,0,0,0,0,1,0,1,17,0,2,2,1
"4061",900000642,1,1,1,1,0,0,0,0,0,0,0,0,1,0,1,16,0,2,2,1
"4062",900000643,1,1,1,1,0,0,0,0,0,0,0,0,1,0,1,15,0,2,2,1
"4063",900000646,1,0,1,1,0,0,0,0,0,0,0,0,1,0,1,17,0,2,NA,NA
"4064",900000647,1,1,1,1,0,0,0,0,0,0,0,0,1,0,1,16,0,2,2,1
"4065",900000654,1,0,1,1,0,0,0,0,0,0,0,0,1,0,0,15,0,2,NA,NA
"4066",900000655,1,1,1,1,0,0,0,0,0,0,0,0,1,0,1,16,0,2,2,2
"4067",900000658,1,1,1,1,0,0,0,0,0,0,0,0,1,0,0,16,0,2,2,1
"4068",900000663,1,1,1,1,0,0,0,0,0,0,0,0,1,0,0,16,0,2,2,1
"4069",900000669,1,1,1,1,0,0,0,0,0,0,0,0,1,0,1,17,0,2,2,1
"4070",900000670,1,1,1,1,0,0,0,0,0,0,0,0,1,0,0,15,0,2,2,1
"4071",900000672,1,1,1,1,0,0,0,0,0,0,0,0,1,0,0,15,0,2,2,1
"4072",900000673,1,1,1,1,0,0,0,0,0,0,0,0,1,0,0,16,0,2,2,1
"4073",900000675,1,1,1,1,0,0,0,0,0,0,0,0,1,0,1,17,0,2,2,1
"4074",900000676,1,1,1,1,0,0,0,0,0,0,0,0,1,0,0,16,0,2,2,1
"4075",900000677,1,1,1,1,0,0,0,0,0,0,0,0,1,0,0,15,1,2,2,1
"4076",900000683,1,1,1,1,0,0,0,0,0,0,0,0,1,0,0,16,0,2,2,1
"4077",900000691,1,1,1,1,0,0,0,0,0,0,0,0,1,0,1,17,0,2,2,1
"4078",900000693,1,0,1,1,0,0,0,0,0,0,0,0,1,0,1,13,1,2,NA,NA
"4079",900000696,1,1,1,1,0,0,0,0,0,0,0,0,1,0,0,17,0,2,2,1
"4080",900000702,1,1,1,1,0,0,0,0,0,0,0,0,1,0,1,16,1,2,2,1
"4081",900000703,1,1,0,1,0,0,0,0,0,0,0,0,0,1,1,16,1,3,3,1
"4082",900000704,1,1,0,1,0,0,0,0,0,0,0,0,0,1,1,16,0,3,3,1
"4083",900000709,1,0,1,1,0,0,0,0,0,0,0,0,1,0,0,15,0,2,NA,NA
"4084",900000711,1,1,1,1,0,0,0,0,0,0,0,0,1,0,0,16,0,2,2,1
"4085",900000712,1,1,1,1,0,0,0,0,0,0,0,0,1,0,1,16,0,2,2,2
"4086",900000715,1,1,1,1,0,0,0,0,0,0,0,0,1,0,0,16,0,2,2,1
"4087",900000716,1,1,1,1,0,0,0,0,0,0,0,0,1,0,1,17,0,2,2,1
"4088",900000718,1,1,1,1,0,0,0,0,0,0,0,0,1,0,1,15,1,2,2,1
"4089",900000719,1,1,1,1,0,0,0,0,0,0,0,0,1,0,1,15,0,2,2,1
"4090",900000721,1,1,1,1,0,0,0,0,0,0,0,0,1,0,1,16,0,2,2,1
"4091",900000728,1,1,1,1,0,0,0,0,0,0,0,1,0,0,0,17,0,2,2,1
"4092",900000753,1,1,1,1,0,0,0,0,0,0,0,1,0,0,0,15,0,2,2,1
"4093",900000781,1,1,1,1,0,0,0,0,0,0,0,1,0,0,0,16,0,2,2,1
"4094",900000787,1,1,1,1,0,0,0,0,0,0,0,1,0,0,1,17,0,2,2,1
"4095",900000788,1,1,1,1,0,0,0,0,0,0,0,1,0,0,0,16,0,2,2,1
"4096",900000801,1,1,1,1,0,0,0,0,0,0,0,1,0,0,0,15,0,2,2,1
"4097",900000804,1,1,1,1,0,0,0,0,0,0,0,1,0,0,1,16,0,2,2,1
"4098",900000813,1,1,1,1,0,0,0,0,0,0,0,1,0,0,1,17,0,2,2,1
"4099",900000814,1,1,1,1,0,0,0,0,0,0,0,1,0,0,0,15,0,2,2,1
"4100",900000815,1,1,1,1,0,0,0,0,0,0,0,1,0,0,0,15,0,2,2,3
"4101",900000820,1,1,1,1,0,0,0,0,0,0,0,1,0,0,0,17,0,2,2,1
"4102",900000822,1,1,1,1,0,0,0,0,0,0,0,1,0,0,0,16,0,2,2,1
"4103",900000824,1,1,1,1,0,0,0,0,0,0,0,1,0,0,1,15,0,2,2,3
"4104",900000827,1,1,1,1,0,0,0,0,0,0,0,1,0,0,0,18,0,2,2,1
"4105",900000829,1,1,1,1,0,0,0,0,0,0,0,1,0,0,0,15,0,2,2,1
"4106",900000836,1,1,1,1,0,0,0,0,0,0,0,1,0,0,1,15,0,2,2,1
"4107",900000837,1,1,1,1,0,0,0,0,0,0,0,1,0,0,1,15,0,2,2,1
"4108",900000839,1,1,1,1,0,0,0,0,0,0,0,1,0,0,1,15,0,2,2,1
"4109",900000866,1,1,1,1,0,0,0,0,0,0,0,1,0,0,0,15,0,2,2,1
"4110",900000882,1,1,1,1,0,0,0,0,0,0,0,1,0,0,1,15,0,2,2,1
"4111",900000896,1,1,1,1,0,0,0,0,0,0,0,1,0,0,1,15,0,2,2,1
"4112",900001100,1,1,1,1,0,0,0,0,0,0,0,0,1,0,1,15,0,2,2,1
"4113",900001131,1,1,1,1,0,0,0,0,0,0,0,1,0,0,0,16,0,2,2,1
"4114",900001141,1,0,1,1,0,0,0,0,0,0,0,0,1,0,1,15,0,2,NA,NA
"4115",900001154,1,1,1,1,0,0,0,0,0,0,0,0,1,0,0,16,0,2,2,1
"4116",900001174,1,1,1,1,0,0,0,0,0,0,0,1,0,0,0,15,0,2,2,1
"4117",900001176,1,1,1,1,0,0,0,0,0,0,0,1,0,0,1,15,0,2,2,1
"4118",900001217,1,1,1,1,0,0,0,0,0,0,0,0,1,0,0,15,1,2,2,1
"4119",900001224,1,1,1,1,0,0,0,0,0,0,0,0,1,0,0,16,0,2,2,1
"4120",900001261,1,1,1,1,0,0,0,0,0,0,0,1,0,0,0,15,0,2,2,1
"4121",900001266,1,1,1,1,0,0,0,0,0,0,0,1,0,0,0,15,0,2,2,1
"4122",900001268,1,1,1,1,0,0,0,0,0,0,0,1,0,0,0,16,1,2,2,1
"4123",900001281,1,1,1,1,0,0,0,0,0,0,0,0,1,0,0,15,0,2,2,1
"4124",900001349,1,1,1,1,0,0,0,0,0,0,0,0,1,0,0,16,0,2,2,1
"4125",900001377,1,1,1,1,0,0,0,0,0,0,0,1,0,0,0,15,0,2,2,1
"4126",900001426,1,1,1,1,0,0,0,0,0,0,0,1,0,0,1,16,0,2,2,3
